country,region,hazard_elec_bill,hazard_heat_cool,hazard_bill_struggle,hazard_house_value,hazard_miss_savings,hazard_tax_fines,hazard_power_cuts,composite_score,composite_level,gender,education,activity_status,household_size,location,ethnic_minority,disability,lgbtiqa,political_group,english_proficiency,digital_confidence,citizenship,hh_lives_alone,hh_has_partner,hh_children_under_25,hh_children_25_plus,hh_parent_grandparent,hh_disabled_member,hh_other_relatives,hh_non_relatives,housing_situation,home_type,dwelling_year,rent_arrears,utility_arrears,housing_support,energy_support,energy_improvements,plans_energy_improvements,solar_perception,solar_install_likelihood,can_cover_solar_cost,aware_gov_programmes,issue_poor_insulation,issue_damp_mold,issue_inadequate_heating,issue_high_energy_bills,issue_limited_light,issue_leaking_roof,issue_rotten_frames,home_problems_count,macro_utility_arrears_pct,macro_cold_home_pct,macro_cost_overburden_rate,macro_consumption_expenditure,macro_disposable_income_pps,macro_heating_degree_days,macro_cooling_degree_days,macro_energy_consumption_tj,macro_electricity_consumption,religious_minority,bill_confidence,is_native_born,speaks_national_language,age,age_group,housing_cost_band,income_band,household_type
Ireland,Northern and Western,9,9,4,9,9,4,4,6.857142857142857,1,Woman or Non-binary,"University degree or higher (e.g. Bachelor's, Master's, PhD)","In paid employment or self-employment (including part-time work, temporary absence from work, or helping in a family business)",2,Urban,No,No,No,Yes,Mother tongue / Very well,Very confident — I can do these tasks easily on my own,Non-EU citizen,0,1,0,0,0,0,0,0,I rent the house where I live in (I pay rent every month),"Apartment or flat with less than 10 dwellings – a home in a building with other homes above, below or next to yours",2022 or after,No,No,No,No,Yes,Not applicable,3.0,Not applicable,No,Not applicable,0,0,0,0,0,0,0,0,8.8,4.5,5.3,136200.1,26523.71,1818.53,0.0,106480.447,9.8217,Yes,Confident — I can understand it with some help,No,No,27.0,18-29,3_High,5,"Couple, no children"
Spain,Andalusia,25,25,25,8,25,25,25,22.571428571428573,5,Woman or Non-binary,"University degree or higher (e.g. Bachelor's, Master's, PhD)",Fulfilling domestic tasks and/or caring for children or dependent persons,5,Urban,No,No,No,No,Mother tongue / Very well,Very confident — I can do these tasks easily on my own,Non-EU citizen,0,1,1,0,0,0,0,0,I rent the house where I live in (I pay rent every month),"Apartment or flat with less than 10 dwellings – a home in a building with other homes above, below or next to yours",1981-2000,No,No,No,No,No,Yes,5.0,Not applicable,Yes,Not applicable,1,1,1,1,0,1,0,5,9.2,15.9,7.2,793600.0,132060.5,650.85,612.19,580422.275,5.6424,No/Non-religious,Confident — I can understand it with some help,No,No,44.0,30-44,2_Medium,3,Couple with children
Ireland,Northern and Western,25,25,25,25,16,25,25,23.714285714285715,5,Woman or Non-binary,"University degree or higher (e.g. Bachelor's, Master's, PhD)",Fulfilling domestic tasks and/or caring for children or dependent persons,3,Rural,Yes,No,No,No,Well,Very confident — I can do these tasks easily on my own,Non-EU citizen,0,0,0,0,0,0,0,0,"I live here without paying rent (for example, staying with relatives or friends)",Detached house – a house that stands alone and is not joined to any other,1945-1960,No,No,Yes,Yes,No,I don't know,5.0,Not sure,No,Yes,1,1,1,1,0,1,1,6,8.8,4.5,5.3,136200.1,26523.71,1818.53,0.0,106480.447,9.8217,No/Non-religious,Not at all confident — I find it very difficult to understand my energy bill.,No,Yes,51.0,45-59,1_Low,2,Other shared
Spain,Aragon,20,9,9,3,16,4,1,8.857142857142858,2,Man,"University degree or higher (e.g. Bachelor's, Master's, PhD)","In paid employment or self-employment (including part-time work, temporary absence from work, or helping in a family business)",3,Urban,No,No,No,No,Well,Very confident — I can do these tasks easily on my own,Citizen of this country,0,1,1,0,0,0,0,0,I own the house or flat where I live and I am paying it with a mortgage,"Apartment or flat with less than 10 dwellings – a home in a building with other homes above, below or next to yours",2001-2010,No,No,No,No,Yes,Not applicable,4.0,Not applicable,Yes,Not applicable,1,1,0,1,1,0,0,4,9.2,15.9,7.2,793600.0,29248.5,1270.92,297.18,580422.275,5.6424,No/Non-religious,Very confident — I can understand it easily,Yes,Yes,39.0,30-44,2_Medium,5,Couple with children
Ireland,Eastern and Midland,15,15,9,5,5,12,5,9.428571428571429,2,Man,Primary or Secondary education,Unemployed (actively seeking work or available to start work),2,Urban,No,No,No,No,Well,Very confident — I can do these tasks easily on my own,EU citizen from another country,0,0,1,0,0,0,0,0,I rent the house where I live in (I pay rent every month),Semi-detached house – a house joined to one other house,2001-2010,No,No,No,No,No,I don't know,5.0,Unlikely,Not sure,Not sure,1,0,1,1,1,0,0,4,8.8,4.5,5.3,136200.1,97879.17,1820.78,0.0,106480.447,9.8217,No/Non-religious,Confident — I can understand it with some help,No,No,45.0,45-59,3_High,4,Single parent
Ireland,Eastern and Midland,25,25,25,25,25,25,25,25.0,5,Woman or Non-binary,"University degree or higher (e.g. Bachelor's, Master's, PhD)","In paid employment or self-employment (including part-time work, temporary absence from work, or helping in a family business)",2,Rural,No,Yes,No,No,Mother tongue / Very well,Very confident — I can do these tasks easily on my own,Citizen of this country,0,0,0,0,0,0,0,1,"I live here without paying rent (for example, staying with relatives or friends)",Detached house – a house that stands alone and is not joined to any other,Before 1945,"Yes, twice or more","Yes, twice or more",No,Yes,No,Yes,5.0,Not applicable,No,Not applicable,1,1,1,1,0,1,1,6,8.8,4.5,5.3,136200.1,97879.17,1820.78,0.0,106480.447,9.8217,No/Non-religious,Very confident — I can understand it easily,No,Yes,59.0,45-59,1_Low,2,Other shared
Italy,Lombardy,10,10,1,4,10,1,1,5.285714285714286,1,Woman or Non-binary,"University degree or higher (e.g. Bachelor's, Master's, PhD)","In paid employment or self-employment (including part-time work, temporary absence from work, or helping in a family business)",2,Urban,No,No,Yes,Prefer not to say,Mother tongue / Very well,Very confident — I can do these tasks easily on my own,Citizen of this country,0,1,0,0,0,0,0,0,I own the house or flat where I live and I am paying it with a mortgage,"Apartment or flat with more than 10 dwellings – a home in a building with other homes above, below or next to yours",1981-2000,No,No,No,No,Yes,Not applicable,4.0,Not applicable,Yes,Not applicable,0,1,0,0,0,0,0,1,5.9,8.6,5.0,1257106.0,322158.3,1471.71,214.79,1155020.242,8.7008,No/Non-religious,Confident — I can understand it with some help,Yes,No,30.0,30-44,3_High,9,"Couple, no children"
Italy,Lombardy,16,16,1,6,12,1,1,7.571428571428571,2,Man,"University degree or higher (e.g. Bachelor's, Master's, PhD)","In paid employment or self-employment (including part-time work, temporary absence from work, or helping in a family business)",2,Urban,No,No,No,No,Mother tongue / Very well,Very confident — I can do these tasks easily on my own,Citizen of this country,0,1,0,0,0,0,0,0,I own the house or flat where I live and I do not pay a mortgage,"Apartment or flat with more than 10 dwellings – a home in a building with other homes above, below or next to yours",1945-1960,No,No,No,No,No,I don't know,3.0,Unlikely,Yes,Yes,0,0,0,1,0,0,0,1,5.9,8.6,5.0,1257106.0,322158.3,1471.71,214.79,1155020.242,8.7008,No/Non-religious,Confident — I can understand it with some help,Yes,Yes,53.0,45-59,1_Low,3,"Couple, no children"
Spain,Community of Madrid,16,16,10,6,9,20,8,12.142857142857142,4,Man,"University degree or higher (e.g. Bachelor's, Master's, PhD)","In paid employment or self-employment (including part-time work, temporary absence from work, or helping in a family business)",2,Suburban,Yes,No,No,No,Well,Very confident — I can do these tasks easily on my own,Citizen of this country,0,1,0,0,0,0,0,0,I rent the house where I live in (I pay rent every month),"Apartment or flat with less than 10 dwellings – a home in a building with other homes above, below or next to yours",2001-2010,No,No,No,No,Yes,Not applicable,3.0,Not applicable,Yes,Not applicable,0,0,0,0,0,0,0,0,9.2,15.9,7.2,793600.0,194229.0,1124.85,498.39,580422.275,5.6424,No/Non-religious,Very confident — I can understand it easily,Yes,Yes,25.0,18-29,2_Medium,3,"Couple, no children"
Italy,Lazio,25,25,25,15,9,12,20,18.714285714285715,5,Woman or Non-binary,Further education or training after school (not university),"In paid employment or self-employment (including part-time work, temporary absence from work, or helping in a family business)",1,Rural,No,No,No,No,Mother tongue / Very well,Confident or less confident,Citizen of this country,1,0,0,0,0,0,0,0,"I live here without paying rent (for example, staying with relatives or friends)",Detached house – a house that stands alone and is not joined to any other,1981-2000,No,No,No,No,No,No,3.0,Somewhat unlikely,Not sure,Yes,1,1,1,1,0,0,0,4,5.9,8.6,5.0,1257106.0,150307.6,798.71,361.74,1155020.242,8.7008,No/Non-religious,Not very confident — I often need help or support,Yes,Yes,46.0,45-59,2_Medium,1,Lives alone
Spain,Community of Madrid,20,25,2,1,6,4,1,8.428571428571429,2,Man,"University degree or higher (e.g. Bachelor's, Master's, PhD)","Attending school, university, or other educational/training programmes",2,Urban,No,No,No,No,Well,Very confident — I can do these tasks easily on my own,Citizen of this country,0,1,0,0,0,0,0,0,I rent the house where I live in (I pay rent every month),"Apartment or flat with more than 10 dwellings – a home in a building with other homes above, below or next to yours",2001-2010,No,No,No,No,No,No,5.0,Somewhat likely,Yes,Yes,0,0,0,1,0,0,0,1,9.2,15.9,7.2,793600.0,194229.0,1124.85,498.39,580422.275,5.6424,No/Non-religious,Confident — I can understand it with some help,Yes,No,25.0,18-29,2_Medium,3,"Couple, no children"
Spain,Castile-La Mancha,16,6,16,9,12,20,9,12.571428571428571,4,Woman or Non-binary,Further education or training after school (not university),"In paid employment or self-employment (including part-time work, temporary absence from work, or helping in a family business)",4,Urban,No,Yes,No,No,Well,Confident or less confident,Citizen of this country,0,1,0,1,0,0,0,0,I own the house or flat where I live and I do not pay a mortgage,Terraced house – a house that is part of a row of houses joined together,2001-2010,No,No,No,No,Yes,Not applicable,4.0,Not applicable,Not sure,Not applicable,1,0,1,1,0,0,0,3,9.2,15.9,7.2,793600.0,35454.2,1104.84,509.34,580422.275,5.6424,Yes,Confident — I can understand it with some help,Yes,Yes,60.0,60+,1_Low,4,Couple with children
Spain,Community of Madrid,25,20,9,4,6,16,12,13.142857142857142,4,Woman or Non-binary,"University degree or higher (e.g. Bachelor's, Master's, PhD)","In paid employment or self-employment (including part-time work, temporary absence from work, or helping in a family business)",4,Suburban,No,No,No,No,Mother tongue / Very well,Very confident — I can do these tasks easily on my own,Citizen of this country,0,0,0,0,1,0,1,0,"I live here without paying rent (for example, staying with relatives or friends)","Apartment or flat with less than 10 dwellings – a home in a building with other homes above, below or next to yours",1981-2000,No,No,No,No,Yes,Not applicable,4.0,Not applicable,No,Not applicable,0,0,0,1,0,0,0,1,9.2,15.9,7.2,793600.0,194229.0,1124.85,498.39,580422.275,5.6424,No/Non-religious,Not very confident — I often need help or support,Yes,Yes,27.0,18-29,3_High,4,Multi-generational / extended
Germany,Berlin,25,25,25,1,25,15,5,17.285714285714285,5,Man,"University degree or higher (e.g. Bachelor's, Master's, PhD)","In paid employment or self-employment (including part-time work, temporary absence from work, or helping in a family business)",1,Urban,Yes,No,Yes,No,Well,Very confident — I can do these tasks easily on my own,Citizen of this country,1,0,0,0,0,0,0,0,I rent the house where I live in (I pay rent every month),"Apartment or flat with less than 10 dwellings – a home in a building with other homes above, below or next to yours",1961-1980,No,No,No,No,No,Yes,5.0,Not applicable,No,Not applicable,1,0,0,0,1,0,0,2,4.6,5.7,11.2,1876818.0,122677.83,1750.33,24.56,2215295.198,6.9347,No/Non-religious,Not very confident — I often need help or support,No,No,43.0,30-44,2_Medium,3,Lives alone
Germany,Mecklenburg-Vorpommern,6,12,2,1,9,2,6,5.428571428571429,1,Man,Primary or Secondary education,"In paid employment or self-employment (including part-time work, temporary absence from work, or helping in a family business)",3,Suburban,No,Yes,No,No,Well,Very confident — I can do these tasks easily on my own,Citizen of this country,0,0,0,0,0,0,1,0,I rent the house where I live in (I pay rent every month),"Apartment or flat with less than 10 dwellings – a home in a building with other homes above, below or next to yours",1981-2000,No,No,No,Yes,No,I don't know,4.0,Very likely,No,No,1,1,0,0,0,0,0,2,4.6,5.7,11.2,1876818.0,42247.43,1909.55,8.739999999999998,2215295.198,6.9347,No/Non-religious,Confident — I can understand it with some help,Yes,Yes,30.0,30-44,3_High,4,Multi-generational / extended
Spain,Andalusia,20,20,1,1,1,1,1,6.428571428571429,1,Man,Further education or training after school (not university),"In paid employment or self-employment (including part-time work, temporary absence from work, or helping in a family business)",2,Urban,No,No,No,No,Well,Very confident — I can do these tasks easily on my own,Citizen of this country,0,0,0,0,1,0,0,0,I own the house or flat where I live and I am paying it with a mortgage,"Apartment or flat with less than 10 dwellings – a home in a building with other homes above, below or next to yours",2001-2010,No,No,No,No,Yes,Not applicable,2.0,Not applicable,No,Not applicable,0,0,0,0,0,1,0,1,9.2,15.9,7.2,793600.0,132060.5,650.85,612.19,580422.275,5.6424,No/Non-religious,Very confident — I can understand it easily,Yes,Yes,28.0,18-29,1_Low,3,Multi-generational / extended
Spain,Catalonia,16,16,12,1,12,12,1,10.0,3,Man,"University degree or higher (e.g. Bachelor's, Master's, PhD)","In paid employment or self-employment (including part-time work, temporary absence from work, or helping in a family business)",3,Suburban,No,No,No,No,Mother tongue / Very well,Very confident — I can do these tasks easily on my own,Non-EU citizen,0,1,0,0,0,0,0,0,I rent the house where I live in (I pay rent every month),"Apartment or flat with more than 10 dwellings – a home in a building with other homes above, below or next to yours",1981-2000,No,No,No,No,No,Yes,5.0,Not applicable,Not sure,Not applicable,1,1,0,0,1,0,0,3,9.2,15.9,7.2,793600.0,186166.0,1078.88,341.51,580422.275,5.6424,No/Non-religious,Confident — I can understand it with some help,No,Yes,32.0,30-44,2_Medium,4,"Couple, no children"
Germany,Hannover,16,16,15,3,15,12,3,11.428571428571429,3,Woman or Non-binary,"University degree or higher (e.g. Bachelor's, Master's, PhD)","Attending school, university, or other educational/training programmes",2,Urban,No,Yes,No,No,Mother tongue / Very well,Very confident — I can do these tasks easily on my own,Citizen of this country,0,1,0,0,0,0,0,0,I rent the house where I live in (I pay rent every month),"Apartment or flat with less than 10 dwellings – a home in a building with other homes above, below or next to yours",I don't know,No,No,Yes,Yes,No,No,5.0,Unlikely,No,Not sure,1,0,1,1,0,0,0,3,4.6,5.7,11.2,1876818.0,71168.44,1758.37,19.02,2215295.198,6.9347,No/Non-religious,Confident — I can understand it with some help,Yes,Yes,28.0,18-29,2_Medium,2,"Couple, no children"
Germany,Karlsruhe,10,10,1,1,10,1,1,4.857142857142857,1,Man,"University degree or higher (e.g. Bachelor's, Master's, PhD)","In paid employment or self-employment (including part-time work, temporary absence from work, or helping in a family business)",3,Suburban,No,No,No,No,Mother tongue / Very well,Very confident — I can do these tasks easily on my own,Non-EU citizen,0,1,1,0,0,0,0,0,I rent the house where I live in (I pay rent every month),Detached house – a house that stands alone and is not joined to any other,1961-1980,No,No,No,No,No,Yes,2.0,Not applicable,Not sure,Not applicable,0,1,0,1,0,0,0,2,4.6,5.7,11.2,1876818.0,106148.97,1828.77,45.16,2215295.198,6.9347,No/Non-religious,Confident — I can understand it with some help,No,No,30.0,30-44,3_High,5,Couple with children
Spain,Community of Madrid,12,9,1,16,25,9,4,10.857142857142858,3,Man,Further education or training after school (not university),Other,2,Urban,No,No,No,No,Mother tongue / Very well,Very confident — I can do these tasks easily on my own,Citizen of this country,0,1,0,0,0,0,0,0,"I live here without paying rent (for example, staying with relatives or friends)","Apartment or flat with more than 10 dwellings – a home in a building with other homes above, below or next to yours",2016-2021,No,No,No,No,Yes,Not applicable,5.0,Not applicable,Yes,Not applicable,0,0,0,0,0,0,0,0,9.2,15.9,7.2,793600.0,194229.0,1124.85,498.39,580422.275,5.6424,No/Non-religious,Confident — I can understand it with some help,No,Yes,26.0,18-29,1_Low,6,"Couple, no children"
Portugal,Algarve,12,6,8,6,4,8,5,7.0,1,Man,Primary or Secondary education,"In paid employment or self-employment (including part-time work, temporary absence from work, or helping in a family business)",4,Urban,No,No,No,No,Well,Very confident — I can do these tasks easily on my own,Citizen of this country,0,1,1,0,0,0,0,0,I own the house or flat where I live and I am paying it with a mortgage,"Apartment or flat with more than 10 dwellings – a home in a building with other homes above, below or next to yours",2011-2015,No,No,No,No,No,Yes,3.0,Not applicable,Yes,Not applicable,0,1,0,0,0,0,0,1,3.6,15.6,6.3,166851.3,8654.77,458.96,285.54,128035.143,4.653,No/Non-religious,Very confident — I can understand it easily,Yes,Yes,48.0,45-59,2_Medium,4,Couple with children
Spain,Galicia,12,16,4,12,16,4,6,10.0,3,Man,Further education or training after school (not university),"In paid employment or self-employment (including part-time work, temporary absence from work, or helping in a family business)",1,Urban,No,No,No,No,Well,Very confident — I can do these tasks easily on my own,Citizen of this country,1,0,0,0,0,0,0,0,I own the house or flat where I live and I am paying it with a mortgage,"Apartment or flat with more than 10 dwellings – a home in a building with other homes above, below or next to yours",1961-1980,No,No,No,No,No,Yes,5.0,Not applicable,Yes,Not applicable,1,1,0,0,0,0,0,2,9.2,15.9,7.2,793600.0,49230.2,1111.35,78.06,580422.275,5.6424,No/Non-religious,Confident — I can understand it with some help,Yes,Yes,39.0,30-44,1_Low,3,Lives alone
Portugal,Centre,6,16,1,9,9,9,3,7.571428571428571,2,Man,"University degree or higher (e.g. Bachelor's, Master's, PhD)","In paid employment or self-employment (including part-time work, temporary absence from work, or helping in a family business)",3,Urban,Yes,No,No,Yes,Well,Very confident — I can do these tasks easily on my own,Citizen of this country,0,1,1,0,0,0,0,0,I rent the house where I live in (I pay rent every month),"Apartment or flat with less than 10 dwellings – a home in a building with other homes above, below or next to yours",I don't know,No,No,No,No,No,Yes,5.0,Not applicable,Yes,Not applicable,1,0,1,0,0,0,0,2,3.6,15.6,6.3,166851.3,23583.85,853.61,285.82,128035.143,4.653,Yes,Very confident — I can understand it easily,No,No,37.0,30-44,2_Medium,3,Couple with children
Portugal,Lisbon Metropolitan Area,25,25,25,8,15,25,16,19.857142857142858,5,Woman or Non-binary,"University degree or higher (e.g. Bachelor's, Master's, PhD)","In paid employment or self-employment (including part-time work, temporary absence from work, or helping in a family business)",2,Urban,No,Yes,Yes,No,Mother tongue / Very well,Very confident — I can do these tasks easily on my own,Citizen of this country,0,1,0,0,0,0,0,0,I rent the house where I live in (I pay rent every month),"Apartment or flat with less than 10 dwellings – a home in a building with other homes above, below or next to yours",2016-2021,"Yes, twice or more","Yes, twice or more",No,No,I don't know,No,5.0,Somewhat likely,Not sure,No,1,1,0,1,0,0,0,3,3.6,15.6,6.3,166851.3,42468.37,446.16,91.69,128035.143,4.653,No/Non-religious,Confident — I can understand it with some help,Yes,Yes,33.0,30-44,3_High,2,"Couple, no children"
Spain,Catalonia,25,25,25,3,15,25,25,20.428571428571427,5,Man,"University degree or higher (e.g. Bachelor's, Master's, PhD)","In paid employment or self-employment (including part-time work, temporary absence from work, or helping in a family business)",6,Urban,No,No,No,No,Well,Very confident — I can do these tasks easily on my own,Citizen of this country,0,0,1,0,0,0,0,0,I rent the house where I live in (I pay rent every month),"Apartment or flat with more than 10 dwellings – a home in a building with other homes above, below or next to yours",1981-2000,No,"Yes, twice or more",No,No,No,Yes,5.0,Not applicable,Not sure,Not applicable,0,0,0,1,0,0,0,1,9.2,15.9,7.2,793600.0,186166.0,1078.88,341.51,580422.275,5.6424,No/Non-religious,Not very confident — I often need help or support,No,No,50.0,45-59,3_High,3,Single parent
Spain,Galicia,25,20,16,20,20,25,25,21.571428571428573,5,Woman or Non-binary,"University degree or higher (e.g. Bachelor's, Master's, PhD)","In paid employment or self-employment (including part-time work, temporary absence from work, or helping in a family business)",2,Suburban,No,No,No,No,Mother tongue / Very well,Very confident — I can do these tasks easily on my own,Non-EU citizen,0,1,0,0,0,0,0,0,I rent the house where I live in (I pay rent every month),"Apartment or flat with more than 10 dwellings – a home in a building with other homes above, below or next to yours",2016-2021,No,"Yes, once",Yes,No,Yes,Not applicable,5.0,Not applicable,Yes,Not applicable,0,0,0,1,0,0,0,1,9.2,15.9,7.2,793600.0,49230.2,1111.35,78.06,580422.275,5.6424,No/Non-religious,Very confident — I can understand it easily,No,No,35.0,30-44,2_Medium,5,"Couple, no children"
Spain,Community of Madrid,12,9,12,4,4,9,4,7.714285714285714,2,Man,Further education or training after school (not university),"In paid employment or self-employment (including part-time work, temporary absence from work, or helping in a family business)",2,Urban,No,No,No,No,Well,Very confident — I can do these tasks easily on my own,Citizen of this country,0,0,0,0,0,0,0,0,I own the house or flat where I live and I am paying it with a mortgage,"Apartment or flat with more than 10 dwellings – a home in a building with other homes above, below or next to yours",2001-2010,No,No,No,Yes,Yes,Not applicable,2.0,Not applicable,Not sure,Not applicable,1,0,0,1,1,0,0,3,9.2,15.9,7.2,793600.0,194229.0,1124.85,498.39,580422.275,5.6424,No/Non-religious,Confident — I can understand it with some help,Yes,Yes,48.0,45-59,3_High,4,Other shared
Germany,Weser-Ems,20,20,10,8,9,12,10,12.714285714285714,4,Man,"University degree or higher (e.g. Bachelor's, Master's, PhD)","In paid employment or self-employment (including part-time work, temporary absence from work, or helping in a family business)",2,Rural,No,No,No,No,Mother tongue / Very well,Very confident — I can do these tasks easily on my own,Citizen of this country,0,1,0,0,0,0,0,0,I own the house or flat where I live and I am paying it with a mortgage,Detached house – a house that stands alone and is not joined to any other,1981-2000,No,No,No,No,Yes,Not applicable,4.0,Not applicable,Yes,Not applicable,0,0,0,0,1,0,0,1,4.6,5.7,11.2,1876818.0,83704.01,1729.38,11.01,2215295.198,6.9347,No/Non-religious,Confident — I can understand it with some help,Yes,Yes,40.0,30-44,3_High,7,"Couple, no children"
Germany,Upper Bavaria,20,20,9,2,12,16,6,12.142857142857142,4,Woman or Non-binary,"University degree or higher (e.g. Bachelor's, Master's, PhD)","In paid employment or self-employment (including part-time work, temporary absence from work, or helping in a family business)",2,Urban,Yes,No,Yes,No,Well,Very confident — I can do these tasks easily on my own,Non-EU citizen,0,1,0,0,0,0,0,0,I rent the house where I live in (I pay rent every month),"Apartment or flat with more than 10 dwellings – a home in a building with other homes above, below or next to yours",2022 or after,No,No,No,No,No,No,3.0,Likely,Not sure,Not sure,0,1,0,0,0,0,0,1,4.6,5.7,11.2,1876818.0,2903658.0,1919.09,19.17,2215295.198,6.9347,No/Non-religious,Another person is in charge of reading and/or paying the energy bill.,No,No,30.0,30-44,3_High,3,"Couple, no children"
Spain,Castile and León,8,12,4,16,16,9,4,9.857142857142858,3,Woman or Non-binary,"University degree or higher (e.g. Bachelor's, Master's, PhD)","In paid employment or self-employment (including part-time work, temporary absence from work, or helping in a family business)",4,Rural,No,No,No,No,Well,Very confident — I can do these tasks easily on my own,Citizen of this country,0,1,1,0,0,0,0,0,I own the house or flat where I live and I do not pay a mortgage,"Apartment or flat with less than 10 dwellings – a home in a building with other homes above, below or next to yours",1961-1980,No,No,No,No,Yes,Not applicable,5.0,Not applicable,Yes,Not applicable,1,0,1,1,0,0,0,3,9.2,15.9,7.2,793600.0,982455.0,1049.85,386.85,580422.275,5.6424,No/Non-religious,Not very confident — I often need help or support,Yes,Yes,46.0,45-59,1_Low,8,Couple with children
Germany,Stuttgart,20,16,20,16,9,4,8,13.285714285714286,4,Man,"University degree or higher (e.g. Bachelor's, Master's, PhD)",Unemployed (actively seeking work or available to start work),2,Urban,No,No,No,No,Mother tongue / Very well,Very confident — I can do these tasks easily on my own,Non-EU citizen,0,1,0,0,0,0,0,0,I rent the house where I live in (I pay rent every month),"Apartment or flat with less than 10 dwellings – a home in a building with other homes above, below or next to yours",2022 or after,No,No,No,Yes,I don't know,No,5.0,Very likely,No,No,0,1,0,0,1,0,0,2,4.6,5.7,11.2,1876818.0,167717.96,1921.95,31.71,2215295.198,6.9347,No/Non-religious,Not very confident — I often need help or support,No,No,35.0,30-44,3_High,6,"Couple, no children"
Germany,Leipzig,6,12,10,3,6,2,10,7.0,1,Man,Primary or Secondary education,"Attending school, university, or other educational/training programmes",1,Urban,No,No,No,No,Well,Confident or less confident,Citizen of this country,1,0,0,0,0,0,0,0,I rent the house where I live in (I pay rent every month),"Apartment or flat with less than 10 dwellings – a home in a building with other homes above, below or next to yours",1961-1980,No,No,No,No,No,No,5.0,Not sure,Not sure,Yes,0,0,1,0,0,0,0,1,4.6,5.7,11.2,1876818.0,30298.17,1855.38,19.36,2215295.198,6.9347,No/Non-religious,Confident — I can understand it with some help,Yes,Yes,24.0,18-29,1_Low,1,Lives alone
Portugal,Lisbon Metropolitan Area,12,8,16,1,9,9,9,9.142857142857142,2,Woman or Non-binary,"University degree or higher (e.g. Bachelor's, Master's, PhD)","In paid employment or self-employment (including part-time work, temporary absence from work, or helping in a family business)",2,Suburban,No,No,No,No,Well,Very confident — I can do these tasks easily on my own,Citizen of this country,0,1,0,0,0,0,0,0,I own the house or flat where I live and I am paying it with a mortgage,"Apartment or flat with more than 10 dwellings – a home in a building with other homes above, below or next to yours",2022 or after,No,No,No,Yes,No,No,3.0,Unlikely,Not sure,Yes,1,1,0,0,0,0,0,2,3.6,15.6,6.3,166851.3,42468.37,446.16,91.69,128035.143,4.653,No/Non-religious,Confident — I can understand it with some help,Yes,Yes,30.0,30-44,3_High,3,"Couple, no children"
Spain,Catalonia,16,12,9,16,16,25,6,14.285714285714286,4,Man,Further education or training after school (not university),"Attending school, university, or other educational/training programmes",6,Urban,No,No,No,Yes,Well,Very confident — I can do these tasks easily on my own,Citizen of this country,0,0,0,0,1,0,1,0,"I live here without paying rent (for example, staying with relatives or friends)","Apartment or flat with less than 10 dwellings – a home in a building with other homes above, below or next to yours",1981-2000,No,No,No,No,No,Yes,4.0,Not applicable,Yes,Not applicable,0,1,0,0,0,1,0,2,9.2,15.9,7.2,793600.0,186166.0,1078.88,341.51,580422.275,5.6424,No/Non-religious,Confident — I can understand it with some help,Yes,No,19.0,18-29,3_High,5,Multi-generational / extended
Italy,Sardinia,20,25,12,8,1,2,15,11.857142857142858,4,Woman or Non-binary,"University degree or higher (e.g. Bachelor's, Master's, PhD)","In paid employment or self-employment (including part-time work, temporary absence from work, or helping in a family business)",2,Rural,No,Yes,No,Prefer not to say,Well,Very confident — I can do these tasks easily on my own,Citizen of this country,0,1,0,0,0,0,0,0,I rent the house where I live in (I pay rent every month),"Apartment or flat with less than 10 dwellings – a home in a building with other homes above, below or next to yours",I don't know,No,No,No,No,No,No,3.0,Somewhat unlikely,No,Not sure,1,1,0,0,0,1,1,4,5.9,8.6,5.0,1257106.0,28698.6,601.4699999999999,423.04,1155020.242,8.7008,No/Non-religious,Confident — I can understand it with some help,Yes,Yes,47.0,45-59,1_Low,2,"Couple, no children"
Spain,Catalonia,25,25,16,6,20,25,20,19.571428571428573,5,Woman or Non-binary,"University degree or higher (e.g. Bachelor's, Master's, PhD)",Unemployed (actively seeking work or available to start work),2,Urban,No,Yes,No,No,Well,Very confident — I can do these tasks easily on my own,Citizen of this country,0,1,0,0,0,0,0,0,I rent the house where I live in (I pay rent every month),"Apartment or flat with more than 10 dwellings – a home in a building with other homes above, below or next to yours",2001-2010,"Yes, twice or more","Yes, twice or more",No,No,Yes,Not applicable,5.0,Not applicable,No,Not applicable,1,0,1,1,0,0,1,4,9.2,15.9,7.2,793600.0,186166.0,1078.88,341.51,580422.275,5.6424,No/Non-religious,Confident — I can understand it with some help,Yes,Yes,36.0,30-44,2_Medium,2,"Couple, no children"
Portugal,Lisbon Metropolitan Area,8,8,10,3,6,8,10,7.571428571428571,2,Woman or Non-binary,Further education or training after school (not university),"In paid employment or self-employment (including part-time work, temporary absence from work, or helping in a family business)",2,Suburban,No,No,No,No,Well,Very confident — I can do these tasks easily on my own,Citizen of this country,0,1,0,0,0,0,0,0,I own the house or flat where I live and I am paying it with a mortgage,"Apartment or flat with less than 10 dwellings – a home in a building with other homes above, below or next to yours",1961-1980,No,No,No,No,Yes,Not applicable,4.0,Not applicable,Yes,Not applicable,1,1,1,1,0,0,1,5,3.6,15.6,6.3,166851.3,42468.37,446.16,91.69,128035.143,4.653,No/Non-religious,Confident — I can understand it with some help,Yes,Yes,29.0,18-29,3_High,6,"Couple, no children"
Spain,Andalusia,15,15,1,2,8,12,10,9.0,2,Man,"University degree or higher (e.g. Bachelor's, Master's, PhD)","In paid employment or self-employment (including part-time work, temporary absence from work, or helping in a family business)",1,Urban,No,No,No,No,Well,Very confident — I can do these tasks easily on my own,Citizen of this country,1,0,0,0,0,0,0,0,I rent the house where I live in (I pay rent every month),"Apartment or flat with more than 10 dwellings – a home in a building with other homes above, below or next to yours",2011-2015,No,No,No,No,No,I don't know,5.0,Unlikely,Yes,Not sure,0,0,0,1,0,0,0,1,9.2,15.9,7.2,793600.0,132060.5,650.85,612.19,580422.275,5.6424,No/Non-religious,Confident — I can understand it with some help,Yes,Yes,28.0,18-29,2_Medium,4,Lives alone
Portugal,Norte,16,16,4,9,16,4,4,9.857142857142858,3,Woman or Non-binary,"University degree or higher (e.g. Bachelor's, Master's, PhD)","In paid employment or self-employment (including part-time work, temporary absence from work, or helping in a family business)",2,Urban,No,Yes,Yes,No,Well,Very confident — I can do these tasks easily on my own,Citizen of this country,0,1,0,0,0,0,0,0,I own the house or flat where I live and I do not pay a mortgage,"Apartment or flat with more than 10 dwellings – a home in a building with other homes above, below or next to yours",2001-2010,No,No,No,No,Yes,Not applicable,5.0,Not applicable,Not sure,Not applicable,0,1,0,1,1,1,0,4,3.6,15.6,6.3,166851.3,51301.77,1038.89,227.41,128035.143,4.653,No/Non-religious,Confident — I can understand it with some help,Yes,Yes,27.0,18-29,1_Low,2,"Couple, no children"
Spain,Canary Islands,16,16,6,3,15,4,1,8.714285714285714,2,Man,"University degree or higher (e.g. Bachelor's, Master's, PhD)",Unemployed (actively seeking work or available to start work),2,Urban,No,No,No,No,Mother tongue / Very well,Very confident — I can do these tasks easily on my own,Citizen of this country,0,1,0,0,0,0,0,0,I rent the house where I live in (I pay rent every month),"Apartment or flat with less than 10 dwellings – a home in a building with other homes above, below or next to yours",1961-1980,No,No,No,No,No,I don't know,5.0,Likely,Not sure,Not sure,1,1,0,0,0,0,1,3,9.2,15.9,7.2,793600.0,37496.4,31.51,196.1,580422.275,5.6424,No/Non-religious,Not very confident — I often need help or support,Yes,Yes,29.0,18-29,2_Medium,2,"Couple, no children"
Spain,Andalusia,16,16,9,12,9,9,9,11.428571428571429,3,Woman or Non-binary,"University degree or higher (e.g. Bachelor's, Master's, PhD)","In paid employment or self-employment (including part-time work, temporary absence from work, or helping in a family business)",1,Urban,No,No,Yes,No,Well,Very confident — I can do these tasks easily on my own,Citizen of this country,1,0,0,0,0,0,0,0,I own the house or flat where I live and I do not pay a mortgage,"Apartment or flat with more than 10 dwellings – a home in a building with other homes above, below or next to yours",1961-1980,No,No,No,No,Yes,Not applicable,4.0,Not applicable,Not sure,Not applicable,1,1,1,0,1,0,0,4,9.2,15.9,7.2,793600.0,132060.5,650.85,612.19,580422.275,5.6424,No/Non-religious,Very confident — I can understand it easily,Yes,Yes,53.0,45-59,1_Low,2,Lives alone
Germany,Berlin,15,15,10,1,1,1,1,6.285714285714286,1,Man,"University degree or higher (e.g. Bachelor's, Master's, PhD)","Attending school, university, or other educational/training programmes",3,Urban,No,No,Yes,No,Well,Very confident — I can do these tasks easily on my own,Citizen of this country,0,0,0,0,1,0,0,0,"I live here without paying rent (for example, staying with relatives or friends)","Apartment or flat with more than 10 dwellings – a home in a building with other homes above, below or next to yours",1961-1980,No,No,No,No,I don't know,No,4.0,Likely,Yes,Yes,0,0,0,0,0,0,0,0,4.6,5.7,11.2,1876818.0,122677.83,1750.33,24.56,2215295.198,6.9347,No/Non-religious,Confident — I can understand it with some help,Yes,No,28.0,18-29,3_High,1,Multi-generational / extended
Germany,Berlin,12,12,5,4,16,4,10,9.0,2,Woman or Non-binary,"University degree or higher (e.g. Bachelor's, Master's, PhD)","In paid employment or self-employment (including part-time work, temporary absence from work, or helping in a family business)",5,Urban,No,No,No,No,Mother tongue / Very well,Very confident — I can do these tasks easily on my own,Citizen of this country,0,1,1,0,0,0,0,0,I own the house or flat where I live and I am paying it with a mortgage,"Apartment or flat with more than 10 dwellings – a home in a building with other homes above, below or next to yours",Before 1945,No,No,No,No,No,I don't know,4.0,Very likely,Yes,Yes,0,0,0,0,0,0,0,0,4.6,5.7,11.2,1876818.0,122677.83,1750.33,24.56,2215295.198,6.9347,No/Non-religious,Confident — I can understand it with some help,Yes,Yes,37.0,30-44,3_High,9,Couple with children
Portugal,Norte,16,16,16,16,16,16,9,15.0,5,Man,"University degree or higher (e.g. Bachelor's, Master's, PhD)","In paid employment or self-employment (including part-time work, temporary absence from work, or helping in a family business)",5,Suburban,No,No,No,No,Not very well or worse,Very confident — I can do these tasks easily on my own,Citizen of this country,0,0,0,0,1,0,0,0,I own the house or flat where I live and I do not pay a mortgage,Detached house – a house that stands alone and is not joined to any other,1961-1980,No,No,No,No,No,Yes,5.0,Not applicable,No,Not applicable,1,1,1,1,0,1,0,5,3.6,15.6,6.3,166851.3,51301.77,1038.89,227.41,128035.143,4.653,No/Non-religious,Confident — I can understand it with some help,Yes,Yes,62.0,60+,1_Low,2,Multi-generational / extended
Spain,Catalonia,9,12,12,4,16,12,8,10.428571428571429,3,Man,Further education or training after school (not university),Unemployed (actively seeking work or available to start work),2,Urban,No,No,No,No,Not very well or worse,Very confident — I can do these tasks easily on my own,Citizen of this country,0,1,0,0,0,0,0,0,"I live here without paying rent (for example, staying with relatives or friends)","Apartment or flat with less than 10 dwellings – a home in a building with other homes above, below or next to yours",1981-2000,No,No,No,No,No,I don't know,5.0,Very likely,No,Not sure,1,0,0,1,0,0,0,2,9.2,15.9,7.2,793600.0,186166.0,1078.88,341.51,580422.275,5.6424,No/Non-religious,Very confident — I can understand it easily,Yes,Yes,35.0,30-44,3_High,2,"Couple, no children"
Germany,Brandenburg,6,6,6,20,12,12,6,9.714285714285714,3,Woman or Non-binary,"University degree or higher (e.g. Bachelor's, Master's, PhD)",Unemployed (actively seeking work or available to start work),2,Suburban,Yes,No,No,No,Well,Very confident — I can do these tasks easily on my own,Non-EU citizen,0,1,0,0,0,0,0,0,I rent the house where I live in (I pay rent every month),"Apartment or flat with less than 10 dwellings – a home in a building with other homes above, below or next to yours",1981-2000,No,No,No,No,I don't know,No,5.0,Likely,No,Yes,0,1,0,0,0,0,0,1,4.6,5.7,11.2,1876818.0,74507.03,1875.22,14.89,2215295.198,6.9347,Yes,Confident — I can understand it with some help,No,No,30.0,30-44,2_Medium,4,"Couple, no children"
Italy,Campania,6,9,8,20,25,6,2,10.857142857142858,3,Man,Further education or training after school (not university),Unemployed (actively seeking work or available to start work),5,Urban,No,No,No,No,Mother tongue / Very well,Very confident — I can do these tasks easily on my own,Citizen of this country,0,0,0,0,1,0,0,0,I own the house or flat where I live and I am paying it with a mortgage,"Apartment or flat with less than 10 dwellings – a home in a building with other homes above, below or next to yours",1961-1980,No,No,No,No,No,No,5.0,Very likely,Yes,Not sure,0,1,0,0,0,0,0,1,5.9,8.6,5.0,1257106.0,91275.5,789.5600000000001,320.4,1155020.242,8.7008,No/Non-religious,Confident — I can understand it with some help,Yes,Yes,29.0,18-29,2_Medium,2,Multi-generational / extended
Portugal,Alentejo,20,20,12,1,20,1,1,10.714285714285714,3,Man,"University degree or higher (e.g. Bachelor's, Master's, PhD)","In paid employment or self-employment (including part-time work, temporary absence from work, or helping in a family business)",3,Suburban,No,Yes,Yes,No,Mother tongue / Very well,Very confident — I can do these tasks easily on my own,Citizen of this country,0,0,0,0,1,0,0,0,I own the house or flat where I live and I do not pay a mortgage,Terraced house – a house that is part of a row of houses joined together,1981-2000,No,No,No,No,Yes,Not applicable,5.0,Not applicable,No,Not applicable,0,0,0,1,0,0,0,1,3.6,15.6,6.3,166851.3,7519.79,581.44,404.7500000000001,128035.143,4.653,No/Non-religious,Confident — I can understand it with some help,Yes,Yes,30.0,30-44,1_Low,1,Multi-generational / extended
Portugal,Algarve,10,10,10,6,6,10,10,8.857142857142858,2,Woman or Non-binary,"University degree or higher (e.g. Bachelor's, Master's, PhD)","In paid employment or self-employment (including part-time work, temporary absence from work, or helping in a family business)",2,Urban,No,No,No,No,Well,Very confident — I can do these tasks easily on my own,Citizen of this country,0,1,0,0,0,0,0,0,I own the house or flat where I live and I am paying it with a mortgage,"Apartment or flat with more than 10 dwellings – a home in a building with other homes above, below or next to yours",2001-2010,No,No,No,No,No,I don't know,5.0,Somewhat likely,Yes,No,0,1,0,0,0,0,0,1,3.6,15.6,6.3,166851.3,8654.77,458.96,285.54,128035.143,4.653,No/Non-religious,Very confident — I can understand it easily,Yes,Yes,50.0,45-59,1_Low,3,"Couple, no children"
Portugal,Centre,16,9,1,2,12,1,1,6.0,1,Woman or Non-binary,"University degree or higher (e.g. Bachelor's, Master's, PhD)","In paid employment or self-employment (including part-time work, temporary absence from work, or helping in a family business)",2,Suburban,No,No,No,No,Well,Confident or less confident,Citizen of this country,0,1,0,0,0,0,0,0,I own the house or flat where I live and I am paying it with a mortgage,Detached house – a house that stands alone and is not joined to any other,1981-2000,No,No,No,No,No,Yes,5.0,Not applicable,Yes,Not applicable,1,1,1,0,0,0,0,3,3.6,15.6,6.3,166851.3,23583.85,853.61,285.82,128035.143,4.653,No/Non-religious,Confident — I can understand it with some help,Yes,Yes,34.0,30-44,2_Medium,5,"Couple, no children"
Germany,Upper Bavaria,9,20,20,9,6,6,4,10.571428571428571,3,Woman or Non-binary,Further education or training after school (not university),"In paid employment or self-employment (including part-time work, temporary absence from work, or helping in a family business)",1,Rural,No,Yes,Yes,Yes,Well,Very confident — I can do these tasks easily on my own,Citizen of this country,1,0,0,0,0,0,0,0,I rent the house where I live in (I pay rent every month),"Apartment or flat with less than 10 dwellings – a home in a building with other homes above, below or next to yours",1981-2000,"Yes, twice or more","Yes, once",No,No,I don't know,I don't know,3.0,Likely,No,Not sure,1,0,1,0,0,0,1,3,4.6,5.7,11.2,1876818.0,2903658.0,1919.09,19.17,2215295.198,6.9347,No/Non-religious,Very confident — I can understand it easily,Yes,Yes,24.0,18-29,2_Medium,1,Lives alone
Spain,Catalonia,25,9,25,9,25,12,6,15.857142857142858,5,Man,"University degree or higher (e.g. Bachelor's, Master's, PhD)","Attending school, university, or other educational/training programmes",1,Urban,No,No,No,No,Well,Very confident — I can do these tasks easily on my own,Citizen of this country,1,0,0,0,0,0,0,0,I rent the house where I live in (I pay rent every month),"Apartment or flat with more than 10 dwellings – a home in a building with other homes above, below or next to yours",2001-2010,No,No,Yes,Yes,I don't know,Yes,4.0,Not applicable,Yes,Not applicable,0,0,1,1,0,0,0,2,9.2,15.9,7.2,793600.0,186166.0,1078.88,341.51,580422.275,5.6424,No/Non-religious,Confident — I can understand it with some help,Yes,Yes,19.0,18-29,2_Medium,3,Lives alone
Spain,Andalusia,20,25,9,4,25,16,4,14.714285714285714,4,Woman or Non-binary,"University degree or higher (e.g. Bachelor's, Master's, PhD)","In paid employment or self-employment (including part-time work, temporary absence from work, or helping in a family business)",4,Suburban,No,No,No,No,Well,Very confident — I can do these tasks easily on my own,Citizen of this country,0,1,1,0,0,0,0,0,I own the house or flat where I live and I am paying it with a mortgage,Terraced house – a house that is part of a row of houses joined together,2011-2015,No,No,No,No,I don't know,I don't know,3.0,Somewhat likely,Yes,Yes,0,1,0,0,0,0,0,1,9.2,15.9,7.2,793600.0,132060.5,650.85,612.19,580422.275,5.6424,No/Non-religious,Confident — I can understand it with some help,Yes,Yes,38.0,30-44,2_Medium,5,Couple with children
Germany,Upper Bavaria,25,25,20,15,25,12,12,19.142857142857142,5,Man,"University degree or higher (e.g. Bachelor's, Master's, PhD)","In paid employment or self-employment (including part-time work, temporary absence from work, or helping in a family business)",2,Rural,No,No,No,No,Mother tongue / Very well,Very confident — I can do these tasks easily on my own,Citizen of this country,0,1,0,0,0,0,0,0,I rent the house where I live in (I pay rent every month),"Apartment or flat with less than 10 dwellings – a home in a building with other homes above, below or next to yours",2011-2015,No,No,No,No,No,Yes,5.0,Not applicable,Not sure,Not applicable,0,0,0,1,0,0,0,1,4.6,5.7,11.2,1876818.0,2903658.0,1919.09,19.17,2215295.198,6.9347,No/Non-religious,Confident — I can understand it with some help,Yes,Yes,61.0,60+,3_High,3,"Couple, no children"
Italy,Umbria,12,20,4,3,12,4,4,8.428571428571429,2,Man,Primary or Secondary education,"In paid employment or self-employment (including part-time work, temporary absence from work, or helping in a family business)",1,Urban,No,No,No,No,Well,Very confident — I can do these tasks easily on my own,Citizen of this country,1,0,0,0,0,0,0,0,I rent the house where I live in (I pay rent every month),"Apartment or flat with more than 10 dwellings – a home in a building with other homes above, below or next to yours",1981-2000,No,No,No,No,No,Yes,4.0,Not applicable,Yes,Not applicable,0,0,0,0,0,0,0,0,5.9,8.6,5.0,1257106.0,19650.7,1081.16,249.17,1155020.242,8.7008,No/Non-religious,Confident — I can understand it with some help,Yes,Yes,67.0,60+,1_Low,4,Lives alone
Spain,Community of Madrid,6,4,9,12,16,20,12,11.285714285714286,3,Man,"University degree or higher (e.g. Bachelor's, Master's, PhD)","In paid employment or self-employment (including part-time work, temporary absence from work, or helping in a family business)",2,Urban,No,No,No,No,Mother tongue / Very well,Very confident — I can do these tasks easily on my own,Citizen of this country,0,1,0,0,0,0,0,0,I own the house or flat where I live and I do not pay a mortgage,Semi-detached house – a house joined to one other house,2016-2021,No,No,No,No,Yes,Not applicable,40000.0,Not applicable,Not sure,Not applicable,0,0,0,0,1,0,0,1,9.2,15.9,7.2,793600.0,194229.0,1124.85,498.39,580422.275,5.6424,No/Non-religious,Confident — I can understand it with some help,Yes,No,31.0,30-44,3_High,7,"Couple, no children"
Italy,Campania,25,25,9,8,20,25,16,18.285714285714285,5,Man,"University degree or higher (e.g. Bachelor's, Master's, PhD)","Attending school, university, or other educational/training programmes",4,Urban,Yes,No,No,No,Mother tongue / Very well,Very confident — I can do these tasks easily on my own,Non-EU citizen,0,0,0,0,0,0,0,1,I rent the house where I live in (I pay rent every month),"Apartment or flat with more than 10 dwellings – a home in a building with other homes above, below or next to yours",I don't know,"Yes, twice or more","Yes, twice or more",No,No,Yes,Not applicable,4.0,Not applicable,Not sure,Not applicable,1,0,0,0,0,0,0,1,5.9,8.6,5.0,1257106.0,91275.5,789.5600000000001,320.4,1155020.242,8.7008,No/Non-religious,Another person is in charge of reading and/or paying the energy bill.,No,No,27.0,18-29,1_Low,1,Other shared
Italy,Piedmont,25,15,25,9,9,9,3,13.571428571428571,4,Man,Primary or Secondary education,Unemployed (actively seeking work or available to start work),1,Rural,No,No,No,No,Not very well or worse,Very confident — I can do these tasks easily on my own,Citizen of this country,1,0,0,0,0,0,0,0,I own the house or flat where I live and I do not pay a mortgage,"Apartment or flat with less than 10 dwellings – a home in a building with other homes above, below or next to yours",1961-1980,No,"Yes, twice or more",Yes,Yes,No,I don't know,5.0,Very unlikely,No,Not sure,0,1,0,0,0,0,0,1,5.9,8.6,5.0,1257106.0,115962.7,1658.0,142.32,1155020.242,8.7008,No/Non-religious,Very confident — I can understand it easily,Yes,No,50.0,45-59,1_Low,1,Lives alone
Spain,Andalusia,25,25,4,9,12,4,1,11.428571428571429,3,Man,Primary or Secondary education,"In paid employment or self-employment (including part-time work, temporary absence from work, or helping in a family business)",3,Urban,No,No,No,No,Not very well or worse,Very confident — I can do these tasks easily on my own,Citizen of this country,0,1,1,0,0,0,0,0,I own the house or flat where I live and I do not pay a mortgage,"Apartment or flat with less than 10 dwellings – a home in a building with other homes above, below or next to yours",1981-2000,No,No,No,Yes,No,No,4.0,Likely,Yes,Yes,1,0,0,1,0,0,0,2,9.2,15.9,7.2,793600.0,132060.5,650.85,612.19,580422.275,5.6424,No/Non-religious,Confident — I can understand it with some help,Yes,Yes,61.0,60+,1_Low,4,Couple with children
Spain,Basque Country,12,16,15,9,9,4,4,9.857142857142858,3,Woman or Non-binary,"University degree or higher (e.g. Bachelor's, Master's, PhD)","In paid employment or self-employment (including part-time work, temporary absence from work, or helping in a family business)",2,Urban,No,No,Yes,No,Mother tongue / Very well,Very confident — I can do these tasks easily on my own,Citizen of this country,0,0,0,0,0,0,1,0,I rent the house where I live in (I pay rent every month),"Apartment or flat with more than 10 dwellings – a home in a building with other homes above, below or next to yours",1961-1980,No,No,Yes,No,No,No,2.0,Unlikely,Not sure,Yes,0,1,0,0,0,0,0,1,9.2,15.9,7.2,793600.0,56759.7,1017.59,98.14,580422.275,5.6424,No/Non-religious,Not very confident — I often need help or support,Yes,No,29.0,18-29,2_Medium,4,Multi-generational / extended
Italy,Piedmont,12,9,4,12,8,6,1,7.428571428571429,2,Man,Further education or training after school (not university),"In paid employment or self-employment (including part-time work, temporary absence from work, or helping in a family business)",4,Urban,No,No,No,No,Well,Very confident — I can do these tasks easily on my own,Citizen of this country,0,1,1,1,0,0,0,0,I own the house or flat where I live and I am paying it with a mortgage,"Apartment or flat with more than 10 dwellings – a home in a building with other homes above, below or next to yours",2001-2010,No,No,No,No,Yes,Not applicable,4.0,Not applicable,Yes,Not applicable,1,0,1,0,0,0,0,2,5.9,8.6,5.0,1257106.0,115962.7,1658.0,142.32,1155020.242,8.7008,No/Non-religious,Confident — I can understand it with some help,Yes,Yes,50.0,45-59,2_Medium,7,Couple with children
Italy,Veneto,12,12,20,6,15,10,5,11.428571428571429,3,Man,"University degree or higher (e.g. Bachelor's, Master's, PhD)",Unemployed (actively seeking work or available to start work),3,Rural,No,No,No,No,Mother tongue / Very well,Very confident — I can do these tasks easily on my own,Citizen of this country,0,0,0,0,1,0,0,0,I own the house or flat where I live and I do not pay a mortgage,"Apartment or flat with more than 10 dwellings – a home in a building with other homes above, below or next to yours",1981-2000,No,No,No,No,Yes,Not applicable,5.0,Not applicable,Yes,Not applicable,0,0,0,1,0,0,0,1,5.9,8.6,5.0,1257106.0,131344.4,1383.24,196.68,1155020.242,8.7008,No/Non-religious,Another person is in charge of reading and/or paying the energy bill.,Yes,Yes,25.0,18-29,1_Low,4,Multi-generational / extended
Italy,Campania,25,20,12,9,16,10,5,13.857142857142858,4,Man,Primary or Secondary education,Unemployed (actively seeking work or available to start work),2,Urban,No,No,No,No,Mother tongue / Very well,Very confident — I can do these tasks easily on my own,Citizen of this country,0,0,0,0,1,0,0,0,I own the house or flat where I live and I do not pay a mortgage,"Apartment or flat with more than 10 dwellings – a home in a building with other homes above, below or next to yours",1981-2000,No,No,No,No,Yes,Not applicable,4.0,Not applicable,Not sure,Not applicable,0,0,0,1,0,0,0,1,5.9,8.6,5.0,1257106.0,91275.5,789.5600000000001,320.4,1155020.242,8.7008,No/Non-religious,Very confident — I can understand it easily,Yes,Yes,48.0,45-59,1_Low,3,Multi-generational / extended
Spain,Andalusia,8,8,8,9,9,9,10,8.714285714285714,2,Man,Further education or training after school (not university),"In paid employment or self-employment (including part-time work, temporary absence from work, or helping in a family business)",1,Urban,No,No,No,No,Not very well or worse,Very confident — I can do these tasks easily on my own,Citizen of this country,1,0,0,0,0,0,0,0,I own the house or flat where I live and I do not pay a mortgage,"Apartment or flat with less than 10 dwellings – a home in a building with other homes above, below or next to yours",1945-1960,No,No,No,No,No,No,4.0,Not sure,Yes,No,1,1,0,0,0,0,0,2,9.2,15.9,7.2,793600.0,132060.5,650.85,612.19,580422.275,5.6424,No/Non-religious,Confident — I can understand it with some help,Yes,No,57.0,45-59,1_Low,2,Lives alone
Spain,Castile and León,25,20,16,9,25,4,9,15.428571428571429,5,Man,Primary or Secondary education,Unemployed (actively seeking work or available to start work),3,Rural,No,Prefer not to say,No,No,Not very well or worse,Confident or less confident,Citizen of this country,0,1,1,0,0,0,0,0,I own the house or flat where I live and I do not pay a mortgage,Detached house – a house that stands alone and is not joined to any other,2022 or after,No,No,No,No,No,Yes,5.0,Not applicable,Not sure,Not applicable,0,0,0,1,0,0,0,1,9.2,15.9,7.2,793600.0,982455.0,1049.85,386.85,580422.275,5.6424,No/Non-religious,Confident — I can understand it with some help,Yes,No,32.0,30-44,1_Low,2,Couple with children
Italy,Lazio,20,25,15,2,25,25,6,16.857142857142858,5,Man,Further education or training after school (not university),Unemployed (actively seeking work or available to start work),3,Suburban,No,Yes,No,No,Well,Very confident — I can do these tasks easily on my own,Citizen of this country,0,0,0,0,1,0,0,0,I rent the house where I live in (I pay rent every month),Terraced house – a house that is part of a row of houses joined together,1945-1960,"Yes, twice or more","Yes, twice or more",Yes,Yes,Yes,Not applicable,5.0,Not applicable,No,Not applicable,1,1,1,1,0,1,1,6,5.9,8.6,5.0,1257106.0,150307.6,798.71,361.74,1155020.242,8.7008,No/Non-religious,Very confident — I can understand it easily,Yes,Yes,28.0,18-29,3_High,1,Multi-generational / extended
Ireland,Northern and Western,12,3,10,6,12,4,2,7.0,1,Woman or Non-binary,Further education or training after school (not university),Fulfilling domestic tasks and/or caring for children or dependent persons,4,Rural,No,No,No,No,Mother tongue / Very well,Very confident — I can do these tasks easily on my own,Citizen of this country,0,1,1,0,0,0,0,0,I own the house or flat where I live and I am paying it with a mortgage,Detached house – a house that stands alone and is not joined to any other,1981-2000,No,No,No,Yes,Yes,Not applicable,2.0,Not applicable,Yes,Not applicable,1,1,0,0,0,0,0,2,8.8,4.5,5.3,136200.1,26523.71,1818.53,0.0,106480.447,9.8217,No/Non-religious,Very confident — I can understand it easily,Yes,Yes,51.0,45-59,2_Medium,3,Couple with children
Germany,Karlsruhe,16,25,9,4,6,2,4,9.428571428571429,2,Man,Further education or training after school (not university),"In paid employment or self-employment (including part-time work, temporary absence from work, or helping in a family business)",1,Urban,Yes,No,No,No,Mother tongue / Very well,Very confident — I can do these tasks easily on my own,EU citizen from another country,1,0,0,0,0,0,0,0,I rent the house where I live in (I pay rent every month),Terraced house – a house that is part of a row of houses joined together,Before 1945,No,No,No,No,I don't know,No,4.0,Somewhat unlikely,Yes,No,0,0,0,0,1,0,0,1,4.6,5.7,11.2,1876818.0,106148.97,1828.77,45.16,2215295.198,6.9347,No/Non-religious,Very confident — I can understand it easily,No,No,34.0,30-44,2_Medium,3,Lives alone
Germany,Düsseldorf,9,12,12,12,6,12,4,9.571428571428571,2,Man,Primary or Secondary education,"In paid employment or self-employment (including part-time work, temporary absence from work, or helping in a family business)",4,Urban,No,No,Yes,No,Well,Very confident — I can do these tasks easily on my own,Citizen of this country,0,0,0,0,1,0,1,0,I rent the house where I live in (I pay rent every month),"Apartment or flat with less than 10 dwellings – a home in a building with other homes above, below or next to yours",1945-1960,No,No,No,No,No,No,5.0,Unlikely,Yes,Yes,0,1,0,1,0,0,0,2,4.6,5.7,11.2,1876818.0,176736.87,1540.0,38.40000000000001,2215295.198,6.9347,No/Non-religious,Confident — I can understand it with some help,Yes,Yes,22.0,18-29,3_High,3,Multi-generational / extended
Spain,Community of Madrid,12,12,9,12,12,9,8,10.571428571428571,3,Man,"University degree or higher (e.g. Bachelor's, Master's, PhD)","In paid employment or self-employment (including part-time work, temporary absence from work, or helping in a family business)",3,Urban,No,Yes,No,No,Well,Very confident — I can do these tasks easily on my own,Citizen of this country,0,1,1,0,0,0,0,0,I own the house or flat where I live and I am paying it with a mortgage,"Apartment or flat with more than 10 dwellings – a home in a building with other homes above, below or next to yours",2022 or after,No,No,No,No,No,Yes,5.0,Not applicable,Yes,Not applicable,0,0,0,1,0,0,0,1,9.2,15.9,7.2,793600.0,194229.0,1124.85,498.39,580422.275,5.6424,No/Non-religious,Confident — I can understand it with some help,Yes,Yes,43.0,30-44,3_High,5,Couple with children
Spain,Catalonia,12,12,6,20,9,25,4,12.571428571428571,4,Man,"University degree or higher (e.g. Bachelor's, Master's, PhD)","In paid employment or self-employment (including part-time work, temporary absence from work, or helping in a family business)",4,Urban,Yes,No,No,Yes,Well,Very confident — I can do these tasks easily on my own,Citizen of this country,0,0,1,0,1,0,0,0,"I live here without paying rent (for example, staying with relatives or friends)","Apartment or flat with more than 10 dwellings – a home in a building with other homes above, below or next to yours",1961-1980,No,No,No,No,No,I don't know,2.0,Unlikely,Yes,Yes,1,1,0,1,0,0,0,3,9.2,15.9,7.2,793600.0,186166.0,1078.88,341.51,580422.275,5.6424,Prefer not to say,Not very confident — I often need help or support,Yes,No,27.0,18-29,1_Low,6,Single parent
Spain,Andalusia,10,25,15,16,16,8,12,14.571428571428571,4,Woman or Non-binary,Primary or Secondary education,"In paid employment or self-employment (including part-time work, temporary absence from work, or helping in a family business)",2,Suburban,No,No,No,No,Mother tongue / Very well,Very confident — I can do these tasks easily on my own,EU citizen from another country,0,1,0,0,0,0,0,0,I rent the house where I live in (I pay rent every month),"Apartment or flat with more than 10 dwellings – a home in a building with other homes above, below or next to yours",2001-2010,No,No,No,No,I don't know,I don't know,5.0,Very likely,Yes,Yes,1,0,1,1,0,0,0,3,9.2,15.9,7.2,793600.0,132060.5,650.85,612.19,580422.275,5.6424,No/Non-religious,Confident — I can understand it with some help,No,No,38.0,30-44,2_Medium,5,"Couple, no children"
Italy,Lazio,20,20,1,20,25,1,1,12.571428571428571,4,Man,"University degree or higher (e.g. Bachelor's, Master's, PhD)","In paid employment or self-employment (including part-time work, temporary absence from work, or helping in a family business)",4,Urban,No,No,No,No,Mother tongue / Very well,Very confident — I can do these tasks easily on my own,Citizen of this country,0,1,1,0,0,0,0,0,I own the house or flat where I live and I do not pay a mortgage,"Apartment or flat with more than 10 dwellings – a home in a building with other homes above, below or next to yours",1961-1980,No,No,No,No,No,Yes,5.0,Not applicable,Yes,Not applicable,0,0,0,0,1,0,0,1,5.9,8.6,5.0,1257106.0,150307.6,798.71,361.74,1155020.242,8.7008,No/Non-religious,Very confident — I can understand it easily,Yes,Yes,39.0,30-44,1_Low,4,Couple with children
Portugal,Lisbon Metropolitan Area,12,2,12,4,16,9,8,9.0,2,Woman or Non-binary,"University degree or higher (e.g. Bachelor's, Master's, PhD)","In paid employment or self-employment (including part-time work, temporary absence from work, or helping in a family business)",1,Suburban,No,No,No,No,Mother tongue / Very well,Very confident — I can do these tasks easily on my own,Citizen of this country,1,0,0,0,0,0,0,0,I own the house or flat where I live and I am paying it with a mortgage,"Apartment or flat with less than 10 dwellings – a home in a building with other homes above, below or next to yours",2016-2021,No,No,No,Yes,No,No,4.0,Very likely,No,Not sure,0,0,0,0,0,1,0,1,3.6,15.6,6.3,166851.3,42468.37,446.16,91.69,128035.143,4.653,No/Non-religious,Confident — I can understand it with some help,Yes,Yes,38.0,30-44,2_Medium,2,Lives alone
Italy,Friuli-Venezia Giulia,25,25,25,1,1,25,5,15.285714285714286,5,Woman or Non-binary,"University degree or higher (e.g. Bachelor's, Master's, PhD)","In paid employment or self-employment (including part-time work, temporary absence from work, or helping in a family business)",2,Suburban,No,No,No,No,Well,Very confident — I can do these tasks easily on my own,Citizen of this country,0,1,0,0,0,0,0,0,I rent the house where I live in (I pay rent every month),"Apartment or flat with more than 10 dwellings – a home in a building with other homes above, below or next to yours",1981-2000,No,"Yes, once",No,No,I don't know,Yes,3.0,Not applicable,Not sure,Not applicable,0,1,0,1,0,1,0,3,5.9,8.6,5.0,1257106.0,31199.7,1489.03,140.09,1155020.242,8.7008,No/Non-religious,Confident — I can understand it with some help,Yes,Yes,53.0,45-59,2_Medium,4,"Couple, no children"
Spain,Canary Islands,9,16,1,6,1,1,1,5.0,1,Woman or Non-binary,"University degree or higher (e.g. Bachelor's, Master's, PhD)","In paid employment or self-employment (including part-time work, temporary absence from work, or helping in a family business)",5,Suburban,No,No,No,Yes,Well,Very confident — I can do these tasks easily on my own,Citizen of this country,0,1,1,0,0,0,1,0,I own the house or flat where I live and I am paying it with a mortgage,Semi-detached house – a house joined to one other house,2016-2021,No,No,No,No,Yes,Not applicable,4.0,Not applicable,Yes,Not applicable,1,0,0,1,0,1,0,3,9.2,15.9,7.2,793600.0,37496.4,31.51,196.1,580422.275,5.6424,No/Non-religious,Confident — I can understand it with some help,No,No,42.0,30-44,3_High,5,Couple with children
Germany,Detmold,20,25,10,12,20,9,9,15.0,5,Man,Further education or training after school (not university),"In paid employment or self-employment (including part-time work, temporary absence from work, or helping in a family business)",2,Rural,No,No,No,No,Well,Very confident — I can do these tasks easily on my own,EU citizen from another country,0,0,1,0,0,0,0,0,I rent the house where I live in (I pay rent every month),"Apartment or flat with less than 10 dwellings – a home in a building with other homes above, below or next to yours",2016-2021,No,No,No,No,No,I don't know,5.0,Very likely,Yes,No,1,1,0,0,0,0,0,2,4.6,5.7,11.2,1876818.0,69834.63,1802.79,18.7,2215295.198,6.9347,No/Non-religious,Very confident — I can understand it easily,No,No,36.0,30-44,3_High,5,Single parent
Spain,Valencian Community,9,6,8,3,8,8,4,6.571428571428571,1,Man,Further education or training after school (not university),"In paid employment or self-employment (including part-time work, temporary absence from work, or helping in a family business)",2,Suburban,No,No,No,No,Mother tongue / Very well,Very confident — I can do these tasks easily on my own,Non-EU citizen,0,1,0,0,0,0,0,0,I rent the house where I live in (I pay rent every month),Terraced house – a house that is part of a row of houses joined together,2001-2010,No,No,No,No,No,No,5.0,Very likely,No,Not sure,1,1,0,0,0,0,0,2,9.2,15.9,7.2,793600.0,91415.7,730.56,512.5,580422.275,5.6424,No/Non-religious,Confident — I can understand it with some help,No,Yes,48.0,45-59,2_Medium,2,"Couple, no children"
Portugal,Lisbon Metropolitan Area,12,16,12,4,10,6,12,10.285714285714286,3,Man,"University degree or higher (e.g. Bachelor's, Master's, PhD)","In paid employment or self-employment (including part-time work, temporary absence from work, or helping in a family business)",3,Urban,No,No,No,No,Well,Very confident — I can do these tasks easily on my own,Citizen of this country,0,1,1,0,0,0,0,0,I own the house or flat where I live and I am paying it with a mortgage,"Apartment or flat with more than 10 dwellings – a home in a building with other homes above, below or next to yours",2001-2010,No,No,No,No,No,I don't know,4.0,Likely,Yes,Yes,1,0,1,0,0,0,0,2,3.6,15.6,6.3,166851.3,42468.37,446.16,91.69,128035.143,4.653,No/Non-religious,Very confident — I can understand it easily,Yes,Yes,48.0,45-59,2_Medium,6,Couple with children
Germany,Upper Bavaria,16,16,12,6,20,8,4,11.714285714285714,4,Man,"University degree or higher (e.g. Bachelor's, Master's, PhD)","In paid employment or self-employment (including part-time work, temporary absence from work, or helping in a family business)",1,Suburban,No,Yes,No,No,Well,Very confident — I can do these tasks easily on my own,Citizen of this country,1,0,0,0,0,0,0,0,I rent the house where I live in (I pay rent every month),Detached house – a house that stands alone and is not joined to any other,1945-1960,No,No,No,No,No,No,5.0,Likely,Not sure,No,1,1,1,0,0,1,0,4,4.6,5.7,11.2,1876818.0,2903658.0,1919.09,19.17,2215295.198,6.9347,No/Non-religious,Very confident — I can understand it easily,Yes,No,59.0,45-59,2_Medium,4,Lives alone
Italy,Tuscany,16,16,4,16,25,9,9,13.571428571428571,4,Man,Primary or Secondary education,"In paid employment or self-employment (including part-time work, temporary absence from work, or helping in a family business)",2,Urban,No,No,No,No,Mother tongue / Very well,Very confident — I can do these tasks easily on my own,Citizen of this country,0,1,0,0,0,0,0,0,I own the house or flat where I live and I am paying it with a mortgage,"Apartment or flat with more than 10 dwellings – a home in a building with other homes above, below or next to yours",2022 or after,No,No,No,No,Yes,Not applicable,5.0,Not applicable,Yes,Not applicable,0,0,0,0,0,0,0,0,5.9,8.6,5.0,1257106.0,1436758.9,1108.69,287.36,1155020.242,8.7008,No/Non-religious,Confident — I can understand it with some help,Yes,Yes,28.0,18-29,3_High,4,"Couple, no children"
Italy,Liguria,16,9,16,9,16,9,9,12.0,4,Man,Further education or training after school (not university),"In paid employment or self-employment (including part-time work, temporary absence from work, or helping in a family business)",1,Rural,No,No,No,No,Not very well or worse,Very confident — I can do these tasks easily on my own,Citizen of this country,1,0,0,0,0,0,0,0,I own the house or flat where I live and I do not pay a mortgage,"Apartment or flat with less than 10 dwellings – a home in a building with other homes above, below or next to yours",2001-2010,No,No,No,No,No,I don't know,3.0,Somewhat likely,No,No,0,0,0,1,0,0,0,1,5.9,8.6,5.0,1257106.0,39131.5,1072.31,174.36,1155020.242,8.7008,Yes,Confident — I can understand it with some help,Yes,Yes,57.0,45-59,1_Low,2,Lives alone
Portugal,Centre,12,6,1,3,2,8,1,4.714285714285714,1,Man,"University degree or higher (e.g. Bachelor's, Master's, PhD)","In paid employment or self-employment (including part-time work, temporary absence from work, or helping in a family business)",4,Suburban,No,Yes,No,No,Mother tongue / Very well,Very confident — I can do these tasks easily on my own,Citizen of this country,0,0,0,0,1,1,1,0,I own the house or flat where I live and I do not pay a mortgage,Detached house – a house that stands alone and is not joined to any other,1981-2000,No,No,No,No,No,I don't know,5.0,Somewhat unlikely,Yes,Yes,1,1,0,0,0,0,0,2,3.6,15.6,6.3,166851.3,23583.85,853.61,285.82,128035.143,4.653,No/Non-religious,Very confident — I can understand it easily,Yes,Yes,36.0,30-44,1_Low,7,Multi-generational / extended
Spain,Region of Murcia,10,16,10,1,3,6,5,7.285714285714286,2,Man,Further education or training after school (not university),"Attending school, university, or other educational/training programmes",4,Urban,No,No,Yes,Yes,Well,Very confident — I can do these tasks easily on my own,Citizen of this country,0,0,0,0,1,1,0,0,"I live here without paying rent (for example, staying with relatives or friends)","Apartment or flat with more than 10 dwellings – a home in a building with other homes above, below or next to yours",2001-2010,No,No,No,Yes,No,Yes,5.0,Not applicable,Yes,Not applicable,0,0,1,0,0,0,0,1,9.2,15.9,7.2,793600.0,26989.6,581.1800000000001,627.17,580422.275,5.6424,No/Non-religious,Confident — I can understand it with some help,Yes,Yes,22.0,18-29,1_Low,2,Multi-generational / extended
Spain,Galicia,6,6,4,6,4,9,5,5.714285714285714,1,Woman or Non-binary,"University degree or higher (e.g. Bachelor's, Master's, PhD)","In paid employment or self-employment (including part-time work, temporary absence from work, or helping in a family business)",1,Urban,No,Prefer not to say,No,No,Well,Very confident — I can do these tasks easily on my own,Citizen of this country,1,0,0,0,0,0,0,0,I own the house or flat where I live and I do not pay a mortgage,"Apartment or flat with more than 10 dwellings – a home in a building with other homes above, below or next to yours",1961-1980,No,No,No,No,Yes,Not applicable,5.0,Not applicable,Not sure,Not applicable,1,1,1,0,0,0,0,3,9.2,15.9,7.2,793600.0,49230.2,1111.35,78.06,580422.275,5.6424,No/Non-religious,Confident — I can understand it with some help,Yes,Yes,30.0,30-44,1_Low,3,Lives alone
Germany,Lower Bavaria,10,15,10,4,15,8,4,9.428571428571429,2,Woman or Non-binary,"University degree or higher (e.g. Bachelor's, Master's, PhD)",Fulfilling domestic tasks and/or caring for children or dependent persons,3,Rural,No,No,No,No,Well,Very confident — I can do these tasks easily on my own,Citizen of this country,0,1,1,0,0,0,0,0,I rent the house where I live in (I pay rent every month),Detached house – a house that stands alone and is not joined to any other,1961-1980,No,No,No,No,I don't know,I don't know,4.0,Somewhat likely,Not sure,Yes,1,1,1,1,0,0,0,4,4.6,5.7,11.2,1876818.0,2903658.0,1919.09,19.17,2215295.198,6.9347,No/Non-religious,Not at all confident — I find it very difficult to understand my energy bill.,Yes,No,37.0,30-44,3_High,4,Couple with children
Italy,Lombardy,16,12,9,12,6,6,4,9.285714285714286,2,Woman or Non-binary,"University degree or higher (e.g. Bachelor's, Master's, PhD)","In paid employment or self-employment (including part-time work, temporary absence from work, or helping in a family business)",2,Urban,No,No,No,No,Well,Very confident — I can do these tasks easily on my own,Citizen of this country,0,0,0,0,0,0,0,1,"I live here without paying rent (for example, staying with relatives or friends)","Apartment or flat with more than 10 dwellings – a home in a building with other homes above, below or next to yours",1981-2000,No,No,No,No,No,No,4.0,Somewhat likely,Yes,No,0,0,0,1,0,0,0,1,5.9,8.6,5.0,1257106.0,322158.3,1471.71,214.79,1155020.242,8.7008,No/Non-religious,Confident — I can understand it with some help,Yes,Yes,29.0,18-29,2_Medium,4,Other shared
Italy,Lazio,16,25,9,16,9,20,12,15.285714285714286,5,Woman or Non-binary,"University degree or higher (e.g. Bachelor's, Master's, PhD)","In paid employment or self-employment (including part-time work, temporary absence from work, or helping in a family business)",3,Urban,No,Yes,No,No,Mother tongue / Very well,Very confident — I can do these tasks easily on my own,Citizen of this country,0,1,0,1,0,0,0,0,I own the house or flat where I live and I do not pay a mortgage,"Apartment or flat with more than 10 dwellings – a home in a building with other homes above, below or next to yours",1981-2000,No,No,No,No,Yes,Not applicable,5.0,Not applicable,Yes,Not applicable,0,0,0,1,0,0,0,1,5.9,8.6,5.0,1257106.0,150307.6,798.71,361.74,1155020.242,8.7008,No/Non-religious,Confident — I can understand it with some help,Yes,Yes,66.0,60+,3_High,6,Couple with children
Spain,Community of Madrid,16,16,12,12,16,16,8,13.714285714285714,4,Woman or Non-binary,"University degree or higher (e.g. Bachelor's, Master's, PhD)","In paid employment or self-employment (including part-time work, temporary absence from work, or helping in a family business)",1,Urban,No,No,No,No,Mother tongue / Very well,Very confident — I can do these tasks easily on my own,Citizen of this country,1,0,0,0,0,0,0,0,I own the house or flat where I live and I am paying it with a mortgage,"Apartment or flat with more than 10 dwellings – a home in a building with other homes above, below or next to yours",1961-1980,No,"Yes, twice or more",No,Yes,Yes,Not applicable,4.0,Not applicable,No,Not applicable,0,0,0,1,0,0,0,1,9.2,15.9,7.2,793600.0,194229.0,1124.85,498.39,580422.275,5.6424,No/Non-religious,Very confident — I can understand it easily,Yes,Yes,42.0,30-44,2_Medium,3,Lives alone
Spain,Region of Murcia,16,16,1,25,25,25,6,16.285714285714285,5,Man,"University degree or higher (e.g. Bachelor's, Master's, PhD)","In paid employment or self-employment (including part-time work, temporary absence from work, or helping in a family business)",3,Urban,No,Yes,No,No,Well,Very confident — I can do these tasks easily on my own,Citizen of this country,0,0,0,1,0,0,0,0,I own the house or flat where I live and I do not pay a mortgage,"Apartment or flat with less than 10 dwellings – a home in a building with other homes above, below or next to yours",1961-1980,No,No,No,No,Yes,Not applicable,3.0,Not applicable,Yes,Not applicable,0,0,0,0,0,0,0,0,9.2,15.9,7.2,793600.0,26989.6,581.1800000000001,627.17,580422.275,5.6424,No/Non-religious,Very confident — I can understand it easily,Yes,Yes,60.0,60+,3_High,5,Single parent
Germany,Stuttgart,8,8,10,4,4,10,5,7.0,1,Man,Primary or Secondary education,"Attending school, university, or other educational/training programmes",3,Suburban,No,No,No,No,Well,Very confident — I can do these tasks easily on my own,EU citizen from another country,0,0,0,0,1,0,0,0,I rent the house where I live in (I pay rent every month),"Apartment or flat with more than 10 dwellings – a home in a building with other homes above, below or next to yours",1981-2000,No,No,No,No,No,No,5.0,Very likely,Yes,Not sure,1,1,0,0,1,0,0,3,4.6,5.7,11.2,1876818.0,167717.96,1921.95,31.71,2215295.198,6.9347,No/Non-religious,Confident — I can understand it with some help,No,No,18.0,18-29,3_High,5,Multi-generational / extended
Italy,Veneto,20,20,20,16,12,12,9,15.571428571428571,5,Woman or Non-binary,"University degree or higher (e.g. Bachelor's, Master's, PhD)","In paid employment or self-employment (including part-time work, temporary absence from work, or helping in a family business)",4,Suburban,No,No,Yes,No,Mother tongue / Very well,Very confident — I can do these tasks easily on my own,Citizen of this country,0,0,1,0,1,0,1,0,"I live here without paying rent (for example, staying with relatives or friends)","Apartment or flat with less than 10 dwellings – a home in a building with other homes above, below or next to yours",1981-2000,No,"Yes, twice or more",No,No,Yes,Not applicable,5.0,Not applicable,No,Not applicable,0,1,0,0,1,0,0,2,5.9,8.6,5.0,1257106.0,131344.4,1383.24,196.68,1155020.242,8.7008,No/Non-religious,Not very confident — I often need help or support,Yes,Yes,25.0,18-29,3_High,6,Single parent
Germany,Detmold,20,20,12,20,25,16,9,17.428571428571427,5,Man,Further education or training after school (not university),"In paid employment or self-employment (including part-time work, temporary absence from work, or helping in a family business)",2,Urban,No,No,No,No,Well,Confident or less confident,Citizen of this country,0,1,0,0,0,0,0,0,I rent the house where I live in (I pay rent every month),"Apartment or flat with less than 10 dwellings – a home in a building with other homes above, below or next to yours",2022 or after,No,No,No,No,Yes,Not applicable,5.0,Not applicable,Yes,Not applicable,0,0,0,0,0,0,0,0,4.6,5.7,11.2,1876818.0,69834.63,1802.79,18.7,2215295.198,6.9347,No/Non-religious,Very confident — I can understand it easily,Yes,Yes,30.0,30-44,3_High,9,"Couple, no children"
Germany,Karlsruhe,12,20,16,16,6,6,12,12.571428571428571,4,Woman or Non-binary,"University degree or higher (e.g. Bachelor's, Master's, PhD)",Unemployed (actively seeking work or available to start work),2,Urban,No,No,No,No,Not very well or worse,Confident or less confident,Non-EU citizen,0,1,0,0,0,0,0,0,I rent the house where I live in (I pay rent every month),Detached house – a house that stands alone and is not joined to any other,I don't know,"Yes, once",No,No,No,Yes,Not applicable,4.0,Not applicable,No,Not applicable,0,1,1,1,1,0,1,5,4.6,5.7,11.2,1876818.0,106148.97,1828.77,45.16,2215295.198,6.9347,No/Non-religious,Confident — I can understand it with some help,No,No,34.0,30-44,3_High,3,"Couple, no children"
Italy,Lazio,15,15,1,2,5,1,1,5.714285714285714,1,Man,"University degree or higher (e.g. Bachelor's, Master's, PhD)","In paid employment or self-employment (including part-time work, temporary absence from work, or helping in a family business)",2,Urban,No,No,Yes,No,Mother tongue / Very well,Very confident — I can do these tasks easily on my own,Citizen of this country,0,1,0,0,0,0,0,0,I own the house or flat where I live and I do not pay a mortgage,"Apartment or flat with more than 10 dwellings – a home in a building with other homes above, below or next to yours",1981-2000,No,No,No,No,No,No,5.0,Very unlikely,Yes,Yes,0,0,0,1,0,0,0,1,5.9,8.6,5.0,1257106.0,150307.6,798.71,361.74,1155020.242,8.7008,No/Non-religious,Confident — I can understand it with some help,Yes,Yes,35.0,30-44,1_Low,3,"Couple, no children"
Italy,Emilia-Romagna,16,16,12,25,16,9,4,14.0,4,Woman or Non-binary,"University degree or higher (e.g. Bachelor's, Master's, PhD)","In paid employment or self-employment (including part-time work, temporary absence from work, or helping in a family business)",4,Suburban,No,No,No,No,Mother tongue / Very well,Confident or less confident,Citizen of this country,0,1,1,0,0,0,0,0,I own the house or flat where I live and I am paying it with a mortgage,Terraced house – a house that is part of a row of houses joined together,2016-2021,No,No,No,No,No,Yes,5.0,Not applicable,Yes,Not applicable,0,1,0,0,0,0,0,1,5.9,8.6,5.0,1257106.0,131258.7,1166.93,256.8,1155020.242,8.7008,No/Non-religious,Not very confident — I often need help or support,Yes,Yes,44.0,30-44,2_Medium,7,Couple with children
Italy,Emilia-Romagna,6,6,9,4,12,6,9,7.428571428571429,2,Man,Primary or Secondary education,"Attending school, university, or other educational/training programmes",4,Suburban,No,No,No,No,Well,Confident or less confident,Non-EU citizen,0,0,1,0,1,0,0,0,I rent the house where I live in (I pay rent every month),"Apartment or flat with less than 10 dwellings – a home in a building with other homes above, below or next to yours",1961-1980,No,No,Yes,No,I don't know,Yes,4.0,Not applicable,Not sure,Not applicable,1,0,0,0,0,0,0,1,5.9,8.6,5.0,1257106.0,131258.7,1166.93,256.8,1155020.242,8.7008,No/Non-religious,Confident — I can understand it with some help,No,No,27.0,18-29,2_Medium,3,Single parent
Spain,Catalonia,3,5,5,4,5,5,5,4.571428571428571,1,Man,"University degree or higher (e.g. Bachelor's, Master's, PhD)","In paid employment or self-employment (including part-time work, temporary absence from work, or helping in a family business)",3,Urban,Yes,No,No,Yes,Well,Very confident — I can do these tasks easily on my own,Citizen of this country,1,0,1,0,0,0,0,0,I own the house or flat where I live and I am paying it with a mortgage,"Apartment or flat with less than 10 dwellings – a home in a building with other homes above, below or next to yours",2001-2010,No,No,No,No,Yes,Not applicable,5.0,Not applicable,Yes,Not applicable,0,0,0,1,0,0,0,1,9.2,15.9,7.2,793600.0,186166.0,1078.88,341.51,580422.275,5.6424,No/Non-religious,Very confident — I can understand it easily,Yes,No,46.0,45-59,2_Medium,6,Lives alone
Italy,Apulia,12,12,4,6,4,4,1,6.142857142857143,1,Man,"University degree or higher (e.g. Bachelor's, Master's, PhD)","In paid employment or self-employment (including part-time work, temporary absence from work, or helping in a family business)",2,Suburban,No,No,No,No,Well,Very confident — I can do these tasks easily on my own,Citizen of this country,0,1,0,0,0,0,0,0,I own the house or flat where I live and I am paying it with a mortgage,"Apartment or flat with less than 10 dwellings – a home in a building with other homes above, below or next to yours",1981-2000,No,No,No,No,No,Yes,3.0,Not applicable,Yes,Not applicable,1,1,0,0,0,0,0,2,5.9,8.6,5.0,1257106.0,65418.9,640.14,517.28,1155020.242,8.7008,No/Non-religious,Confident — I can understand it with some help,Yes,Yes,44.0,30-44,2_Medium,4,"Couple, no children"
Germany,Rheinhessen-Palatinate,5,5,5,3,8,9,8,6.142857142857143,1,Man,Further education or training after school (not university),"In paid employment or self-employment (including part-time work, temporary absence from work, or helping in a family business)",3,Suburban,No,No,No,No,Not very well or worse,Very confident — I can do these tasks easily on my own,Citizen of this country,0,1,1,0,0,0,0,0,I rent the house where I live in (I pay rent every month),Semi-detached house – a house joined to one other house,1981-2000,No,No,No,No,No,Yes,4.0,Not applicable,Not sure,Not applicable,0,0,0,1,0,0,0,1,4.6,5.7,11.2,1876818.0,2903658.0,1919.09,19.17,2215295.198,6.9347,No/Non-religious,Confident — I can understand it with some help,Yes,No,39.0,30-44,3_High,5,Couple with children
Germany,Hannover,2,1,1,1,2,1,1,1.2857142857142858,1,Man,"University degree or higher (e.g. Bachelor's, Master's, PhD)",Retired,1,Rural,No,Yes,No,No,Mother tongue / Very well,Very confident — I can do these tasks easily on my own,Citizen of this country,1,0,0,0,0,0,0,0,I own the house or flat where I live and I am paying it with a mortgage,"Apartment or flat with more than 10 dwellings – a home in a building with other homes above, below or next to yours",1961-1980,No,No,No,No,No,I don't know,3.0,Unlikely,Yes,Yes,0,0,0,0,0,0,0,0,4.6,5.7,11.2,1876818.0,71168.44,1758.37,19.02,2215295.198,6.9347,No/Non-religious,Very confident — I can understand it easily,Yes,No,61.0,60+,2_Medium,4,Lives alone
Spain,Catalonia,16,9,8,25,9,8,5,11.428571428571429,3,Man,"University degree or higher (e.g. Bachelor's, Master's, PhD)","In paid employment or self-employment (including part-time work, temporary absence from work, or helping in a family business)",4,Urban,No,No,No,No,Mother tongue / Very well,Very confident — I can do these tasks easily on my own,Citizen of this country,0,0,1,0,0,0,0,0,I own the house or flat where I live and I am paying it with a mortgage,"Apartment or flat with less than 10 dwellings – a home in a building with other homes above, below or next to yours",1981-2000,No,No,No,No,I don't know,Yes,4.0,Not applicable,Yes,Not applicable,0,0,0,0,0,0,0,0,9.2,15.9,7.2,793600.0,186166.0,1078.88,341.51,580422.275,5.6424,No/Non-religious,Very confident — I can understand it easily,Yes,Yes,39.0,30-44,3_High,7,Single parent
Italy,Molise,15,20,20,6,16,12,15,14.857142857142858,5,Woman or Non-binary,"University degree or higher (e.g. Bachelor's, Master's, PhD)","In paid employment or self-employment (including part-time work, temporary absence from work, or helping in a family business)",1,Rural,No,No,Yes,No,Mother tongue / Very well,Very confident — I can do these tasks easily on my own,Citizen of this country,1,0,0,0,0,0,0,0,I own the house or flat where I live and I do not pay a mortgage,Semi-detached house – a house joined to one other house,1945-1960,No,No,No,No,No,I don't know,5.0,Somewhat likely,Yes,No,1,0,1,0,1,0,0,3,5.9,8.6,5.0,1257106.0,5347.7,1019.54,265.04,1155020.242,8.7008,No/Non-religious,Confident — I can understand it with some help,Yes,Yes,38.0,30-44,1_Low,2,Lives alone
Germany,Düsseldorf,16,25,1,2,5,1,1,7.285714285714286,2,Man,Primary or Secondary education,"In paid employment or self-employment (including part-time work, temporary absence from work, or helping in a family business)",3,Urban,No,No,No,No,Well,Very confident — I can do these tasks easily on my own,EU citizen from another country,0,1,1,0,0,0,0,0,I rent the house where I live in (I pay rent every month),"Apartment or flat with less than 10 dwellings – a home in a building with other homes above, below or next to yours",I don't know,No,No,No,No,Yes,Not applicable,5.0,Not applicable,Yes,Not applicable,1,0,0,0,0,1,1,3,4.6,5.7,11.2,1876818.0,176736.87,1540.0,38.40000000000001,2215295.198,6.9347,No/Non-religious,Very confident — I can understand it easily,No,No,32.0,30-44,2_Medium,7,Couple with children
Germany,Hannover,15,8,12,2,9,4,9,8.428571428571429,2,Woman or Non-binary,Further education or training after school (not university),"In paid employment or self-employment (including part-time work, temporary absence from work, or helping in a family business)",2,Suburban,No,No,No,No,Well,Very confident — I can do these tasks easily on my own,Citizen of this country,0,0,1,0,0,0,0,0,I rent the house where I live in (I pay rent every month),"Apartment or flat with more than 10 dwellings – a home in a building with other homes above, below or next to yours",2001-2010,No,No,No,No,I don't know,Yes,5.0,Not applicable,Not sure,Not applicable,0,0,0,1,0,0,0,1,4.6,5.7,11.2,1876818.0,71168.44,1758.37,19.02,2215295.198,6.9347,No/Non-religious,Confident — I can understand it with some help,Yes,Yes,48.0,45-59,2_Medium,5,Single parent
Italy,Piedmont,20,25,20,6,9,12,8,14.285714285714286,4,Man,"University degree or higher (e.g. Bachelor's, Master's, PhD)","In paid employment or self-employment (including part-time work, temporary absence from work, or helping in a family business)",2,Urban,No,No,No,No,Well,Very confident — I can do these tasks easily on my own,Citizen of this country,0,1,0,0,0,0,0,0,I rent the house where I live in (I pay rent every month),"Apartment or flat with more than 10 dwellings – a home in a building with other homes above, below or next to yours",1981-2000,No,"Yes, twice or more",No,No,No,I don't know,3.0,Somewhat likely,No,Yes,0,1,0,1,0,0,0,2,5.9,8.6,5.0,1257106.0,115962.7,1658.0,142.32,1155020.242,8.7008,No/Non-religious,Confident — I can understand it with some help,Yes,Yes,30.0,30-44,1_Low,3,"Couple, no children"
Spain,Balearic Islands,16,12,12,3,4,2,1,7.142857142857143,1,Man,Primary or Secondary education,"In paid employment or self-employment (including part-time work, temporary absence from work, or helping in a family business)",4,Urban,No,No,No,No,Well,Very confident — I can do these tasks easily on my own,Citizen of this country,0,1,1,0,0,0,0,0,I own the house or flat where I live and I do not pay a mortgage,"Apartment or flat with less than 10 dwellings – a home in a building with other homes above, below or next to yours",1961-1980,No,No,No,No,No,No,4.0,Somewhat likely,Not sure,Yes,0,0,1,1,0,0,0,2,9.2,15.9,7.2,793600.0,27829.4,379.81,495.48,580422.275,5.6424,No/Non-religious,Confident — I can understand it with some help,Yes,No,54.0,45-59,1_Low,4,Couple with children
Germany,Berlin,25,25,25,3,9,1,1,12.714285714285714,4,Man,"University degree or higher (e.g. Bachelor's, Master's, PhD)","In paid employment or self-employment (including part-time work, temporary absence from work, or helping in a family business)",2,Urban,No,No,No,No,Well,Very confident — I can do these tasks easily on my own,Citizen of this country,0,0,0,0,1,0,0,0,I rent the house where I live in (I pay rent every month),"Apartment or flat with more than 10 dwellings – a home in a building with other homes above, below or next to yours",1961-1980,"Yes, twice or more","Yes, once",No,No,No,No,3.0,Unlikely,No,Not sure,1,1,0,0,0,0,1,3,4.6,5.7,11.2,1876818.0,122677.83,1750.33,24.56,2215295.198,6.9347,No/Non-religious,Very confident — I can understand it easily,No,No,39.0,30-44,2_Medium,4,Multi-generational / extended
Italy,Calabria,10,10,9,9,9,6,8,8.714285714285714,2,Woman or Non-binary,"University degree or higher (e.g. Bachelor's, Master's, PhD)","In paid employment or self-employment (including part-time work, temporary absence from work, or helping in a family business)",3,Suburban,Prefer not to say,No,No,No,Mother tongue / Very well,Very confident — I can do these tasks easily on my own,Non-EU citizen,0,1,1,0,0,0,0,0,I rent the house where I live in (I pay rent every month),Detached house – a house that stands alone and is not joined to any other,I don't know,No,No,No,No,No,I don't know,4.0,Somewhat likely,Yes,Not sure,0,1,0,0,0,0,0,1,5.9,8.6,5.0,1257106.0,27449.4,743.0100000000001,396.14,1155020.242,8.7008,No/Non-religious,Confident — I can understand it with some help,No,No,48.0,45-59,1_Low,3,Couple with children
Italy,Campania,25,25,2,9,25,12,4,14.571428571428571,4,Man,"University degree or higher (e.g. Bachelor's, Master's, PhD)","Attending school, university, or other educational/training programmes",4,Urban,No,No,Yes,No,Mother tongue / Very well,Very confident — I can do these tasks easily on my own,Citizen of this country,0,0,0,0,1,0,0,0,"I live here without paying rent (for example, staying with relatives or friends)","Apartment or flat with less than 10 dwellings – a home in a building with other homes above, below or next to yours",1981-2000,No,No,No,No,No,Yes,4.0,Not applicable,Yes,Not applicable,0,1,0,0,0,0,0,1,5.9,8.6,5.0,1257106.0,91275.5,789.5600000000001,320.4,1155020.242,8.7008,No/Non-religious,Confident — I can understand it with some help,Yes,Yes,22.0,18-29,1_Low,3,Multi-generational / extended
Spain,Castile and León,6,6,4,4,12,9,9,7.142857142857143,1,Man,"University degree or higher (e.g. Bachelor's, Master's, PhD)",Unemployed (actively seeking work or available to start work),1,Rural,No,No,No,No,Well,Very confident — I can do these tasks easily on my own,Citizen of this country,1,0,0,0,0,0,0,0,"I live here without paying rent (for example, staying with relatives or friends)",Semi-detached house – a house joined to one other house,1961-1980,No,No,No,No,Yes,Not applicable,4.0,Not applicable,Yes,Not applicable,0,0,0,0,0,1,0,1,9.2,15.9,7.2,793600.0,982455.0,1049.85,386.85,580422.275,5.6424,No/Non-religious,Very confident — I can understand it easily,Yes,Yes,34.0,30-44,1_Low,1,Lives alone
Germany,Berlin,8,12,6,8,8,4,16,8.857142857142858,2,Man,"University degree or higher (e.g. Bachelor's, Master's, PhD)","In paid employment or self-employment (including part-time work, temporary absence from work, or helping in a family business)",1,Urban,No,No,No,No,Well,Very confident — I can do these tasks easily on my own,Non-EU citizen,1,0,0,0,0,0,0,0,I rent the house where I live in (I pay rent every month),Terraced house – a house that is part of a row of houses joined together,1961-1980,"Yes, once","Yes, twice or more",No,No,No,Yes,3.0,Not applicable,No,Not applicable,0,1,0,1,0,0,1,3,4.6,5.7,11.2,1876818.0,122677.83,1750.33,24.56,2215295.198,6.9347,No/Non-religious,Very confident — I can understand it easily,No,No,31.0,30-44,3_High,4,Lives alone
Portugal,Norte,25,25,25,3,1,1,1,11.571428571428571,4,Man,"University degree or higher (e.g. Bachelor's, Master's, PhD)","In paid employment or self-employment (including part-time work, temporary absence from work, or helping in a family business)",1,Rural,No,No,No,No,Well,Very confident — I can do these tasks easily on my own,Citizen of this country,1,0,0,0,0,0,0,0,I rent the house where I live in (I pay rent every month),Detached house – a house that stands alone and is not joined to any other,I don't know,"Yes, twice or more",No,No,Yes,Yes,Not applicable,5.0,Not applicable,No,Not applicable,1,1,1,1,0,1,0,5,3.6,15.6,6.3,166851.3,51301.77,1038.89,227.41,128035.143,4.653,No/Non-religious,Very confident — I can understand it easily,Yes,Yes,72.0,60+,2_Medium,1,Lives alone
Italy,Emilia-Romagna,25,25,9,16,16,25,9,17.857142857142858,5,Woman or Non-binary,Further education or training after school (not university),"In paid employment or self-employment (including part-time work, temporary absence from work, or helping in a family business)",3,Urban,No,No,No,No,Well,Very confident — I can do these tasks easily on my own,Citizen of this country,0,0,0,1,0,0,0,0,I own the house or flat where I live and I do not pay a mortgage,Detached house – a house that stands alone and is not joined to any other,1945-1960,No,No,No,No,No,Yes,5.0,Not applicable,Yes,Not applicable,0,1,0,1,1,0,0,3,5.9,8.6,5.0,1257106.0,131258.7,1166.93,256.8,1155020.242,8.7008,No/Non-religious,Very confident — I can understand it easily,Yes,Yes,54.0,45-59,1_Low,6,Single parent
Italy,Apulia,4,4,12,4,9,5,8,6.571428571428571,1,Woman or Non-binary,Further education or training after school (not university),"Attending school, university, or other educational/training programmes",4,Urban,Prefer not to say,No,Yes,No,Well,Confident or less confident,Citizen of this country,0,0,0,0,1,0,0,0,I own the house or flat where I live and I do not pay a mortgage,"Apartment or flat with more than 10 dwellings – a home in a building with other homes above, below or next to yours",1961-1980,No,No,Yes,No,Yes,Not applicable,5.0,Not applicable,Yes,Not applicable,0,0,0,0,0,0,1,1,5.9,8.6,5.0,1257106.0,65418.9,640.14,517.28,1155020.242,8.7008,No/Non-religious,Confident — I can understand it with some help,Yes,Yes,23.0,18-29,1_Low,3,Multi-generational / extended
Italy,Veneto,12,12,8,1,5,5,5,6.857142857142857,1,Man,"University degree or higher (e.g. Bachelor's, Master's, PhD)",Retired,2,Suburban,No,No,No,Yes,Mother tongue / Very well,Very confident — I can do these tasks easily on my own,Citizen of this country,0,1,0,0,0,0,0,0,I own the house or flat where I live and I do not pay a mortgage,Semi-detached house – a house joined to one other house,Before 1945,No,No,No,No,No,I don't know,1.0,Unlikely,Yes,Yes,1,1,1,1,0,0,0,4,5.9,8.6,5.0,1257106.0,131344.4,1383.24,196.68,1155020.242,8.7008,No/Non-religious,Very confident — I can understand it easily,No,No,58.0,45-59,1_Low,5,"Couple, no children"
Germany,Düsseldorf,12,4,1,1,1,1,1,3.0,1,Man,Further education or training after school (not university),"In paid employment or self-employment (including part-time work, temporary absence from work, or helping in a family business)",2,Suburban,No,No,No,No,Well,Very confident — I can do these tasks easily on my own,Citizen of this country,0,1,0,0,0,0,0,0,I own the house or flat where I live and I do not pay a mortgage,Detached house – a house that stands alone and is not joined to any other,2016-2021,No,No,Yes,No,Yes,Not applicable,5.0,Not applicable,Yes,Not applicable,0,0,0,0,0,0,0,0,4.6,5.7,11.2,1876818.0,176736.87,1540.0,38.40000000000001,2215295.198,6.9347,No/Non-religious,Very confident — I can understand it easily,Yes,No,65.0,60+,1_Low,6,"Couple, no children"
Germany,Cologne,25,25,20,6,9,20,4,15.571428571428571,5,Woman or Non-binary,Further education or training after school (not university),"In paid employment or self-employment (including part-time work, temporary absence from work, or helping in a family business)",2,Suburban,No,No,No,No,Mother tongue / Very well,Very confident — I can do these tasks easily on my own,Citizen of this country,0,1,0,0,0,0,0,0,I rent the house where I live in (I pay rent every month),Detached house – a house that stands alone and is not joined to any other,1945-1960,No,No,No,No,No,I don't know,1.0,Somewhat unlikely,Not sure,Not sure,1,0,1,1,0,1,1,5,4.6,5.7,11.2,1876818.0,2903658.0,1919.09,19.17,2215295.198,6.9347,No/Non-religious,Confident — I can understand it with some help,Yes,Yes,44.0,30-44,3_High,9,"Couple, no children"
Italy,Sardinia,25,25,20,12,10,20,15,18.142857142857142,5,Woman or Non-binary,Further education or training after school (not university),"In paid employment or self-employment (including part-time work, temporary absence from work, or helping in a family business)",2,Suburban,No,No,No,No,Well,Very confident — I can do these tasks easily on my own,Citizen of this country,0,1,0,0,0,0,0,0,I rent the house where I live in (I pay rent every month),Detached house – a house that stands alone and is not joined to any other,2011-2015,No,No,No,No,No,No,5.0,Likely,No,Not sure,0,1,0,0,0,0,0,1,5.9,8.6,5.0,1257106.0,28698.6,601.4699999999999,423.04,1155020.242,8.7008,No/Non-religious,Not very confident — I often need help or support,Yes,No,34.0,30-44,2_Medium,4,"Couple, no children"
Spain,Extremadura,5,5,5,5,5,5,5,5.0,1,Woman or Non-binary,"University degree or higher (e.g. Bachelor's, Master's, PhD)","In paid employment or self-employment (including part-time work, temporary absence from work, or helping in a family business)",3,Suburban,No,No,No,No,Mother tongue / Very well,Very confident — I can do these tasks easily on my own,Citizen of this country,0,0,1,0,0,0,0,0,I own the house or flat where I live and I am paying it with a mortgage,Detached house – a house that stands alone and is not joined to any other,1981-2000,"Yes, once","Yes, once",No,No,No,Yes,5.0,Not applicable,Yes,Not applicable,0,0,0,1,0,0,0,1,9.2,15.9,7.2,793600.0,15768.1,741.72,634.58,580422.275,5.6424,No/Non-religious,Confident — I can understand it with some help,No,No,35.0,30-44,3_High,4,Single parent
Germany,Lower Franconia,12,16,4,2,1,12,4,7.285714285714286,2,Man,"University degree or higher (e.g. Bachelor's, Master's, PhD)","In paid employment or self-employment (including part-time work, temporary absence from work, or helping in a family business)",1,Rural,No,No,No,No,Well,Very confident — I can do these tasks easily on my own,Citizen of this country,1,0,0,0,0,0,0,0,I rent the house where I live in (I pay rent every month),"Apartment or flat with less than 10 dwellings – a home in a building with other homes above, below or next to yours",1961-1980,No,No,No,No,No,I don't know,5.0,Somewhat likely,Yes,Not sure,0,0,0,0,0,1,0,1,4.6,5.7,11.2,1876818.0,2903658.0,1919.09,19.17,2215295.198,6.9347,No/Non-religious,Very confident — I can understand it easily,Yes,Yes,29.0,18-29,1_Low,6,Lives alone
Italy,Veneto,20,25,15,9,20,20,16,17.857142857142858,5,Woman or Non-binary,"University degree or higher (e.g. Bachelor's, Master's, PhD)",Unemployed (actively seeking work or available to start work),3,Urban,No,No,Yes,No,Mother tongue / Very well,Very confident — I can do these tasks easily on my own,Citizen of this country,0,1,0,0,0,0,0,0,I rent the house where I live in (I pay rent every month),"Apartment or flat with less than 10 dwellings – a home in a building with other homes above, below or next to yours",I don't know,No,No,No,No,Yes,Not applicable,5.0,Not applicable,No,Not applicable,1,1,1,0,0,0,1,4,5.9,8.6,5.0,1257106.0,131344.4,1383.24,196.68,1155020.242,8.7008,No/Non-religious,Confident — I can understand it with some help,No,No,30.0,30-44,2_Medium,2,"Couple, no children"
Italy,Emilia-Romagna,12,20,20,16,9,12,5,13.428571428571429,4,Man,Further education or training after school (not university),"In paid employment or self-employment (including part-time work, temporary absence from work, or helping in a family business)",1,Suburban,No,No,No,No,Mother tongue / Very well,Very confident — I can do these tasks easily on my own,Citizen of this country,1,0,0,0,0,0,0,0,I rent the house where I live in (I pay rent every month),"Apartment or flat with less than 10 dwellings – a home in a building with other homes above, below or next to yours",1981-2000,"Yes, once","Yes, once",Yes,Yes,I don't know,I don't know,3.0,Somewhat likely,Yes,Not sure,1,0,1,1,0,0,0,3,5.9,8.6,5.0,1257106.0,131258.7,1166.93,256.8,1155020.242,8.7008,No/Non-religious,Confident — I can understand it with some help,Yes,Yes,35.0,30-44,3_High,2,Lives alone
Italy,Veneto,20,25,25,9,1,9,9,14.0,4,Woman or Non-binary,"University degree or higher (e.g. Bachelor's, Master's, PhD)","In paid employment or self-employment (including part-time work, temporary absence from work, or helping in a family business)",2,Urban,Yes,No,No,No,Well,Very confident — I can do these tasks easily on my own,Non-EU citizen,0,1,0,0,0,0,0,0,I rent the house where I live in (I pay rent every month),Semi-detached house – a house joined to one other house,Before 1945,No,No,No,No,No,No,5.0,Very likely,No,Yes,1,1,0,1,0,0,0,3,5.9,8.6,5.0,1257106.0,131344.4,1383.24,196.68,1155020.242,8.7008,No/Non-religious,Very confident — I can understand it easily,No,No,39.0,30-44,2_Medium,3,"Couple, no children"
Spain,Community of Madrid,9,9,9,1,1,1,1,4.428571428571429,1,Woman or Non-binary,"University degree or higher (e.g. Bachelor's, Master's, PhD)","In paid employment or self-employment (including part-time work, temporary absence from work, or helping in a family business)",1,Suburban,No,No,No,Yes,Mother tongue / Very well,Confident or less confident,Non-EU citizen,1,0,0,0,0,0,0,0,I own the house or flat where I live and I am paying it with a mortgage,"Apartment or flat with more than 10 dwellings – a home in a building with other homes above, below or next to yours",1961-1980,No,No,No,No,Yes,Not applicable,1.0,Not applicable,No,Not applicable,0,1,0,0,0,0,0,1,9.2,15.9,7.2,793600.0,194229.0,1124.85,498.39,580422.275,5.6424,Yes,Confident — I can understand it with some help,No,No,64.0,60+,2_Medium,3,Lives alone
Germany,Dresden,12,12,1,6,8,6,4,7.0,1,Man,"University degree or higher (e.g. Bachelor's, Master's, PhD)","In paid employment or self-employment (including part-time work, temporary absence from work, or helping in a family business)",1,Urban,No,No,No,No,Well,Very confident — I can do these tasks easily on my own,Citizen of this country,1,0,0,0,0,0,0,0,I rent the house where I live in (I pay rent every month),"Apartment or flat with less than 10 dwellings – a home in a building with other homes above, below or next to yours",1961-1980,No,No,No,No,Yes,Not applicable,4.0,Not applicable,Yes,Not applicable,1,1,0,0,0,0,0,2,4.6,5.7,11.2,1876818.0,43540.54,2012.55,15.31,2215295.198,6.9347,No/Non-religious,Confident — I can understand it with some help,Yes,Yes,32.0,30-44,2_Medium,7,Lives alone
Spain,Catalonia,8,16,8,8,9,8,16,10.428571428571429,3,Man,"University degree or higher (e.g. Bachelor's, Master's, PhD)","In paid employment or self-employment (including part-time work, temporary absence from work, or helping in a family business)",2,Urban,No,No,No,No,Mother tongue / Very well,Confident or less confident,Citizen of this country,0,1,0,0,0,0,0,0,I own the house or flat where I live and I do not pay a mortgage,"Apartment or flat with less than 10 dwellings – a home in a building with other homes above, below or next to yours",1961-1980,No,No,No,No,No,I don't know,5.0,Somewhat unlikely,No,Not sure,0,1,0,0,0,0,0,1,9.2,15.9,7.2,793600.0,186166.0,1078.88,341.51,580422.275,5.6424,No/Non-religious,Not at all confident — I find it very difficult to understand my energy bill.,No,No,51.0,45-59,1_Low,3,"Couple, no children"
Spain,Navarre,20,25,9,6,9,25,1,13.571428571428571,4,Woman or Non-binary,"University degree or higher (e.g. Bachelor's, Master's, PhD)","In paid employment or self-employment (including part-time work, temporary absence from work, or helping in a family business)",3,Suburban,No,No,No,No,Well,Very confident — I can do these tasks easily on my own,Citizen of this country,0,0,0,0,1,0,0,0,I rent the house where I live in (I pay rent every month),"Apartment or flat with less than 10 dwellings – a home in a building with other homes above, below or next to yours",1961-1980,No,No,No,No,Yes,Not applicable,4.0,Not applicable,No,Not applicable,0,1,0,0,0,0,0,1,9.2,15.9,7.2,793600.0,16018.5,1159.22,214.16,580422.275,5.6424,No/Non-religious,Confident — I can understand it with some help,Yes,Yes,32.0,30-44,1_Low,3,Multi-generational / extended
Italy,Campania,12,20,12,16,20,20,20,17.142857142857142,5,Man,Further education or training after school (not university),"In paid employment or self-employment (including part-time work, temporary absence from work, or helping in a family business)",2,Suburban,No,No,Prefer not to say,No,Mother tongue / Very well,Very confident — I can do these tasks easily on my own,Citizen of this country,0,1,0,0,0,0,0,0,I own the house or flat where I live and I am paying it with a mortgage,"Apartment or flat with less than 10 dwellings – a home in a building with other homes above, below or next to yours",1981-2000,No,"Yes, once",No,No,I don't know,Yes,4.0,Not applicable,Not sure,Not applicable,0,0,1,0,1,0,1,3,5.9,8.6,5.0,1257106.0,91275.5,789.5600000000001,320.4,1155020.242,8.7008,No/Non-religious,Not very confident — I often need help or support,Yes,Yes,29.0,18-29,1_Low,1,"Couple, no children"
Germany,Cologne,25,25,25,1,9,20,15,17.142857142857142,5,Woman or Non-binary,"University degree or higher (e.g. Bachelor's, Master's, PhD)","In paid employment or self-employment (including part-time work, temporary absence from work, or helping in a family business)",6,Rural,No,Yes,No,No,Mother tongue / Very well,Confident or less confident,Citizen of this country,0,0,0,1,0,0,0,0,I own the house or flat where I live and I am paying it with a mortgage,Detached house – a house that stands alone and is not joined to any other,2001-2010,"Yes, once",No,No,No,No,Yes,3.0,Not applicable,Not sure,Not applicable,0,0,0,0,0,0,0,0,4.6,5.7,11.2,1876818.0,2903658.0,1919.09,19.17,2215295.198,6.9347,No/Non-religious,Not very confident — I often need help or support,Yes,Yes,62.0,60+,2_Medium,3,Single parent
Germany,Hannover,15,15,5,8,1,5,5,7.714285714285714,2,Woman or Non-binary,"University degree or higher (e.g. Bachelor's, Master's, PhD)","In paid employment or self-employment (including part-time work, temporary absence from work, or helping in a family business)",3,Suburban,No,No,Yes,No,Mother tongue / Very well,Confident or less confident,Citizen of this country,0,0,0,0,1,0,0,0,I own the house or flat where I live and I do not pay a mortgage,Detached house – a house that stands alone and is not joined to any other,1981-2000,No,No,No,No,No,No,1.0,Very unlikely,Yes,Not sure,0,1,0,0,0,0,0,1,4.6,5.7,11.2,1876818.0,71168.44,1758.37,19.02,2215295.198,6.9347,No/Non-religious,Confident — I can understand it with some help,Yes,Yes,43.0,30-44,2_Medium,5,Multi-generational / extended
Germany,Lower Bavaria,20,12,12,10,20,15,25,16.285714285714285,5,Man,Further education or training after school (not university),"Attending school, university, or other educational/training programmes",3,Urban,No,No,Yes,No,Mother tongue / Very well,Very confident — I can do these tasks easily on my own,Citizen of this country,0,0,0,0,0,0,0,1,I rent the house where I live in (I pay rent every month),Detached house – a house that stands alone and is not joined to any other,1961-1980,No,No,No,No,I don't know,I don't know,5.0,Very likely,No,Yes,1,0,0,1,0,0,1,3,4.6,5.7,11.2,1876818.0,2903658.0,1919.09,19.17,2215295.198,6.9347,No/Non-religious,Not very confident — I often need help or support,Yes,Yes,22.0,18-29,2_Medium,3,Other shared
Italy,Lazio,16,20,8,16,12,12,12,13.714285714285714,4,Man,"University degree or higher (e.g. Bachelor's, Master's, PhD)","In paid employment or self-employment (including part-time work, temporary absence from work, or helping in a family business)",3,Urban,No,Yes,No,No,Well,Very confident — I can do these tasks easily on my own,Citizen of this country,0,0,0,0,1,0,0,0,I own the house or flat where I live and I am paying it with a mortgage,"Apartment or flat with more than 10 dwellings – a home in a building with other homes above, below or next to yours",1981-2000,No,No,No,No,No,Yes,4.0,Not applicable,Yes,Not applicable,1,1,1,0,0,0,0,3,5.9,8.6,5.0,1257106.0,150307.6,798.71,361.74,1155020.242,8.7008,No/Non-religious,Very confident — I can understand it easily,Yes,Yes,37.0,30-44,3_High,6,Multi-generational / extended
Spain,Community of Madrid,4,4,1,1,6,2,1,2.7142857142857144,1,Man,"University degree or higher (e.g. Bachelor's, Master's, PhD)","In paid employment or self-employment (including part-time work, temporary absence from work, or helping in a family business)",4,Rural,No,Yes,No,No,Not very well or worse,Very confident — I can do these tasks easily on my own,Citizen of this country,0,1,1,0,0,0,0,0,I own the house or flat where I live and I do not pay a mortgage,Semi-detached house – a house joined to one other house,2001-2010,No,No,No,No,Yes,Not applicable,3.0,Not applicable,Yes,Not applicable,0,0,1,1,0,0,0,2,9.2,15.9,7.2,793600.0,194229.0,1124.85,498.39,580422.275,5.6424,No/Non-religious,Confident — I can understand it with some help,Yes,Yes,62.0,60+,1_Low,7,Couple with children
Germany,Hamburg,16,16,4,8,6,6,4,8.571428571428571,2,Man,"University degree or higher (e.g. Bachelor's, Master's, PhD)","In paid employment or self-employment (including part-time work, temporary absence from work, or helping in a family business)",0,Urban,No,No,No,No,Well,Very confident — I can do these tasks easily on my own,Citizen of this country,1,0,0,0,0,0,0,0,I rent the house where I live in (I pay rent every month),"Apartment or flat with more than 10 dwellings – a home in a building with other homes above, below or next to yours",1981-2000,No,No,No,No,No,No,3.0,Somewhat likely,Yes,Yes,0,0,0,1,0,0,0,1,4.6,5.7,11.2,1876818.0,75366.23,1792.43,12.98,2215295.198,6.9347,No/Non-religious,Confident — I can understand it with some help,Yes,Yes,31.0,30-44,1_Low,6,Lives alone
Germany,Saarland,12,9,8,9,6,16,12,10.285714285714286,3,Man,"University degree or higher (e.g. Bachelor's, Master's, PhD)","In paid employment or self-employment (including part-time work, temporary absence from work, or helping in a family business)",5,Suburban,No,No,No,No,Well,Confident or less confident,Non-EU citizen,0,0,0,0,0,0,0,1,I rent the house where I live in (I pay rent every month),"Apartment or flat with less than 10 dwellings – a home in a building with other homes above, below or next to yours",1981-2000,"Yes, once","Yes, twice or more",No,No,No,Yes,4.0,Not applicable,Yes,Not applicable,0,1,1,1,0,1,0,4,4.6,5.7,11.2,1876818.0,29257.55,1706.14,44.12,2215295.198,6.9347,No/Non-religious,Confident — I can understand it with some help,No,No,26.0,18-29,1_Low,2,Other shared
Italy,Lazio,9,6,1,3,6,8,6,5.571428571428571,1,Man,Primary or Secondary education,"In paid employment or self-employment (including part-time work, temporary absence from work, or helping in a family business)",2,Urban,No,No,No,No,Well,Very confident — I can do these tasks easily on my own,Citizen of this country,0,1,0,0,0,0,0,0,I rent the house where I live in (I pay rent every month),"Apartment or flat with more than 10 dwellings – a home in a building with other homes above, below or next to yours",1961-1980,No,No,No,No,Yes,Not applicable,5.0,Not applicable,No,Not applicable,1,0,0,0,0,0,0,1,5.9,8.6,5.0,1257106.0,150307.6,798.71,361.74,1155020.242,8.7008,No/Non-religious,Very confident — I can understand it easily,Yes,Yes,41.0,30-44,3_High,3,"Couple, no children"
Spain,Catalonia,9,20,6,9,6,4,9,9.0,2,Woman or Non-binary,"University degree or higher (e.g. Bachelor's, Master's, PhD)","In paid employment or self-employment (including part-time work, temporary absence from work, or helping in a family business)",1,Urban,No,No,No,No,Well,Very confident — I can do these tasks easily on my own,Citizen of this country,1,0,0,0,0,0,0,0,I own the house or flat where I live and I am paying it with a mortgage,"Apartment or flat with less than 10 dwellings – a home in a building with other homes above, below or next to yours",2011-2015,No,No,No,No,No,No,3.0,Very likely,No,Not sure,1,0,0,1,0,0,0,2,9.2,15.9,7.2,793600.0,186166.0,1078.88,341.51,580422.275,5.6424,No/Non-religious,Very confident — I can understand it easily,Yes,Yes,50.0,45-59,3_High,3,Lives alone
Spain,Catalonia,16,25,16,9,4,9,25,14.857142857142858,5,Woman or Non-binary,"University degree or higher (e.g. Bachelor's, Master's, PhD)","In paid employment or self-employment (including part-time work, temporary absence from work, or helping in a family business)",3,Urban,No,No,No,No,Mother tongue / Very well,Very confident — I can do these tasks easily on my own,Citizen of this country,0,1,1,0,0,0,0,0,I own the house or flat where I live and I am paying it with a mortgage,"Apartment or flat with more than 10 dwellings – a home in a building with other homes above, below or next to yours",2001-2010,No,"Yes, once",No,No,Yes,Not applicable,5.0,Not applicable,Yes,Not applicable,0,0,0,1,0,1,0,2,9.2,15.9,7.2,793600.0,186166.0,1078.88,341.51,580422.275,5.6424,No/Non-religious,Very confident — I can understand it easily,Yes,Yes,41.0,30-44,2_Medium,6,Couple with children
Italy,Lazio,12,8,12,8,12,12,12,10.857142857142858,3,Man,"University degree or higher (e.g. Bachelor's, Master's, PhD)","In paid employment or self-employment (including part-time work, temporary absence from work, or helping in a family business)",3,Urban,No,No,No,No,Well,Confident or less confident,Citizen of this country,0,1,1,0,0,0,0,0,I own the house or flat where I live and I do not pay a mortgage,"Apartment or flat with less than 10 dwellings – a home in a building with other homes above, below or next to yours",2016-2021,No,"Yes, once",No,No,Yes,Not applicable,4.0,Not applicable,Yes,Not applicable,1,0,0,0,0,0,0,1,5.9,8.6,5.0,1257106.0,150307.6,798.71,361.74,1155020.242,8.7008,No/Non-religious,Confident — I can understand it with some help,Yes,Yes,35.0,30-44,1_Low,3,Couple with children
Italy,Piedmont,12,12,9,15,6,6,12,10.285714285714286,3,Man,Primary or Secondary education,Unemployed (actively seeking work or available to start work),2,Urban,No,No,No,No,Not very well or worse,Confident or less confident,Citizen of this country,0,0,0,0,1,0,0,0,I rent the house where I live in (I pay rent every month),"Apartment or flat with more than 10 dwellings – a home in a building with other homes above, below or next to yours",1961-1980,No,No,No,No,No,No,3.0,Likely,Not sure,Yes,0,0,0,1,0,0,0,1,5.9,8.6,5.0,1257106.0,115962.7,1658.0,142.32,1155020.242,8.7008,No/Non-religious,Very confident — I can understand it easily,Yes,Yes,45.0,45-59,3_High,3,Multi-generational / extended
Germany,Karlsruhe,16,16,6,6,12,8,9,10.428571428571429,3,Man,Primary or Secondary education,"Attending school, university, or other educational/training programmes",2,Urban,No,No,No,No,Well,Very confident — I can do these tasks easily on my own,Citizen of this country,0,1,0,0,0,0,0,0,I rent the house where I live in (I pay rent every month),"Apartment or flat with more than 10 dwellings – a home in a building with other homes above, below or next to yours",1961-1980,No,No,No,No,I don't know,I don't know,4.0,Likely,Not sure,Yes,0,0,0,1,0,0,0,1,4.6,5.7,11.2,1876818.0,106148.97,1828.77,45.16,2215295.198,6.9347,No/Non-religious,Confident — I can understand it with some help,Yes,Yes,20.0,18-29,1_Low,1,"Couple, no children"
Germany,Berlin,16,20,1,6,6,6,2,8.142857142857142,2,Man,Primary or Secondary education,"In paid employment or self-employment (including part-time work, temporary absence from work, or helping in a family business)",2,Urban,No,No,No,No,Well,Very confident — I can do these tasks easily on my own,Citizen of this country,0,1,0,0,0,0,0,0,I rent the house where I live in (I pay rent every month),"Apartment or flat with more than 10 dwellings – a home in a building with other homes above, below or next to yours",1961-1980,No,No,No,No,No,No,3.0,Somewhat likely,Not sure,Yes,0,0,0,0,0,0,0,0,4.6,5.7,11.2,1876818.0,122677.83,1750.33,24.56,2215295.198,6.9347,No/Non-religious,Confident — I can understand it with some help,Yes,Yes,44.0,30-44,3_High,8,"Couple, no children"
Italy,Lombardy,16,20,9,10,20,4,4,11.857142857142858,4,Woman or Non-binary,Primary or Secondary education,"In paid employment or self-employment (including part-time work, temporary absence from work, or helping in a family business)",2,Suburban,No,No,No,Yes,Mother tongue / Very well,Very confident — I can do these tasks easily on my own,Citizen of this country,0,1,0,0,0,0,0,0,I rent the house where I live in (I pay rent every month),"Apartment or flat with more than 10 dwellings – a home in a building with other homes above, below or next to yours",1961-1980,No,No,No,No,No,I don't know,5.0,Very likely,Yes,Not sure,1,0,1,0,0,0,0,2,5.9,8.6,5.0,1257106.0,322158.3,1471.71,214.79,1155020.242,8.7008,No/Non-religious,Very confident — I can understand it easily,Yes,Yes,34.0,30-44,2_Medium,3,"Couple, no children"
Germany,Hannover,1,2,4,4,2,4,1,2.5714285714285716,1,Man,Further education or training after school (not university),"In paid employment or self-employment (including part-time work, temporary absence from work, or helping in a family business)",3,Urban,Prefer not to say,No,No,No,Well,Very confident — I can do these tasks easily on my own,Citizen of this country,0,0,0,0,0,0,0,1,I rent the house where I live in (I pay rent every month),"Apartment or flat with less than 10 dwellings – a home in a building with other homes above, below or next to yours",1981-2000,No,"Yes, once",No,No,No,Yes,5.0,Not applicable,Yes,Not applicable,1,1,0,1,0,0,0,3,4.6,5.7,11.2,1876818.0,71168.44,1758.37,19.02,2215295.198,6.9347,No/Non-religious,Confident — I can understand it with some help,Yes,Yes,27.0,18-29,3_High,7,Other shared
Spain,Community of Madrid,16,20,1,2,2,1,1,6.142857142857143,1,Man,"University degree or higher (e.g. Bachelor's, Master's, PhD)","In paid employment or self-employment (including part-time work, temporary absence from work, or helping in a family business)",3,Urban,No,No,No,No,Mother tongue / Very well,Very confident — I can do these tasks easily on my own,Citizen of this country,0,1,1,0,0,0,0,0,I own the house or flat where I live and I do not pay a mortgage,"Apartment or flat with more than 10 dwellings – a home in a building with other homes above, below or next to yours",2001-2010,No,No,No,No,Yes,Not applicable,5.0,Not applicable,Yes,Not applicable,0,0,1,1,0,0,0,2,9.2,15.9,7.2,793600.0,194229.0,1124.85,498.39,580422.275,5.6424,No/Non-religious,Confident — I can understand it with some help,Yes,Yes,41.0,30-44,1_Low,5,Couple with children
Italy,Lombardy,8,12,4,8,12,15,6,9.285714285714286,2,Man,"University degree or higher (e.g. Bachelor's, Master's, PhD)","In paid employment or self-employment (including part-time work, temporary absence from work, or helping in a family business)",2,Urban,Yes,No,No,No,Well,Very confident — I can do these tasks easily on my own,Citizen of this country,0,1,0,0,0,0,0,0,I own the house or flat where I live and I do not pay a mortgage,"Apartment or flat with more than 10 dwellings – a home in a building with other homes above, below or next to yours",1981-2000,No,No,No,No,No,No,5.0,Unlikely,Yes,Yes,0,1,0,1,1,0,0,3,5.9,8.6,5.0,1257106.0,322158.3,1471.71,214.79,1155020.242,8.7008,No/Non-religious,Very confident — I can understand it easily,Yes,Yes,38.0,30-44,1_Low,4,"Couple, no children"
Germany,Lower Franconia,9,9,8,3,9,4,5,6.714285714285714,1,Man,Primary or Secondary education,"In paid employment or self-employment (including part-time work, temporary absence from work, or helping in a family business)",1,Rural,No,No,No,No,Well,Very confident — I can do these tasks easily on my own,Citizen of this country,1,0,0,0,0,0,0,0,I rent the house where I live in (I pay rent every month),"Apartment or flat with less than 10 dwellings – a home in a building with other homes above, below or next to yours",I don't know,No,No,No,No,No,No,5.0,Not sure,Yes,Not sure,0,0,0,1,0,0,0,1,4.6,5.7,11.2,1876818.0,2903658.0,1919.09,19.17,2215295.198,6.9347,No/Non-religious,Very confident — I can understand it easily,Yes,Yes,51.0,45-59,2_Medium,5,Lives alone
Germany,Chemnitz,20,20,15,6,5,25,8,14.142857142857142,4,Man,"University degree or higher (e.g. Bachelor's, Master's, PhD)","Attending school, university, or other educational/training programmes",4,Suburban,Yes,No,No,No,Mother tongue / Very well,Very confident — I can do these tasks easily on my own,Non-EU citizen,0,0,0,0,0,0,0,1,I rent the house where I live in (I pay rent every month),"Apartment or flat with more than 10 dwellings – a home in a building with other homes above, below or next to yours",1981-2000,"Yes, twice or more","Yes, twice or more",No,No,No,I don't know,4.0,Somewhat likely,No,Not sure,0,0,1,0,1,0,0,2,4.6,5.7,11.2,1876818.0,35748.58,2184.81,12.46,2215295.198,6.9347,Yes,Confident — I can understand it with some help,No,No,27.0,18-29,2_Medium,1,Other shared
Germany,Berlin,6,6,6,2,8,2,1,4.428571428571429,1,Man,"University degree or higher (e.g. Bachelor's, Master's, PhD)","Attending school, university, or other educational/training programmes",1,Urban,Yes,Prefer not to say,No,Yes,Mother tongue / Very well,Very confident — I can do these tasks easily on my own,Non-EU citizen,1,0,0,0,0,0,0,0,I rent the house where I live in (I pay rent every month),"Apartment or flat with more than 10 dwellings – a home in a building with other homes above, below or next to yours",2022 or after,No,No,No,No,No,No,5.0,Very unlikely,No,Not sure,0,0,0,0,0,0,0,0,4.6,5.7,11.2,1876818.0,122677.83,1750.33,24.56,2215295.198,6.9347,No/Non-religious,Confident — I can understand it with some help,No,No,27.0,18-29,2_Medium,2,Lives alone
Spain,Canary Islands,12,16,16,9,20,25,25,17.571428571428573,5,Woman or Non-binary,Primary or Secondary education,"In paid employment or self-employment (including part-time work, temporary absence from work, or helping in a family business)",1,Suburban,No,No,No,No,Mother tongue / Very well,Very confident — I can do these tasks easily on my own,EU citizen from another country,1,0,0,0,0,0,0,0,I own the house or flat where I live and I do not pay a mortgage,"Apartment or flat with less than 10 dwellings – a home in a building with other homes above, below or next to yours",2001-2010,No,No,No,No,No,Yes,4.0,Not applicable,Not sure,Not applicable,0,1,0,0,0,0,0,1,9.2,15.9,7.2,793600.0,37496.4,31.51,196.1,580422.275,5.6424,No/Non-religious,Not at all confident — I find it very difficult to understand my energy bill.,No,No,50.0,45-59,1_Low,3,Lives alone
Spain,Asturias,9,9,9,9,9,9,9,9.0,2,Woman or Non-binary,"University degree or higher (e.g. Bachelor's, Master's, PhD)",Unemployed (actively seeking work or available to start work),2,Urban,No,No,No,No,Well,Very confident — I can do these tasks easily on my own,Citizen of this country,0,1,0,0,0,0,0,0,I own the house or flat where I live and I am paying it with a mortgage,"Apartment or flat with more than 10 dwellings – a home in a building with other homes above, below or next to yours",1961-1980,No,No,No,No,No,No,1.0,Very unlikely,No,Not sure,1,0,0,0,0,0,0,1,9.2,15.9,7.2,793600.0,18640.9,1167.29,22.47,580422.275,5.6424,No/Non-religious,Very confident — I can understand it easily,Yes,Yes,47.0,45-59,2_Medium,5,"Couple, no children"
Italy,Tuscany,16,20,12,20,20,15,10,16.142857142857142,5,Man,"University degree or higher (e.g. Bachelor's, Master's, PhD)","In paid employment or self-employment (including part-time work, temporary absence from work, or helping in a family business)",4,Suburban,No,No,No,No,Well,Very confident — I can do these tasks easily on my own,Citizen of this country,0,1,1,0,0,0,0,0,I own the house or flat where I live and I am paying it with a mortgage,"Apartment or flat with more than 10 dwellings – a home in a building with other homes above, below or next to yours",2001-2010,No,No,No,No,Yes,Not applicable,5.0,Not applicable,Yes,Not applicable,1,1,1,0,1,0,1,5,5.9,8.6,5.0,1257106.0,1436758.9,1108.69,287.36,1155020.242,8.7008,No/Non-religious,Very confident — I can understand it easily,Yes,Yes,53.0,45-59,3_High,7,Couple with children
Germany,Schleswig-Holstein,6,6,3,4,1,3,3,3.7142857142857144,1,Man,Further education or training after school (not university),"In paid employment or self-employment (including part-time work, temporary absence from work, or helping in a family business)",2,Urban,No,No,No,No,Mother tongue / Very well,Very confident — I can do these tasks easily on my own,Citizen of this country,0,1,0,0,0,0,0,0,I rent the house where I live in (I pay rent every month),Semi-detached house – a house joined to one other house,1981-2000,No,No,No,No,No,No,3.0,Unlikely,Yes,Not sure,0,0,0,0,0,0,0,0,4.6,5.7,11.2,1876818.0,102135.81,1883.8,3.69,2215295.198,6.9347,No/Non-religious,Very confident — I can understand it easily,Yes,Yes,21.0,18-29,2_Medium,7,"Couple, no children"
Germany,Düsseldorf,12,25,8,6,8,6,4,9.857142857142858,3,Man,"University degree or higher (e.g. Bachelor's, Master's, PhD)",Unemployed (actively seeking work or available to start work),2,Urban,No,No,No,No,Mother tongue / Very well,Very confident — I can do these tasks easily on my own,EU citizen from another country,0,1,0,0,0,0,0,0,I rent the house where I live in (I pay rent every month),"Apartment or flat with less than 10 dwellings – a home in a building with other homes above, below or next to yours",1981-2000,No,No,No,No,Yes,Not applicable,5.0,Not applicable,Yes,Not applicable,0,0,0,0,0,0,0,0,4.6,5.7,11.2,1876818.0,176736.87,1540.0,38.40000000000001,2215295.198,6.9347,No/Non-religious,Confident — I can understand it with some help,No,No,29.0,18-29,3_High,5,"Couple, no children"
Italy,Lazio,25,16,16,10,16,4,1,12.571428571428571,4,Man,"University degree or higher (e.g. Bachelor's, Master's, PhD)","In paid employment or self-employment (including part-time work, temporary absence from work, or helping in a family business)",1,Urban,No,No,Yes,No,Mother tongue / Very well,Very confident — I can do these tasks easily on my own,Citizen of this country,1,1,0,0,0,0,0,0,I rent the house where I live in (I pay rent every month),"Apartment or flat with more than 10 dwellings – a home in a building with other homes above, below or next to yours",1961-1980,No,No,No,No,Yes,Not applicable,5.0,Not applicable,Yes,Not applicable,1,0,0,0,0,0,0,1,5.9,8.6,5.0,1257106.0,150307.6,798.71,361.74,1155020.242,8.7008,No/Non-religious,Confident — I can understand it with some help,Yes,Yes,27.0,18-29,2_Medium,5,Lives alone
Spain,Asturias,12,16,9,8,12,9,20,12.285714285714286,4,Woman or Non-binary,"University degree or higher (e.g. Bachelor's, Master's, PhD)","In paid employment or self-employment (including part-time work, temporary absence from work, or helping in a family business)",3,Suburban,No,No,No,No,Mother tongue / Very well,Very confident — I can do these tasks easily on my own,Citizen of this country,0,0,0,0,1,0,0,0,I own the house or flat where I live and I do not pay a mortgage,"Apartment or flat with less than 10 dwellings – a home in a building with other homes above, below or next to yours",2001-2010,No,No,No,No,No,Yes,4.0,Not applicable,Yes,Not applicable,0,0,0,1,0,0,0,1,9.2,15.9,7.2,793600.0,18640.9,1167.29,22.47,580422.275,5.6424,No/Non-religious,Confident — I can understand it with some help,Yes,Yes,26.0,18-29,1_Low,5,Multi-generational / extended
Italy,Marche,6,6,1,6,6,12,9,6.571428571428571,1,Man,"University degree or higher (e.g. Bachelor's, Master's, PhD)","In paid employment or self-employment (including part-time work, temporary absence from work, or helping in a family business)",3,Urban,No,No,No,No,Well,Very confident — I can do these tasks easily on my own,Citizen of this country,0,0,0,0,1,0,0,0,I own the house or flat where I live and I do not pay a mortgage,Terraced house – a house that is part of a row of houses joined together,1981-2000,No,No,No,No,No,No,3.0,Somewhat likely,Yes,Not sure,0,0,0,0,0,1,0,1,5.9,8.6,5.0,1257106.0,34776.0,1017.36,234.21,1155020.242,8.7008,No/Non-religious,Confident — I can understand it with some help,Yes,Yes,36.0,30-44,1_Low,5,Multi-generational / extended
Italy,Friuli-Venezia Giulia,16,9,2,16,16,6,4,9.857142857142858,3,Man,Primary or Secondary education,Retired,2,Rural,No,No,No,No,Mother tongue / Very well,Confident or less confident,Citizen of this country,0,1,0,0,0,0,0,0,I own the house or flat where I live and I do not pay a mortgage,Semi-detached house – a house joined to one other house,1961-1980,No,No,No,No,Yes,Not applicable,4.0,Not applicable,Not sure,Not applicable,1,0,0,1,0,0,0,2,5.9,8.6,5.0,1257106.0,31199.7,1489.03,140.09,1155020.242,8.7008,Prefer not to say,Not very confident — I often need help or support,No,Yes,68.0,60+,1_Low,3,"Couple, no children"
Ireland,Eastern and Midland,25,25,15,1,12,1,1,11.428571428571429,3,Man,"University degree or higher (e.g. Bachelor's, Master's, PhD)","In paid employment or self-employment (including part-time work, temporary absence from work, or helping in a family business)",5,Suburban,No,No,No,No,Mother tongue / Very well,Very confident — I can do these tasks easily on my own,Citizen of this country,0,1,1,0,0,0,0,0,I own the house or flat where I live and I am paying it with a mortgage,Semi-detached house – a house joined to one other house,2001-2010,No,No,No,No,Yes,Not applicable,4.0,Not applicable,Yes,Not applicable,1,0,1,1,0,0,0,3,8.8,4.5,5.3,136200.1,97879.17,1820.78,0.0,106480.447,9.8217,No/Non-religious,Confident — I can understand it with some help,Yes,No,35.0,30-44,3_High,6,Couple with children
Italy,Friuli-Venezia Giulia,12,20,2,16,8,9,1,9.714285714285714,3,Man,"University degree or higher (e.g. Bachelor's, Master's, PhD)","Attending school, university, or other educational/training programmes",3,Suburban,No,No,No,No,Well,Very confident — I can do these tasks easily on my own,Citizen of this country,0,0,0,0,1,0,0,0,I own the house or flat where I live and I do not pay a mortgage,Detached house – a house that stands alone and is not joined to any other,2001-2010,No,No,No,No,Yes,Not applicable,5.0,Not applicable,Yes,Not applicable,0,1,0,0,0,0,0,1,5.9,8.6,5.0,1257106.0,31199.7,1489.03,140.09,1155020.242,8.7008,No/Non-religious,Confident — I can understand it with some help,Yes,Yes,23.0,18-29,1_Low,6,Multi-generational / extended
Germany,Chemnitz,16,16,9,16,20,16,9,14.571428571428571,4,Man,"University degree or higher (e.g. Bachelor's, Master's, PhD)",Unemployed (actively seeking work or available to start work),3,Suburban,No,No,No,No,Mother tongue / Very well,Very confident — I can do these tasks easily on my own,EU citizen from another country,0,0,0,0,1,0,1,0,I own the house or flat where I live and I do not pay a mortgage,"Apartment or flat with more than 10 dwellings – a home in a building with other homes above, below or next to yours",I don't know,No,No,No,No,No,Yes,5.0,Not applicable,Yes,Not applicable,0,1,0,0,0,0,0,1,4.6,5.7,11.2,1876818.0,35748.58,2184.81,12.46,2215295.198,6.9347,No/Non-religious,Not very confident — I often need help or support,No,No,25.0,18-29,1_Low,4,Multi-generational / extended
Spain,Andalusia,12,16,16,25,9,25,9,16.0,5,Woman or Non-binary,"University degree or higher (e.g. Bachelor's, Master's, PhD)","In paid employment or self-employment (including part-time work, temporary absence from work, or helping in a family business)",1,Suburban,No,No,No,No,Mother tongue / Very well,Very confident — I can do these tasks easily on my own,Non-EU citizen,1,0,0,0,0,0,0,0,I own the house or flat where I live and I do not pay a mortgage,Detached house – a house that stands alone and is not joined to any other,1981-2000,No,"Yes, once",No,No,Yes,Not applicable,5.0,Not applicable,Not sure,Not applicable,1,1,1,0,0,1,0,4,9.2,15.9,7.2,793600.0,132060.5,650.85,612.19,580422.275,5.6424,No/Non-religious,Confident — I can understand it with some help,No,No,65.0,60+,1_Low,3,Lives alone
Italy,Piedmont,16,16,6,16,9,16,20,14.142857142857142,4,Woman or Non-binary,"University degree or higher (e.g. Bachelor's, Master's, PhD)","In paid employment or self-employment (including part-time work, temporary absence from work, or helping in a family business)",2,Urban,No,No,No,No,Well,Very confident — I can do these tasks easily on my own,Citizen of this country,0,1,0,0,0,0,0,0,I own the house or flat where I live and I do not pay a mortgage,"Apartment or flat with less than 10 dwellings – a home in a building with other homes above, below or next to yours",1961-1980,No,No,No,No,Yes,Not applicable,3.0,Not applicable,Yes,Not applicable,0,0,0,1,0,0,0,1,5.9,8.6,5.0,1257106.0,115962.7,1658.0,142.32,1155020.242,8.7008,No/Non-religious,Confident — I can understand it with some help,Yes,Yes,52.0,45-59,1_Low,8,"Couple, no children"
Spain,Andalusia,12,9,9,6,9,16,12,10.428571428571429,3,Woman or Non-binary,"University degree or higher (e.g. Bachelor's, Master's, PhD)","In paid employment or self-employment (including part-time work, temporary absence from work, or helping in a family business)",5,Rural,No,No,No,No,Mother tongue / Very well,Confident or less confident,Citizen of this country,0,0,0,0,1,0,1,0,I own the house or flat where I live and I am paying it with a mortgage,"Apartment or flat with less than 10 dwellings – a home in a building with other homes above, below or next to yours",1981-2000,No,No,No,No,No,I don't know,3.0,Somewhat likely,Not sure,Not sure,0,1,0,0,0,0,0,1,9.2,15.9,7.2,793600.0,132060.5,650.85,612.19,580422.275,5.6424,No/Non-religious,Not very confident — I often need help or support,Yes,Yes,36.0,30-44,2_Medium,4,Multi-generational / extended
Spain,Andalusia,25,25,25,9,25,25,20,22.0,5,Man,"University degree or higher (e.g. Bachelor's, Master's, PhD)","In paid employment or self-employment (including part-time work, temporary absence from work, or helping in a family business)",4,Suburban,Yes,No,No,No,Mother tongue / Very well,Very confident — I can do these tasks easily on my own,Citizen of this country,0,1,1,0,0,0,0,0,I own the house or flat where I live and I am paying it with a mortgage,Semi-detached house – a house joined to one other house,2016-2021,No,No,No,No,Yes,Not applicable,5.0,Not applicable,Yes,Not applicable,0,0,0,1,0,0,0,1,9.2,15.9,7.2,793600.0,132060.5,650.85,612.19,580422.275,5.6424,Yes,Very confident — I can understand it easily,No,No,30.0,30-44,2_Medium,8,Couple with children
Ireland,Northern and Western,12,12,12,16,20,12,12,13.714285714285714,4,Man,Primary or Secondary education,"In paid employment or self-employment (including part-time work, temporary absence from work, or helping in a family business)",5,Suburban,No,Yes,No,No,Mother tongue / Very well,Confident or less confident,Citizen of this country,0,1,1,0,0,0,0,0,I own the house or flat where I live and I do not pay a mortgage,Semi-detached house – a house joined to one other house,1981-2000,No,"Yes, twice or more",No,No,Yes,Not applicable,4.0,Not applicable,Not sure,Not applicable,0,0,1,1,0,0,0,2,8.8,4.5,5.3,136200.1,26523.71,1818.53,0.0,106480.447,9.8217,No/Non-religious,Very confident — I can understand it easily,Yes,Yes,63.0,60+,1_Low,4,Couple with children
Portugal,Norte,6,12,12,4,9,9,8,8.571428571428571,2,Man,"University degree or higher (e.g. Bachelor's, Master's, PhD)","In paid employment or self-employment (including part-time work, temporary absence from work, or helping in a family business)",3,Urban,Prefer not to say,No,No,No,Mother tongue / Very well,Very confident — I can do these tasks easily on my own,Citizen of this country,0,0,0,0,1,0,0,0,I own the house or flat where I live and I do not pay a mortgage,"Apartment or flat with more than 10 dwellings – a home in a building with other homes above, below or next to yours",1981-2000,No,No,No,No,No,I don't know,5.0,Somewhat likely,Not sure,Yes,0,0,0,0,1,0,0,1,3.6,15.6,6.3,166851.3,51301.77,1038.89,227.41,128035.143,4.653,Prefer not to say,Confident — I can understand it with some help,Yes,No,23.0,18-29,1_Low,3,Multi-generational / extended
Germany,Cologne,25,15,12,15,15,9,8,14.142857142857142,4,Man,Further education or training after school (not university),"In paid employment or self-employment (including part-time work, temporary absence from work, or helping in a family business)",5,Rural,No,No,No,No,Well,Very confident — I can do these tasks easily on my own,Citizen of this country,0,0,1,0,0,0,0,0,I own the house or flat where I live and I am paying it with a mortgage,Detached house – a house that stands alone and is not joined to any other,2001-2010,No,No,No,No,No,Yes,5.0,Not applicable,Yes,Not applicable,0,0,0,0,0,0,0,0,4.6,5.7,11.2,1876818.0,2903658.0,1919.09,19.17,2215295.198,6.9347,No/Non-religious,Confident — I can understand it with some help,Yes,Yes,38.0,30-44,3_High,5,Single parent
Italy,Lombardy,15,15,3,1,15,1,1,7.285714285714286,2,Man,Primary or Secondary education,"In paid employment or self-employment (including part-time work, temporary absence from work, or helping in a family business)",4,Suburban,No,No,No,No,Well,Very confident — I can do these tasks easily on my own,Citizen of this country,0,1,1,0,0,0,0,0,I own the house or flat where I live and I am paying it with a mortgage,Semi-detached house – a house joined to one other house,2016-2021,No,No,No,No,No,I don't know,5.0,Very likely,Yes,Not sure,0,0,0,0,0,0,0,0,5.9,8.6,5.0,1257106.0,322158.3,1471.71,214.79,1155020.242,8.7008,No/Non-religious,Very confident — I can understand it easily,Yes,Yes,43.0,30-44,3_High,9,Couple with children
Germany,Lower Bavaria,25,25,15,1,16,25,25,18.857142857142858,5,Woman or Non-binary,"University degree or higher (e.g. Bachelor's, Master's, PhD)","In paid employment or self-employment (including part-time work, temporary absence from work, or helping in a family business)",4,Urban,Prefer not to say,No,No,No,Well,Very confident — I can do these tasks easily on my own,Non-EU citizen,0,1,1,0,0,0,0,0,I rent the house where I live in (I pay rent every month),"Apartment or flat with less than 10 dwellings – a home in a building with other homes above, below or next to yours",2016-2021,No,No,No,No,Yes,Not applicable,3000.0,Not applicable,Not sure,Not applicable,0,0,0,0,0,1,0,1,4.6,5.7,11.2,1876818.0,2903658.0,1919.09,19.17,2215295.198,6.9347,Yes,Very confident — I can understand it easily,No,No,33.0,30-44,3_High,9,Couple with children
Germany,Saarland,4,4,4,12,9,9,4,6.571428571428571,1,Woman or Non-binary,"University degree or higher (e.g. Bachelor's, Master's, PhD)","In paid employment or self-employment (including part-time work, temporary absence from work, or helping in a family business)",3,Suburban,Yes,No,No,Prefer not to say,Well,Very confident — I can do these tasks easily on my own,Non-EU citizen,0,1,1,0,0,0,0,0,I rent the house where I live in (I pay rent every month),"Apartment or flat with less than 10 dwellings – a home in a building with other homes above, below or next to yours",1961-1980,No,No,No,No,Yes,Not applicable,3.0,Not applicable,Not sure,Not applicable,0,0,1,1,0,0,0,2,4.6,5.7,11.2,1876818.0,29257.55,1706.14,44.12,2215295.198,6.9347,No/Non-religious,Confident — I can understand it with some help,No,No,32.0,30-44,3_High,6,Couple with children
Germany,Upper Bavaria,8,10,1,1,2,4,1,3.857142857142857,1,Man,"University degree or higher (e.g. Bachelor's, Master's, PhD)",Unemployed (actively seeking work or available to start work),2,Urban,No,No,No,No,Well,Very confident — I can do these tasks easily on my own,Citizen of this country,0,1,0,0,0,0,0,0,I rent the house where I live in (I pay rent every month),"Apartment or flat with less than 10 dwellings – a home in a building with other homes above, below or next to yours",1981-2000,No,No,No,No,No,No,4.0,Likely,Not sure,Not sure,1,0,0,1,0,0,1,3,4.6,5.7,11.2,1876818.0,2903658.0,1919.09,19.17,2215295.198,6.9347,No/Non-religious,Very confident — I can understand it easily,Yes,Yes,33.0,30-44,3_High,9,"Couple, no children"
Spain,Valencian Community,20,15,1,2,8,4,9,8.428571428571429,2,Woman or Non-binary,"University degree or higher (e.g. Bachelor's, Master's, PhD)","In paid employment or self-employment (including part-time work, temporary absence from work, or helping in a family business)",2,Urban,No,No,No,Yes,Mother tongue / Very well,Very confident — I can do these tasks easily on my own,Citizen of this country,0,1,0,0,0,0,0,0,I rent the house where I live in (I pay rent every month),"Apartment or flat with more than 10 dwellings – a home in a building with other homes above, below or next to yours",1961-1980,No,No,No,No,Yes,Not applicable,4.0,Not applicable,Yes,Not applicable,1,0,1,1,0,0,0,3,9.2,15.9,7.2,793600.0,91415.7,730.56,512.5,580422.275,5.6424,No/Non-religious,Very confident — I can understand it easily,Yes,Yes,26.0,18-29,3_High,9,"Couple, no children"
Ireland,Northern and Western,10,12,16,12,9,8,12,11.285714285714286,3,Man,Further education or training after school (not university),"In paid employment or self-employment (including part-time work, temporary absence from work, or helping in a family business)",5,Urban,No,No,No,No,Well,Very confident — I can do these tasks easily on my own,Citizen of this country,0,0,0,0,1,0,0,0,I own the house or flat where I live and I am paying it with a mortgage,Semi-detached house – a house joined to one other house,2022 or after,No,No,No,No,Yes,Not applicable,5.0,Not applicable,Yes,Not applicable,0,0,0,0,1,0,0,1,8.8,4.5,5.3,136200.1,26523.71,1818.53,0.0,106480.447,9.8217,No/Non-religious,Confident — I can understand it with some help,Yes,Yes,21.0,18-29,3_High,7,Multi-generational / extended
Italy,Lombardy,20,25,9,6,9,12,9,12.857142857142858,4,Woman or Non-binary,"University degree or higher (e.g. Bachelor's, Master's, PhD)","In paid employment or self-employment (including part-time work, temporary absence from work, or helping in a family business)",4,Urban,Prefer not to say,No,No,No,Mother tongue / Very well,Very confident — I can do these tasks easily on my own,Non-EU citizen,0,1,1,0,0,0,0,0,I rent the house where I live in (I pay rent every month),"Apartment or flat with more than 10 dwellings – a home in a building with other homes above, below or next to yours",2011-2015,"Yes, twice or more",No,No,No,I don't know,I don't know,4.0,Somewhat unlikely,No,Not sure,0,1,0,0,0,0,0,1,5.9,8.6,5.0,1257106.0,322158.3,1471.71,214.79,1155020.242,8.7008,No/Non-religious,Very confident — I can understand it easily,No,No,26.0,18-29,3_High,3,Couple with children
Italy,Emilia-Romagna,12,12,8,12,6,16,12,11.142857142857142,3,Man,Further education or training after school (not university),"Attending school, university, or other educational/training programmes",4,Urban,No,No,No,No,Well,Confident or less confident,Citizen of this country,0,0,0,0,1,0,0,0,I own the house or flat where I live and I do not pay a mortgage,Semi-detached house – a house joined to one other house,1981-2000,No,No,No,No,Yes,Not applicable,5.0,Not applicable,Yes,Not applicable,0,0,0,0,0,1,0,1,5.9,8.6,5.0,1257106.0,131258.7,1166.93,256.8,1155020.242,8.7008,No/Non-religious,Confident — I can understand it with some help,Yes,Yes,19.0,18-29,1_Low,4,Multi-generational / extended
Germany,Berlin,16,12,12,12,6,6,3,9.571428571428571,2,Man,"University degree or higher (e.g. Bachelor's, Master's, PhD)","In paid employment or self-employment (including part-time work, temporary absence from work, or helping in a family business)",1,Suburban,No,No,Yes,No,Well,Confident or less confident,Citizen of this country,1,0,0,0,0,0,0,0,I rent the house where I live in (I pay rent every month),"Apartment or flat with less than 10 dwellings – a home in a building with other homes above, below or next to yours",Before 1945,No,No,No,No,No,I don't know,4.0,Somewhat likely,No,Yes,0,0,0,1,0,0,0,1,4.6,5.7,11.2,1876818.0,122677.83,1750.33,24.56,2215295.198,6.9347,No/Non-religious,Not very confident — I often need help or support,Yes,Yes,37.0,30-44,3_High,7,Lives alone
Spain,Catalonia,16,16,1,4,8,8,1,7.714285714285714,2,Man,"University degree or higher (e.g. Bachelor's, Master's, PhD)","In paid employment or self-employment (including part-time work, temporary absence from work, or helping in a family business)",2,Urban,No,No,No,No,Well,Very confident — I can do these tasks easily on my own,EU citizen from another country,0,1,0,0,0,0,0,0,I own the house or flat where I live and I am paying it with a mortgage,"Apartment or flat with less than 10 dwellings – a home in a building with other homes above, below or next to yours",1981-2000,No,No,No,No,Yes,Not applicable,4.0,Not applicable,Yes,Not applicable,1,0,0,1,0,0,0,2,9.2,15.9,7.2,793600.0,186166.0,1078.88,341.51,580422.275,5.6424,No/Non-religious,Very confident — I can understand it easily,No,No,34.0,30-44,3_High,9,"Couple, no children"
Italy,Tuscany,9,9,9,9,9,9,9,9.0,2,Man,"University degree or higher (e.g. Bachelor's, Master's, PhD)","Attending school, university, or other educational/training programmes",3,Urban,No,No,No,No,Mother tongue / Very well,Very confident — I can do these tasks easily on my own,Citizen of this country,0,0,0,0,1,0,0,0,I own the house or flat where I live and I do not pay a mortgage,"Apartment or flat with more than 10 dwellings – a home in a building with other homes above, below or next to yours",1961-1980,No,No,No,No,No,No,4.0,Very likely,Yes,Not sure,0,0,0,0,0,0,0,0,5.9,8.6,5.0,1257106.0,1436758.9,1108.69,287.36,1155020.242,8.7008,No/Non-religious,Confident — I can understand it with some help,Yes,Yes,27.0,18-29,1_Low,5,Multi-generational / extended
Spain,Basque Country,12,12,5,3,9,4,3,6.857142857142857,1,Man,"University degree or higher (e.g. Bachelor's, Master's, PhD)","In paid employment or self-employment (including part-time work, temporary absence from work, or helping in a family business)",4,Urban,No,No,No,No,Well,Very confident — I can do these tasks easily on my own,Citizen of this country,0,1,1,0,0,0,0,0,I own the house or flat where I live and I do not pay a mortgage,"Apartment or flat with less than 10 dwellings – a home in a building with other homes above, below or next to yours",2001-2010,No,No,No,No,I don't know,No,3.0,Not sure,Yes,Yes,0,0,0,0,0,0,0,0,9.2,15.9,7.2,793600.0,56759.7,1017.59,98.14,580422.275,5.6424,No/Non-religious,Not at all confident — I find it very difficult to understand my energy bill.,Yes,Yes,49.0,45-59,1_Low,8,Couple with children
Spain,Catalonia,15,15,20,10,8,15,25,15.428571428571429,5,Woman or Non-binary,"University degree or higher (e.g. Bachelor's, Master's, PhD)","In paid employment or self-employment (including part-time work, temporary absence from work, or helping in a family business)",3,Urban,No,No,Prefer not to say,No,Mother tongue / Very well,Very confident — I can do these tasks easily on my own,Citizen of this country,0,1,1,0,0,0,0,0,I own the house or flat where I live and I am paying it with a mortgage,"Apartment or flat with more than 10 dwellings – a home in a building with other homes above, below or next to yours",2001-2010,No,No,No,No,Yes,Not applicable,4.0,Not applicable,No,Not applicable,0,0,0,0,0,0,0,0,9.2,15.9,7.2,793600.0,186166.0,1078.88,341.51,580422.275,5.6424,No/Non-religious,Confident — I can understand it with some help,Yes,Yes,29.0,18-29,2_Medium,9,Couple with children
Italy,Sicily,20,20,4,1,12,1,1,8.428571428571429,2,Woman or Non-binary,"University degree or higher (e.g. Bachelor's, Master's, PhD)","In paid employment or self-employment (including part-time work, temporary absence from work, or helping in a family business)",3,Urban,No,No,No,No,Mother tongue / Very well,Very confident — I can do these tasks easily on my own,Citizen of this country,0,0,0,0,1,0,0,0,I own the house or flat where I live and I do not pay a mortgage,"Apartment or flat with more than 10 dwellings – a home in a building with other homes above, below or next to yours",1981-2000,No,"Yes, twice or more",No,No,No,Yes,4.0,Not applicable,No,Not applicable,0,0,0,1,0,0,0,1,5.9,8.6,5.0,1257106.0,76298.9,558.9300000000001,452.35,1155020.242,8.7008,No/Non-religious,Confident — I can understand it with some help,Yes,Yes,31.0,30-44,1_Low,2,Multi-generational / extended
Italy,Piedmont,12,16,10,2,6,6,4,8.0,2,Man,"University degree or higher (e.g. Bachelor's, Master's, PhD)","In paid employment or self-employment (including part-time work, temporary absence from work, or helping in a family business)",3,Suburban,No,No,Yes,Yes,Mother tongue / Very well,Very confident — I can do these tasks easily on my own,Citizen of this country,0,0,0,0,1,0,0,0,I own the house or flat where I live and I do not pay a mortgage,Semi-detached house – a house joined to one other house,1981-2000,No,No,No,No,Yes,Not applicable,4.0,Not applicable,Not sure,Not applicable,0,1,1,0,0,0,0,2,5.9,8.6,5.0,1257106.0,115962.7,1658.0,142.32,1155020.242,8.7008,No/Non-religious,Not very confident — I often need help or support,Yes,Yes,28.0,18-29,1_Low,4,Multi-generational / extended
Italy,Marche,5,3,8,3,3,3,4,4.142857142857143,1,Man,"University degree or higher (e.g. Bachelor's, Master's, PhD)","In paid employment or self-employment (including part-time work, temporary absence from work, or helping in a family business)",1,Urban,No,No,No,No,Well,Very confident — I can do these tasks easily on my own,Citizen of this country,1,0,0,0,0,0,0,0,I own the house or flat where I live and I do not pay a mortgage,"Apartment or flat with more than 10 dwellings – a home in a building with other homes above, below or next to yours",2016-2021,No,No,No,No,Yes,Not applicable,4.0,Not applicable,Yes,Not applicable,0,0,0,1,0,0,0,1,5.9,8.6,5.0,1257106.0,34776.0,1017.36,234.21,1155020.242,8.7008,No/Non-religious,Very confident — I can understand it easily,Yes,Yes,45.0,45-59,1_Low,4,Lives alone
Germany,Berlin,16,16,6,9,12,6,6,10.142857142857142,3,Man,Further education or training after school (not university),"In paid employment or self-employment (including part-time work, temporary absence from work, or helping in a family business)",3,Suburban,No,No,No,No,Well,Very confident — I can do these tasks easily on my own,EU citizen from another country,0,1,0,0,0,0,0,0,I rent the house where I live in (I pay rent every month),"Apartment or flat with less than 10 dwellings – a home in a building with other homes above, below or next to yours",1981-2000,No,No,No,No,No,No,4.0,Somewhat likely,Yes,Not sure,1,1,1,0,0,0,0,3,4.6,5.7,11.2,1876818.0,122677.83,1750.33,24.56,2215295.198,6.9347,No/Non-religious,Very confident — I can understand it easily,No,No,32.0,30-44,3_High,5,"Couple, no children"
Germany,Lüneburg,6,9,5,4,4,12,3,6.142857142857143,1,Man,Further education or training after school (not university),"In paid employment or self-employment (including part-time work, temporary absence from work, or helping in a family business)",1,Urban,No,No,No,No,Well,Very confident — I can do these tasks easily on my own,Citizen of this country,1,0,0,0,0,0,0,0,I rent the house where I live in (I pay rent every month),"Apartment or flat with less than 10 dwellings – a home in a building with other homes above, below or next to yours",1981-2000,No,No,No,No,No,I don't know,5.0,Unlikely,Yes,Not sure,0,0,0,0,0,0,0,0,4.6,5.7,11.2,1876818.0,59410.95,1832.41,10.61,2215295.198,6.9347,No/Non-religious,Confident — I can understand it with some help,Yes,Yes,30.0,30-44,2_Medium,6,Lives alone
Italy,Tuscany,12,20,10,6,6,1,10,9.285714285714286,2,Woman or Non-binary,Further education or training after school (not university),"Attending school, university, or other educational/training programmes",2,Urban,No,No,No,No,Well,Very confident — I can do these tasks easily on my own,Non-EU citizen,0,1,0,0,0,0,0,0,I rent the house where I live in (I pay rent every month),Semi-detached house – a house joined to one other house,I don't know,No,No,No,No,No,No,3.0,Unlikely,Yes,No,0,1,0,0,1,0,1,3,5.9,8.6,5.0,1257106.0,1436758.9,1108.69,287.36,1155020.242,8.7008,No/Non-religious,Not very confident — I often need help or support,No,Yes,25.0,18-29,2_Medium,3,"Couple, no children"
Spain,Andalusia,16,16,12,12,8,12,12,12.571428571428571,4,Man,"University degree or higher (e.g. Bachelor's, Master's, PhD)","In paid employment or self-employment (including part-time work, temporary absence from work, or helping in a family business)",2,Rural,No,No,No,No,Well,Very confident — I can do these tasks easily on my own,Citizen of this country,0,1,0,0,0,0,0,0,I own the house or flat where I live and I am paying it with a mortgage,Terraced house – a house that is part of a row of houses joined together,2022 or after,No,No,No,No,Yes,Not applicable,3.0,Not applicable,Yes,Not applicable,0,1,1,1,0,0,0,3,9.2,15.9,7.2,793600.0,132060.5,650.85,612.19,580422.275,5.6424,No/Non-religious,Not at all confident — I find it very difficult to understand my energy bill.,Yes,Yes,42.0,30-44,2_Medium,6,"Couple, no children"
Italy,Sicily,20,25,9,9,16,25,1,15.0,5,Woman or Non-binary,"University degree or higher (e.g. Bachelor's, Master's, PhD)","In paid employment or self-employment (including part-time work, temporary absence from work, or helping in a family business)",2,Rural,No,No,No,No,Well,Very confident — I can do these tasks easily on my own,Citizen of this country,0,0,0,0,1,0,0,0,I own the house or flat where I live and I do not pay a mortgage,"Apartment or flat with less than 10 dwellings – a home in a building with other homes above, below or next to yours",1981-2000,No,"Yes, once",No,No,Yes,Not applicable,5.0,Not applicable,Not sure,Not applicable,1,1,0,0,0,1,1,4,5.9,8.6,5.0,1257106.0,76298.9,558.9300000000001,452.35,1155020.242,8.7008,No/Non-religious,Confident — I can understand it with some help,Yes,Yes,25.0,18-29,1_Low,1,Multi-generational / extended
Spain,Balearic Islands,12,4,1,1,12,1,1,4.571428571428571,1,Man,Further education or training after school (not university),"In paid employment or self-employment (including part-time work, temporary absence from work, or helping in a family business)",4,Rural,No,No,No,No,Well,Very confident — I can do these tasks easily on my own,Citizen of this country,0,0,0,0,1,0,0,0,"I live here without paying rent (for example, staying with relatives or friends)",Terraced house – a house that is part of a row of houses joined together,I don't know,No,No,No,No,No,Yes,3.0,Not applicable,No,Not applicable,0,1,0,1,0,1,0,3,9.2,15.9,7.2,793600.0,27829.4,379.81,495.48,580422.275,5.6424,No/Non-religious,Not very confident — I often need help or support,Yes,Yes,28.0,18-29,3_High,5,Multi-generational / extended
Italy,Friuli-Venezia Giulia,8,12,6,8,9,4,4,7.285714285714286,2,Woman or Non-binary,"University degree or higher (e.g. Bachelor's, Master's, PhD)","In paid employment or self-employment (including part-time work, temporary absence from work, or helping in a family business)",1,Suburban,No,No,No,No,Well,Confident or less confident,EU citizen from another country,1,0,0,0,0,0,0,0,I rent the house where I live in (I pay rent every month),"Apartment or flat with less than 10 dwellings – a home in a building with other homes above, below or next to yours",1981-2000,No,No,No,No,No,Yes,5.0,Not applicable,Yes,Not applicable,0,1,0,0,0,0,0,1,5.9,8.6,5.0,1257106.0,31199.7,1489.03,140.09,1155020.242,8.7008,No/Non-religious,Confident — I can understand it with some help,Yes,Yes,46.0,45-59,1_Low,3,Lives alone
Italy,Emilia-Romagna,20,20,16,4,4,4,4,10.285714285714286,3,Man,Further education or training after school (not university),"In paid employment or self-employment (including part-time work, temporary absence from work, or helping in a family business)",3,Rural,No,No,No,Yes,Well,Very confident — I can do these tasks easily on my own,Citizen of this country,0,1,1,0,0,0,0,0,I own the house or flat where I live and I am paying it with a mortgage,"Apartment or flat with less than 10 dwellings – a home in a building with other homes above, below or next to yours",1981-2000,No,No,No,No,I don't know,I don't know,5.0,Very likely,Not sure,Not sure,1,1,0,1,0,0,0,3,5.9,8.6,5.0,1257106.0,131258.7,1166.93,256.8,1155020.242,8.7008,No/Non-religious,Very confident — I can understand it easily,Yes,No,61.0,60+,2_Medium,7,Couple with children
Spain,Region of Murcia,16,9,4,6,12,16,12,10.714285714285714,3,Woman or Non-binary,"University degree or higher (e.g. Bachelor's, Master's, PhD)","In paid employment or self-employment (including part-time work, temporary absence from work, or helping in a family business)",1,Urban,No,No,No,No,Well,Very confident — I can do these tasks easily on my own,Citizen of this country,1,0,0,0,0,0,0,0,I own the house or flat where I live and I do not pay a mortgage,"Apartment or flat with less than 10 dwellings – a home in a building with other homes above, below or next to yours",1961-1980,No,No,No,No,No,Yes,3.0,Not applicable,Yes,Not applicable,1,0,0,0,0,0,0,1,9.2,15.9,7.2,793600.0,26989.6,581.1800000000001,627.17,580422.275,5.6424,No/Non-religious,Very confident — I can understand it easily,Yes,Yes,42.0,30-44,1_Low,3,Lives alone
Spain,Community of Madrid,25,25,25,16,25,4,1,17.285714285714285,5,Woman or Non-binary,"University degree or higher (e.g. Bachelor's, Master's, PhD)","In paid employment or self-employment (including part-time work, temporary absence from work, or helping in a family business)",1,Urban,No,No,No,No,Mother tongue / Very well,Very confident — I can do these tasks easily on my own,Citizen of this country,1,0,0,0,0,0,0,0,I own the house or flat where I live and I am paying it with a mortgage,"Apartment or flat with more than 10 dwellings – a home in a building with other homes above, below or next to yours",2001-2010,No,No,No,No,No,Yes,5.0,Not applicable,Yes,Not applicable,1,0,1,1,0,0,0,3,9.2,15.9,7.2,793600.0,194229.0,1124.85,498.39,580422.275,5.6424,No/Non-religious,Confident — I can understand it with some help,Yes,Yes,41.0,30-44,3_High,4,Lives alone
Italy,Tuscany,16,16,6,16,12,6,4,10.857142857142858,3,Man,"University degree or higher (e.g. Bachelor's, Master's, PhD)","In paid employment or self-employment (including part-time work, temporary absence from work, or helping in a family business)",2,Suburban,No,No,No,No,Well,Very confident — I can do these tasks easily on my own,Citizen of this country,0,1,0,0,0,0,0,0,I own the house or flat where I live and I do not pay a mortgage,Semi-detached house – a house joined to one other house,1961-1980,No,No,Yes,Yes,No,No,3.0,Likely,No,Yes,0,1,0,0,0,0,0,1,5.9,8.6,5.0,1257106.0,1436758.9,1108.69,287.36,1155020.242,8.7008,No/Non-religious,Very confident — I can understand it easily,Yes,Yes,28.0,18-29,1_Low,2,"Couple, no children"
Spain,Basque Country,20,20,20,16,25,20,15,19.428571428571427,5,Woman or Non-binary,"University degree or higher (e.g. Bachelor's, Master's, PhD)","In paid employment or self-employment (including part-time work, temporary absence from work, or helping in a family business)",4,Urban,No,No,No,No,Well,Very confident — I can do these tasks easily on my own,Citizen of this country,0,1,1,0,0,0,0,0,I own the house or flat where I live and I am paying it with a mortgage,"Apartment or flat with more than 10 dwellings – a home in a building with other homes above, below or next to yours",1981-2000,No,No,No,No,No,Yes,5.0,Not applicable,Yes,Not applicable,1,1,0,0,0,0,0,2,9.2,15.9,7.2,793600.0,56759.7,1017.59,98.14,580422.275,5.6424,No/Non-religious,Very confident — I can understand it easily,Yes,Yes,44.0,30-44,2_Medium,4,Couple with children
Italy,Friuli-Venezia Giulia,16,12,8,25,6,4,9,11.428571428571429,3,Woman or Non-binary,"University degree or higher (e.g. Bachelor's, Master's, PhD)","In paid employment or self-employment (including part-time work, temporary absence from work, or helping in a family business)",2,Rural,No,No,Yes,No,Well,Very confident — I can do these tasks easily on my own,Citizen of this country,0,1,0,0,0,0,0,0,"I live here without paying rent (for example, staying with relatives or friends)","Apartment or flat with less than 10 dwellings – a home in a building with other homes above, below or next to yours",2001-2010,No,No,No,No,Yes,Not applicable,4.0,Not applicable,No,Not applicable,0,1,0,0,0,0,0,1,5.9,8.6,5.0,1257106.0,31199.7,1489.03,140.09,1155020.242,8.7008,No/Non-religious,Not very confident — I often need help or support,Yes,Yes,25.0,18-29,2_Medium,4,"Couple, no children"
Portugal,Lisbon Metropolitan Area,25,16,16,25,25,25,16,21.142857142857142,5,Woman or Non-binary,Further education or training after school (not university),"In paid employment or self-employment (including part-time work, temporary absence from work, or helping in a family business)",3,Suburban,No,Yes,Yes,No,Mother tongue / Very well,Very confident — I can do these tasks easily on my own,Citizen of this country,0,0,0,0,1,0,0,0,"I live here without paying rent (for example, staying with relatives or friends)","Apartment or flat with less than 10 dwellings – a home in a building with other homes above, below or next to yours",2001-2010,No,No,No,No,Yes,Not applicable,5.0,Not applicable,Not sure,Not applicable,1,1,0,1,0,0,0,3,3.6,15.6,6.3,166851.3,42468.37,446.16,91.69,128035.143,4.653,No/Non-religious,Confident — I can understand it with some help,Yes,Yes,27.0,18-29,1_Low,2,Multi-generational / extended
Italy,Trentino-South Tyrol,20,12,6,8,20,12,25,14.714285714285714,4,Man,"University degree or higher (e.g. Bachelor's, Master's, PhD)","In paid employment or self-employment (including part-time work, temporary absence from work, or helping in a family business)",2,Urban,No,No,No,No,Well,Very confident — I can do these tasks easily on my own,Citizen of this country,1,0,0,0,0,0,0,0,I own the house or flat where I live and I do not pay a mortgage,"Apartment or flat with less than 10 dwellings – a home in a building with other homes above, below or next to yours",Before 1945,No,No,No,No,No,No,5.0,Somewhat likely,No,No,0,0,0,0,1,0,0,1,5.9,8.6,5.0,1257106.0,19326.4,2858.93,17.11,1155020.242,8.7008,No/Non-religious,Not at all confident — I find it very difficult to understand my energy bill.,Yes,No,42.0,30-44,1_Low,6,Lives alone
Spain,Castile-La Mancha,25,25,25,25,25,25,25,25.0,5,Woman or Non-binary,Further education or training after school (not university),"In paid employment or self-employment (including part-time work, temporary absence from work, or helping in a family business)",4,Suburban,No,No,No,No,Mother tongue / Very well,Very confident — I can do these tasks easily on my own,Citizen of this country,0,0,1,0,0,0,0,0,I own the house or flat where I live and I do not pay a mortgage,Detached house – a house that stands alone and is not joined to any other,1981-2000,No,No,No,No,No,No,4.0,Likely,Not sure,Not sure,0,0,1,1,0,1,0,3,9.2,15.9,7.2,793600.0,35454.2,1104.84,509.34,580422.275,5.6424,No/Non-religious,Very confident — I can understand it easily,No,Yes,56.0,45-59,1_Low,2,Single parent
Portugal,Alentejo,12,9,4,4,1,1,1,4.571428571428571,1,Man,Further education or training after school (not university),"In paid employment or self-employment (including part-time work, temporary absence from work, or helping in a family business)",2,Suburban,No,No,No,No,Mother tongue / Very well,Confident or less confident,Citizen of this country,0,1,0,0,0,0,0,0,I own the house or flat where I live and I am paying it with a mortgage,"Apartment or flat with less than 10 dwellings – a home in a building with other homes above, below or next to yours",2001-2010,No,No,No,No,Yes,Not applicable,4.0,Not applicable,Yes,Not applicable,1,1,0,1,0,1,0,4,3.6,15.6,6.3,166851.3,7519.79,581.44,404.7500000000001,128035.143,4.653,No/Non-religious,Confident — I can understand it with some help,Yes,Yes,31.0,30-44,2_Medium,4,"Couple, no children"
Germany,Münster,1,2,2,12,4,20,6,6.714285714285714,1,Woman or Non-binary,"University degree or higher (e.g. Bachelor's, Master's, PhD)","In paid employment or self-employment (including part-time work, temporary absence from work, or helping in a family business)",1,Suburban,No,No,No,No,Mother tongue / Very well,Very confident — I can do these tasks easily on my own,Non-EU citizen,1,0,0,0,0,0,0,0,I rent the house where I live in (I pay rent every month),"Apartment or flat with less than 10 dwellings – a home in a building with other homes above, below or next to yours",I don't know,"Yes, twice or more","Yes, once",No,No,Yes,Not applicable,4.0,Not applicable,No,Not applicable,0,0,1,0,1,1,0,3,4.6,5.7,11.2,1876818.0,86185.76,1659.33,23.99,2215295.198,6.9347,Yes,Confident — I can understand it with some help,No,No,34.0,30-44,2_Medium,2,Lives alone
Germany,Upper Bavaria,25,25,9,9,9,4,1,11.714285714285714,4,Woman or Non-binary,"University degree or higher (e.g. Bachelor's, Master's, PhD)","In paid employment or self-employment (including part-time work, temporary absence from work, or helping in a family business)",2,Urban,No,No,No,No,Mother tongue / Very well,Very confident — I can do these tasks easily on my own,Citizen of this country,0,0,0,0,1,0,0,0,"I live here without paying rent (for example, staying with relatives or friends)","Apartment or flat with less than 10 dwellings – a home in a building with other homes above, below or next to yours",1961-1980,No,No,No,No,No,Yes,5.0,Not applicable,Yes,Not applicable,1,0,0,0,0,0,0,1,4.6,5.7,11.2,1876818.0,2903658.0,1919.09,19.17,2215295.198,6.9347,No/Non-religious,Very confident — I can understand it easily,Yes,Yes,29.0,18-29,3_High,4,Multi-generational / extended
Italy,Apulia,12,12,2,12,9,6,20,10.428571428571429,3,Man,Primary or Secondary education,"In paid employment or self-employment (including part-time work, temporary absence from work, or helping in a family business)",2,Urban,No,Prefer not to say,Yes,Prefer not to say,Mother tongue / Very well,Very confident — I can do these tasks easily on my own,Citizen of this country,0,1,0,0,0,0,0,0,I own the house or flat where I live and I do not pay a mortgage,Terraced house – a house that is part of a row of houses joined together,I don't know,No,No,No,No,Yes,Not applicable,5.0,Not applicable,Yes,Not applicable,1,1,1,0,1,0,0,4,5.9,8.6,5.0,1257106.0,65418.9,640.14,517.28,1155020.242,8.7008,No/Non-religious,Confident — I can understand it with some help,Yes,Yes,29.0,18-29,1_Low,5,"Couple, no children"
Italy,Lombardy,16,16,3,6,16,6,9,10.285714285714286,3,Woman or Non-binary,"University degree or higher (e.g. Bachelor's, Master's, PhD)","In paid employment or self-employment (including part-time work, temporary absence from work, or helping in a family business)",1,Suburban,No,No,Yes,No,Mother tongue / Very well,Very confident — I can do these tasks easily on my own,Citizen of this country,1,0,0,0,0,0,0,0,I own the house or flat where I live and I am paying it with a mortgage,"Apartment or flat with more than 10 dwellings – a home in a building with other homes above, below or next to yours",1961-1980,No,No,No,No,Yes,Not applicable,4.0,Not applicable,Not sure,Not applicable,0,0,1,0,0,0,0,1,5.9,8.6,5.0,1257106.0,322158.3,1471.71,214.79,1155020.242,8.7008,No/Non-religious,Confident — I can understand it with some help,Yes,Yes,35.0,30-44,1_Low,6,Lives alone
Italy,Apulia,12,12,2,1,2,16,6,7.285714285714286,2,Woman or Non-binary,"University degree or higher (e.g. Bachelor's, Master's, PhD)","Attending school, university, or other educational/training programmes",3,Urban,No,No,No,No,Mother tongue / Very well,Very confident — I can do these tasks easily on my own,Citizen of this country,0,0,0,0,1,0,0,0,I rent the house where I live in (I pay rent every month),Terraced house – a house that is part of a row of houses joined together,1961-1980,No,No,No,Yes,Yes,Not applicable,3.0,Not applicable,No,Not applicable,0,1,0,0,0,0,0,1,5.9,8.6,5.0,1257106.0,65418.9,640.14,517.28,1155020.242,8.7008,No/Non-religious,Confident — I can understand it with some help,Yes,Yes,22.0,18-29,3_High,2,Multi-generational / extended
Italy,Veneto,16,16,6,4,4,9,16,10.142857142857142,3,Woman or Non-binary,"University degree or higher (e.g. Bachelor's, Master's, PhD)","In paid employment or self-employment (including part-time work, temporary absence from work, or helping in a family business)",4,Urban,No,No,No,No,Well,Confident or less confident,Citizen of this country,0,1,1,0,0,0,0,0,I own the house or flat where I live and I do not pay a mortgage,"Apartment or flat with more than 10 dwellings – a home in a building with other homes above, below or next to yours",1981-2000,No,No,No,No,I don't know,No,3.0,Somewhat likely,Yes,Not sure,0,0,0,1,0,1,0,2,5.9,8.6,5.0,1257106.0,131344.4,1383.24,196.68,1155020.242,8.7008,No/Non-religious,Confident — I can understand it with some help,Yes,Yes,50.0,45-59,1_Low,6,Couple with children
Germany,Rheinhessen-Palatinate,16,16,6,6,6,16,2,9.714285714285714,3,Man,Further education or training after school (not university),"In paid employment or self-employment (including part-time work, temporary absence from work, or helping in a family business)",0,Rural,No,Yes,Yes,No,Mother tongue / Very well,Confident or less confident,Citizen of this country,1,0,0,0,0,0,0,0,I rent the house where I live in (I pay rent every month),Semi-detached house – a house joined to one other house,1981-2000,"Yes, once","Yes, once",No,No,No,Yes,5.0,Not applicable,Yes,Not applicable,1,1,0,1,0,0,0,3,4.6,5.7,11.2,1876818.0,2903658.0,1919.09,19.17,2215295.198,6.9347,No/Non-religious,Confident — I can understand it with some help,Yes,Yes,29.0,18-29,3_High,2,Lives alone
Spain,Community of Madrid,16,16,12,9,9,16,6,12.0,4,Woman or Non-binary,"University degree or higher (e.g. Bachelor's, Master's, PhD)","In paid employment or self-employment (including part-time work, temporary absence from work, or helping in a family business)",3,Urban,No,No,No,No,Mother tongue / Very well,Very confident — I can do these tasks easily on my own,Citizen of this country,0,1,1,0,0,0,0,0,"I live here without paying rent (for example, staying with relatives or friends)","Apartment or flat with more than 10 dwellings – a home in a building with other homes above, below or next to yours",2016-2021,No,No,No,No,Yes,Not applicable,5.0,Not applicable,Yes,Not applicable,0,0,0,0,0,0,0,0,9.2,15.9,7.2,793600.0,194229.0,1124.85,498.39,580422.275,5.6424,No/Non-religious,Confident — I can understand it with some help,Yes,Yes,34.0,30-44,1_Low,3,Couple with children
Italy,Friuli-Venezia Giulia,25,25,25,9,9,4,9,15.142857142857142,5,Woman or Non-binary,"University degree or higher (e.g. Bachelor's, Master's, PhD)","In paid employment or self-employment (including part-time work, temporary absence from work, or helping in a family business)",1,Urban,Yes,Yes,Yes,Prefer not to say,Well,Very confident — I can do these tasks easily on my own,Citizen of this country,1,0,0,0,0,0,0,0,I rent the house where I live in (I pay rent every month),"Apartment or flat with less than 10 dwellings – a home in a building with other homes above, below or next to yours",1945-1960,No,No,No,No,Yes,Not applicable,4.0,Not applicable,No,Not applicable,1,1,0,1,1,0,0,4,5.9,8.6,5.0,1257106.0,31199.7,1489.03,140.09,1155020.242,8.7008,No/Non-religious,Not very confident — I often need help or support,Yes,Yes,26.0,18-29,2_Medium,2,Lives alone
Italy,Lombardy,20,20,10,6,8,20,20,14.857142857142858,5,Man,"University degree or higher (e.g. Bachelor's, Master's, PhD)",Unemployed (actively seeking work or available to start work),3,Urban,No,Yes,No,Prefer not to say,Mother tongue / Very well,Very confident — I can do these tasks easily on my own,Citizen of this country,0,0,0,0,1,0,1,0,"I live here without paying rent (for example, staying with relatives or friends)","Apartment or flat with less than 10 dwellings – a home in a building with other homes above, below or next to yours",2016-2021,No,No,No,Yes,Yes,Not applicable,5.0,Not applicable,Yes,Not applicable,0,1,0,0,0,0,0,1,5.9,8.6,5.0,1257106.0,322158.3,1471.71,214.79,1155020.242,8.7008,No/Non-religious,Confident — I can understand it with some help,Yes,Yes,29.0,18-29,1_Low,4,Multi-generational / extended
Germany,Bremen,20,20,15,3,9,8,15,12.857142857142858,4,Woman or Non-binary,"University degree or higher (e.g. Bachelor's, Master's, PhD)","In paid employment or self-employment (including part-time work, temporary absence from work, or helping in a family business)",2,Urban,No,No,No,No,Mother tongue / Very well,Very confident — I can do these tasks easily on my own,Non-EU citizen,0,1,0,0,0,0,0,0,I rent the house where I live in (I pay rent every month),"Apartment or flat with less than 10 dwellings – a home in a building with other homes above, below or next to yours",1981-2000,No,No,No,No,No,No,4.0,Somewhat unlikely,No,Not sure,0,1,0,0,0,0,0,1,4.6,5.7,11.2,1876818.0,21115.27,1777.36,13.52,2215295.198,6.9347,No/Non-religious,Confident — I can understand it with some help,No,No,40.0,30-44,2_Medium,4,"Couple, no children"
Germany,Schleswig-Holstein,20,8,12,3,20,8,12,11.857142857142858,4,Woman or Non-binary,"University degree or higher (e.g. Bachelor's, Master's, PhD)","In paid employment or self-employment (including part-time work, temporary absence from work, or helping in a family business)",5,Urban,Yes,Yes,No,No,Well,Confident or less confident,EU citizen from another country,0,1,1,1,0,0,0,0,I rent the house where I live in (I pay rent every month),Detached house – a house that stands alone and is not joined to any other,2016-2021,No,"Yes, once",Yes,Yes,No,No,4.0,Likely,Yes,Yes,0,1,0,1,0,0,0,2,4.6,5.7,11.2,1876818.0,102135.81,1883.8,3.69,2215295.198,6.9347,Yes,Confident — I can understand it with some help,No,No,50.0,45-59,3_High,6,Couple with children
Germany,Upper Bavaria,8,8,9,6,8,8,4,7.285714285714286,2,Man,"University degree or higher (e.g. Bachelor's, Master's, PhD)","Attending school, university, or other educational/training programmes",2,Urban,No,No,No,No,Well,Very confident — I can do these tasks easily on my own,Non-EU citizen,1,0,0,0,0,0,0,0,I rent the house where I live in (I pay rent every month),"Apartment or flat with more than 10 dwellings – a home in a building with other homes above, below or next to yours",1981-2000,No,No,No,No,Yes,Not applicable,5.0,Not applicable,No,Not applicable,0,0,1,0,0,0,0,1,4.6,5.7,11.2,1876818.0,2903658.0,1919.09,19.17,2215295.198,6.9347,No/Non-religious,Very confident — I can understand it easily,No,No,28.0,18-29,1_Low,1,Lives alone
Italy,Marche,8,8,8,8,12,8,8,8.571428571428571,2,Woman or Non-binary,Primary or Secondary education,"In paid employment or self-employment (including part-time work, temporary absence from work, or helping in a family business)",2,Urban,No,No,No,No,Mother tongue / Very well,Confident or less confident,Citizen of this country,0,1,0,0,0,0,0,0,I rent the house where I live in (I pay rent every month),"Apartment or flat with less than 10 dwellings – a home in a building with other homes above, below or next to yours",1981-2000,No,"Yes, once",No,No,No,Yes,5.0,Not applicable,No,Not applicable,0,1,0,1,1,0,0,3,5.9,8.6,5.0,1257106.0,34776.0,1017.36,234.21,1155020.242,8.7008,No/Non-religious,Confident — I can understand it with some help,Yes,Yes,26.0,18-29,1_Low,2,"Couple, no children"
Spain,Galicia,16,6,1,2,15,4,2,6.571428571428571,1,Woman or Non-binary,"University degree or higher (e.g. Bachelor's, Master's, PhD)","In paid employment or self-employment (including part-time work, temporary absence from work, or helping in a family business)",2,Urban,No,No,No,No,Well,Very confident — I can do these tasks easily on my own,Citizen of this country,0,1,0,0,0,0,0,0,I own the house or flat where I live and I do not pay a mortgage,Detached house – a house that stands alone and is not joined to any other,2022 or after,No,No,No,No,Yes,Not applicable,5.0,Not applicable,Yes,Not applicable,1,1,1,0,0,0,0,3,9.2,15.9,7.2,793600.0,49230.2,1111.35,78.06,580422.275,5.6424,No/Non-religious,Confident — I can understand it with some help,Yes,Yes,27.0,18-29,1_Low,3,"Couple, no children"
Germany,Arnsberg,16,25,8,16,6,12,5,12.571428571428571,4,Woman or Non-binary,Primary or Secondary education,"In paid employment or self-employment (including part-time work, temporary absence from work, or helping in a family business)",3,Suburban,No,Yes,No,No,Mother tongue / Very well,Very confident — I can do these tasks easily on my own,Citizen of this country,0,1,1,0,0,0,0,0,I rent the house where I live in (I pay rent every month),"Apartment or flat with less than 10 dwellings – a home in a building with other homes above, below or next to yours",2011-2015,No,No,No,No,No,Yes,4.0,Not applicable,Not sure,Not applicable,1,1,0,1,0,0,0,3,4.6,5.7,11.2,1876818.0,113816.29,1911.57,18.55,2215295.198,6.9347,No/Non-religious,Not very confident — I often need help or support,Yes,Yes,29.0,18-29,3_High,7,Couple with children
Italy,Sicily,25,25,25,3,12,12,12,16.285714285714285,5,Woman or Non-binary,Primary or Secondary education,Fulfilling domestic tasks and/or caring for children or dependent persons,4,Suburban,No,No,No,No,Well,Confident or less confident,Citizen of this country,0,1,1,1,0,0,0,0,I own the house or flat where I live and I am paying it with a mortgage,Semi-detached house – a house joined to one other house,2001-2010,"Yes, once","Yes, twice or more",No,No,No,I don't know,4.0,Somewhat unlikely,No,No,0,0,0,1,0,1,0,2,5.9,8.6,5.0,1257106.0,76298.9,558.9300000000001,452.35,1155020.242,8.7008,No/Non-religious,Not at all confident — I find it very difficult to understand my energy bill.,Yes,No,51.0,45-59,1_Low,4,Couple with children
Italy,Veneto,20,25,4,9,20,1,1,11.428571428571429,3,Woman or Non-binary,"University degree or higher (e.g. Bachelor's, Master's, PhD)","In paid employment or self-employment (including part-time work, temporary absence from work, or helping in a family business)",2,Rural,No,No,No,No,Well,Very confident — I can do these tasks easily on my own,Citizen of this country,0,1,0,0,0,0,0,0,"I live here without paying rent (for example, staying with relatives or friends)",Detached house – a house that stands alone and is not joined to any other,2016-2021,No,No,No,No,Yes,Not applicable,5.0,Not applicable,Yes,Not applicable,0,0,0,0,0,0,0,0,5.9,8.6,5.0,1257106.0,131344.4,1383.24,196.68,1155020.242,8.7008,No/Non-religious,Confident — I can understand it with some help,Yes,Yes,26.0,18-29,1_Low,5,"Couple, no children"
Italy,Veneto,8,8,8,1,6,1,2,4.857142857142857,1,Man,"University degree or higher (e.g. Bachelor's, Master's, PhD)","In paid employment or self-employment (including part-time work, temporary absence from work, or helping in a family business)",4,Suburban,No,No,No,No,Well,Very confident — I can do these tasks easily on my own,Citizen of this country,0,0,0,1,0,0,0,0,I own the house or flat where I live and I am paying it with a mortgage,Detached house – a house that stands alone and is not joined to any other,1961-1980,No,No,No,No,Yes,Not applicable,5.0,Not applicable,Yes,Not applicable,0,1,0,0,0,0,0,1,5.9,8.6,5.0,1257106.0,131344.4,1383.24,196.68,1155020.242,8.7008,No/Non-religious,Very confident — I can understand it easily,Yes,Yes,43.0,30-44,3_High,7,Single parent
Italy,Piedmont,16,16,9,16,16,4,4,11.571428571428571,4,Man,Primary or Secondary education,"In paid employment or self-employment (including part-time work, temporary absence from work, or helping in a family business)",2,Rural,No,No,No,No,Well,Very confident — I can do these tasks easily on my own,Citizen of this country,0,1,0,0,0,0,0,0,I own the house or flat where I live and I am paying it with a mortgage,Terraced house – a house that is part of a row of houses joined together,2022 or after,No,No,No,No,Yes,Not applicable,5.0,Not applicable,No,Not applicable,0,1,0,1,0,0,0,2,5.9,8.6,5.0,1257106.0,115962.7,1658.0,142.32,1155020.242,8.7008,No/Non-religious,Confident — I can understand it with some help,Yes,No,35.0,30-44,2_Medium,4,"Couple, no children"
Italy,Apulia,16,16,4,9,9,6,1,8.714285714285714,2,Woman or Non-binary,Primary or Secondary education,Retired,4,Urban,No,Yes,No,No,Well,Confident or less confident,Citizen of this country,0,0,0,1,0,0,0,0,I own the house or flat where I live and I do not pay a mortgage,"Apartment or flat with more than 10 dwellings – a home in a building with other homes above, below or next to yours",1981-2000,No,No,No,No,Yes,Not applicable,4.0,Not applicable,Not sure,Not applicable,1,1,1,1,0,0,0,4,5.9,8.6,5.0,1257106.0,65418.9,640.14,517.28,1155020.242,8.7008,No/Non-religious,Not very confident — I often need help or support,Yes,Yes,67.0,60+,1_Low,3,Single parent
Italy,Calabria,9,16,2,9,6,12,9,9.0,2,Man,"University degree or higher (e.g. Bachelor's, Master's, PhD)","In paid employment or self-employment (including part-time work, temporary absence from work, or helping in a family business)",2,Urban,No,No,No,No,Well,Very confident — I can do these tasks easily on my own,Citizen of this country,0,1,0,0,0,0,0,0,I own the house or flat where I live and I do not pay a mortgage,"Apartment or flat with more than 10 dwellings – a home in a building with other homes above, below or next to yours",1961-1980,No,No,No,No,No,No,3.0,Likely,Yes,Yes,0,0,1,0,0,0,0,1,5.9,8.6,5.0,1257106.0,27449.4,743.0100000000001,396.14,1155020.242,8.7008,No/Non-religious,Confident — I can understand it with some help,Yes,No,49.0,45-59,1_Low,5,"Couple, no children"
Germany,Dresden,16,16,9,3,16,12,4,10.857142857142858,3,Woman or Non-binary,Primary or Secondary education,"In paid employment or self-employment (including part-time work, temporary absence from work, or helping in a family business)",3,Urban,No,No,Yes,No,Mother tongue / Very well,Very confident — I can do these tasks easily on my own,Citizen of this country,0,0,0,0,1,0,0,0,"I live here without paying rent (for example, staying with relatives or friends)","Apartment or flat with less than 10 dwellings – a home in a building with other homes above, below or next to yours",1961-1980,No,No,No,No,No,I don't know,5.0,Somewhat likely,Yes,Not sure,0,1,0,0,0,0,0,1,4.6,5.7,11.2,1876818.0,43540.54,2012.55,15.31,2215295.198,6.9347,No/Non-religious,Not very confident — I often need help or support,Yes,Yes,22.0,18-29,3_High,6,Multi-generational / extended
Italy,Sicily,20,20,25,6,5,6,6,12.571428571428571,4,Woman or Non-binary,"University degree or higher (e.g. Bachelor's, Master's, PhD)",Other,5,Suburban,No,No,No,No,Not very well or worse,Very confident — I can do these tasks easily on my own,Citizen of this country,0,0,0,0,1,0,1,0,I own the house or flat where I live and I do not pay a mortgage,Detached house – a house that stands alone and is not joined to any other,1981-2000,No,No,No,No,Yes,Not applicable,5.0,Not applicable,Yes,Not applicable,0,1,1,1,0,0,0,3,5.9,8.6,5.0,1257106.0,76298.9,558.9300000000001,452.35,1155020.242,8.7008,No/Non-religious,Confident — I can understand it with some help,Yes,Yes,25.0,18-29,2_Medium,3,Multi-generational / extended
Spain,Valencian Community,16,16,16,16,16,16,16,16.0,5,Woman or Non-binary,"University degree or higher (e.g. Bachelor's, Master's, PhD)","In paid employment or self-employment (including part-time work, temporary absence from work, or helping in a family business)",3,Urban,No,No,No,No,Well,Very confident — I can do these tasks easily on my own,Non-EU citizen,0,1,1,0,0,0,0,0,I own the house or flat where I live and I do not pay a mortgage,"Apartment or flat with more than 10 dwellings – a home in a building with other homes above, below or next to yours",1981-2000,No,"Yes, twice or more",No,No,Yes,Not applicable,5.0,Not applicable,No,Not applicable,1,1,1,1,1,0,0,5,9.2,15.9,7.2,793600.0,91415.7,730.56,512.5,580422.275,5.6424,Yes,Not very confident — I often need help or support,No,No,41.0,30-44,2_Medium,1,Couple with children
Germany,Düsseldorf,25,25,25,20,20,25,20,22.857142857142858,5,Woman or Non-binary,"University degree or higher (e.g. Bachelor's, Master's, PhD)",Fulfilling domestic tasks and/or caring for children or dependent persons,4,Urban,No,No,Yes,No,Not very well or worse,Confident or less confident,Non-EU citizen,0,1,1,0,0,0,0,0,I rent the house where I live in (I pay rent every month),"Apartment or flat with less than 10 dwellings – a home in a building with other homes above, below or next to yours",1945-1960,"Yes, twice or more","Yes, once",Yes,No,Yes,Not applicable,5.0,Not applicable,No,Not applicable,1,1,1,1,0,0,0,4,4.6,5.7,11.2,1876818.0,176736.87,1540.0,38.40000000000001,2215295.198,6.9347,No/Non-religious,Confident — I can understand it with some help,No,No,36.0,30-44,3_High,2,Couple with children
Spain,Andalusia,16,20,9,2,1,16,15,11.285714285714286,3,Woman or Non-binary,"University degree or higher (e.g. Bachelor's, Master's, PhD)","In paid employment or self-employment (including part-time work, temporary absence from work, or helping in a family business)",3,Urban,No,No,No,No,Well,Very confident — I can do these tasks easily on my own,Citizen of this country,0,0,0,0,1,0,1,0,I own the house or flat where I live and I do not pay a mortgage,Terraced house – a house that is part of a row of houses joined together,1945-1960,No,No,No,No,No,No,3.0,Very unlikely,No,Not sure,1,1,1,0,1,0,1,5,9.2,15.9,7.2,793600.0,132060.5,650.85,612.19,580422.275,5.6424,No/Non-religious,Not at all confident — I find it very difficult to understand my energy bill.,Yes,Yes,47.0,45-59,1_Low,2,Multi-generational / extended
Italy,Veneto,16,25,12,4,6,8,2,10.428571428571429,3,Man,"University degree or higher (e.g. Bachelor's, Master's, PhD)","In paid employment or self-employment (including part-time work, temporary absence from work, or helping in a family business)",6,Suburban,No,No,No,Prefer not to say,Mother tongue / Very well,Very confident — I can do these tasks easily on my own,Citizen of this country,0,0,0,0,1,1,1,0,I own the house or flat where I live and I do not pay a mortgage,Detached house – a house that stands alone and is not joined to any other,1961-1980,No,"Yes, twice or more",No,No,No,Yes,5.0,Not applicable,Not sure,Not applicable,0,1,0,1,0,0,0,2,5.9,8.6,5.0,1257106.0,131344.4,1383.24,196.68,1155020.242,8.7008,No/Non-religious,Confident — I can understand it with some help,Yes,Yes,28.0,18-29,1_Low,6,Multi-generational / extended
Germany,Karlsruhe,16,16,8,12,16,16,15,14.142857142857142,4,Woman or Non-binary,"University degree or higher (e.g. Bachelor's, Master's, PhD)",Unemployed (actively seeking work or available to start work),1,Urban,No,No,No,No,Well,Very confident — I can do these tasks easily on my own,Non-EU citizen,1,0,0,0,0,0,0,0,I rent the house where I live in (I pay rent every month),"Apartment or flat with more than 10 dwellings – a home in a building with other homes above, below or next to yours",2016-2021,No,No,No,No,No,I don't know,4.0,Unlikely,Not sure,Not sure,1,0,0,0,0,0,0,1,4.6,5.7,11.2,1876818.0,106148.97,1828.77,45.16,2215295.198,6.9347,No/Non-religious,Confident — I can understand it with some help,No,No,31.0,30-44,2_Medium,2,Lives alone
Spain,Andalusia,8,4,2,8,5,16,12,7.857142857142857,2,Woman or Non-binary,Further education or training after school (not university),Unemployed (actively seeking work or available to start work),3,Urban,No,Yes,No,No,Well,Very confident — I can do these tasks easily on my own,Citizen of this country,0,1,0,0,0,0,0,0,I own the house or flat where I live and I am paying it with a mortgage,"Apartment or flat with less than 10 dwellings – a home in a building with other homes above, below or next to yours",2022 or after,No,No,No,No,Yes,Not applicable,3.0,Not applicable,Not sure,Not applicable,1,0,1,0,0,0,0,2,9.2,15.9,7.2,793600.0,132060.5,650.85,612.19,580422.275,5.6424,No/Non-religious,Confident — I can understand it with some help,Yes,No,,60+,3_High,4,"Couple, no children"
Germany,Düsseldorf,25,20,9,4,20,4,12,13.428571428571429,4,Man,"University degree or higher (e.g. Bachelor's, Master's, PhD)","In paid employment or self-employment (including part-time work, temporary absence from work, or helping in a family business)",4,Suburban,No,No,No,No,Well,Very confident — I can do these tasks easily on my own,Citizen of this country,0,1,1,0,0,0,0,0,I own the house or flat where I live and I am paying it with a mortgage,Terraced house – a house that is part of a row of houses joined together,1961-1980,No,No,No,No,Yes,Not applicable,5.0,Not applicable,Yes,Not applicable,0,0,1,1,0,0,0,2,4.6,5.7,11.2,1876818.0,176736.87,1540.0,38.40000000000001,2215295.198,6.9347,No/Non-religious,Confident — I can understand it with some help,Yes,No,42.0,30-44,3_High,9,Couple with children
Germany,Gießen,20,20,20,3,16,15,6,14.285714285714286,4,Woman or Non-binary,"University degree or higher (e.g. Bachelor's, Master's, PhD)","In paid employment or self-employment (including part-time work, temporary absence from work, or helping in a family business)",1,Suburban,No,No,No,No,Well,Confident or less confident,EU citizen from another country,1,0,0,0,0,0,0,0,I rent the house where I live in (I pay rent every month),"Apartment or flat with less than 10 dwellings – a home in a building with other homes above, below or next to yours",1961-1980,No,"Yes, once",No,No,No,I don't know,5.0,Likely,Not sure,Not sure,1,0,0,1,0,0,0,2,4.6,5.7,11.2,1876818.0,33327.91,1940.26,19.55,2215295.198,6.9347,No/Non-religious,Not very confident — I often need help or support,No,No,30.0,30-44,2_Medium,2,Lives alone
Germany,Hannover,20,15,20,1,20,8,6,12.857142857142858,4,Woman or Non-binary,Primary or Secondary education,"Attending school, university, or other educational/training programmes",1,Urban,No,No,Yes,Prefer not to say,Well,Very confident — I can do these tasks easily on my own,Citizen of this country,1,0,0,0,0,0,0,0,I rent the house where I live in (I pay rent every month),"Apartment or flat with less than 10 dwellings – a home in a building with other homes above, below or next to yours",1945-1960,No,No,No,No,I don't know,No,5.0,Likely,No,No,0,1,1,0,1,0,0,3,4.6,5.7,11.2,1876818.0,71168.44,1758.37,19.02,2215295.198,6.9347,No/Non-religious,Confident — I can understand it with some help,Yes,Yes,20.0,18-29,2_Medium,2,Lives alone
Spain,Extremadura,4,4,12,20,16,16,4,10.857142857142858,3,Woman or Non-binary,"University degree or higher (e.g. Bachelor's, Master's, PhD)","In paid employment or self-employment (including part-time work, temporary absence from work, or helping in a family business)",2,Rural,No,No,No,No,Mother tongue / Very well,Very confident — I can do these tasks easily on my own,Citizen of this country,0,1,0,0,0,0,0,0,I own the house or flat where I live and I am paying it with a mortgage,Semi-detached house – a house joined to one other house,1981-2000,No,No,No,No,I don't know,Yes,5.0,Not applicable,Not sure,Not applicable,0,0,0,0,0,1,0,1,9.2,15.9,7.2,793600.0,15768.1,741.72,634.58,580422.275,5.6424,No/Non-religious,Not very confident — I often need help or support,Yes,Yes,33.0,30-44,1_Low,4,"Couple, no children"
Italy,Calabria,25,25,25,25,25,15,20,22.857142857142858,5,Woman or Non-binary,"University degree or higher (e.g. Bachelor's, Master's, PhD)","In paid employment or self-employment (including part-time work, temporary absence from work, or helping in a family business)",3,Urban,No,No,Yes,No,Well,Very confident — I can do these tasks easily on my own,Citizen of this country,0,0,1,0,1,0,0,0,I own the house or flat where I live and I do not pay a mortgage,"Apartment or flat with more than 10 dwellings – a home in a building with other homes above, below or next to yours",1981-2000,No,"Yes, twice or more",No,No,No,Yes,4.0,Not applicable,No,Not applicable,1,1,1,1,1,0,1,6,5.9,8.6,5.0,1257106.0,27449.4,743.0100000000001,396.14,1155020.242,8.7008,No/Non-religious,Confident — I can understand it with some help,Yes,Yes,30.0,30-44,2_Medium,3,Single parent
Germany,Düsseldorf,15,12,6,3,4,1,1,6.0,1,Man,"University degree or higher (e.g. Bachelor's, Master's, PhD)","In paid employment or self-employment (including part-time work, temporary absence from work, or helping in a family business)",1,Urban,No,No,No,No,Well,Very confident — I can do these tasks easily on my own,Citizen of this country,1,0,0,0,0,0,0,0,I rent the house where I live in (I pay rent every month),"Apartment or flat with more than 10 dwellings – a home in a building with other homes above, below or next to yours",1961-1980,No,No,No,No,No,No,5.0,Unlikely,Yes,No,0,0,0,1,1,0,0,2,4.6,5.7,11.2,1876818.0,176736.87,1540.0,38.40000000000001,2215295.198,6.9347,No/Non-religious,Very confident — I can understand it easily,Yes,Yes,44.0,30-44,2_Medium,8,Lives alone
Germany,Berlin,10,10,5,4,10,10,10,8.428571428571429,2,Woman or Non-binary,"University degree or higher (e.g. Bachelor's, Master's, PhD)","In paid employment or self-employment (including part-time work, temporary absence from work, or helping in a family business)",1,Urban,Yes,No,No,No,Mother tongue / Very well,Confident or less confident,Citizen of this country,1,0,0,0,0,0,0,0,I rent the house where I live in (I pay rent every month),"Apartment or flat with more than 10 dwellings – a home in a building with other homes above, below or next to yours",1961-1980,No,No,No,No,Yes,Not applicable,4.0,Not applicable,No,Not applicable,0,0,0,0,0,0,0,0,4.6,5.7,11.2,1876818.0,122677.83,1750.33,24.56,2215295.198,6.9347,No/Non-religious,Confident — I can understand it with some help,No,No,31.0,30-44,2_Medium,6,Lives alone
Germany,Hannover,8,20,4,1,1,9,3,6.571428571428571,1,Woman or Non-binary,"University degree or higher (e.g. Bachelor's, Master's, PhD)","In paid employment or self-employment (including part-time work, temporary absence from work, or helping in a family business)",1,Urban,No,Yes,No,No,Mother tongue / Very well,Very confident — I can do these tasks easily on my own,Citizen of this country,1,0,0,0,0,0,0,0,I rent the house where I live in (I pay rent every month),"Apartment or flat with more than 10 dwellings – a home in a building with other homes above, below or next to yours",1961-1980,No,No,No,No,Yes,Not applicable,5.0,Not applicable,No,Not applicable,1,1,1,0,0,0,0,3,4.6,5.7,11.2,1876818.0,71168.44,1758.37,19.02,2215295.198,6.9347,No/Non-religious,Confident — I can understand it with some help,Yes,No,31.0,30-44,2_Medium,2,Lives alone
Italy,Tuscany,20,20,12,25,6,25,12,17.142857142857142,5,Woman or Non-binary,Primary or Secondary education,"In paid employment or self-employment (including part-time work, temporary absence from work, or helping in a family business)",3,Urban,No,No,No,No,Not very well or worse,Very confident — I can do these tasks easily on my own,Citizen of this country,0,0,0,0,0,0,1,0,I own the house or flat where I live and I do not pay a mortgage,Detached house – a house that stands alone and is not joined to any other,Before 1945,No,No,No,No,No,I don't know,3.0,Not sure,Not sure,Yes,1,0,0,0,0,0,0,1,5.9,8.6,5.0,1257106.0,1436758.9,1108.69,287.36,1155020.242,8.7008,No/Non-religious,Confident — I can understand it with some help,Yes,Yes,55.0,45-59,1_Low,4,Multi-generational / extended
Spain,Galicia,16,16,16,20,25,16,16,17.857142857142858,5,Woman or Non-binary,"University degree or higher (e.g. Bachelor's, Master's, PhD)","In paid employment or self-employment (including part-time work, temporary absence from work, or helping in a family business)",1,Rural,No,No,No,No,Well,Confident or less confident,Citizen of this country,1,0,0,0,0,0,0,0,I own the house or flat where I live and I am paying it with a mortgage,Semi-detached house – a house joined to one other house,1961-1980,No,"Yes, once",No,No,Yes,Not applicable,3.0,Not applicable,No,Not applicable,1,1,1,1,0,1,1,6,9.2,15.9,7.2,793600.0,49230.2,1111.35,78.06,580422.275,5.6424,No/Non-religious,Very confident — I can understand it easily,Yes,No,56.0,45-59,3_High,4,Lives alone
Germany,Darmstadt,20,25,25,25,16,16,9,19.428571428571427,5,Woman or Non-binary,"University degree or higher (e.g. Bachelor's, Master's, PhD)","In paid employment or self-employment (including part-time work, temporary absence from work, or helping in a family business)",3,Urban,Yes,No,No,No,Well,Confident or less confident,Non-EU citizen,0,1,1,0,0,0,0,0,I rent the house where I live in (I pay rent every month),"Apartment or flat with less than 10 dwellings – a home in a building with other homes above, below or next to yours",I don't know,No,No,No,No,I don't know,I don't know,3.0,Likely,Not sure,Not sure,0,1,0,0,0,0,0,1,4.6,5.7,11.2,1876818.0,161209.14,1727.78,48.24,2215295.198,6.9347,No/Non-religious,Not very confident — I often need help or support,No,No,47.0,45-59,3_High,4,Couple with children
Italy,Tuscany,12,15,4,12,6,1,1,7.285714285714286,2,Man,"University degree or higher (e.g. Bachelor's, Master's, PhD)","In paid employment or self-employment (including part-time work, temporary absence from work, or helping in a family business)",3,Rural,No,No,No,No,Mother tongue / Very well,Very confident — I can do these tasks easily on my own,Citizen of this country,0,0,0,0,1,0,0,0,I own the house or flat where I live and I do not pay a mortgage,Detached house – a house that stands alone and is not joined to any other,1981-2000,No,No,No,No,Yes,Not applicable,4.0,Not applicable,Yes,Not applicable,0,0,0,0,0,0,0,0,5.9,8.6,5.0,1257106.0,1436758.9,1108.69,287.36,1155020.242,8.7008,No/Non-religious,Very confident — I can understand it easily,Yes,Yes,29.0,18-29,1_Low,6,Multi-generational / extended
Ireland,Eastern and Midland,25,25,8,4,20,1,15,14.0,4,Man,"University degree or higher (e.g. Bachelor's, Master's, PhD)","In paid employment or self-employment (including part-time work, temporary absence from work, or helping in a family business)",2,Rural,Yes,No,No,Yes,Mother tongue / Very well,Very confident — I can do these tasks easily on my own,Non-EU citizen,0,0,0,0,0,0,0,1,I rent the house where I live in (I pay rent every month),Detached house – a house that stands alone and is not joined to any other,2011-2015,No,No,No,No,I don't know,Yes,3.0,Not applicable,Yes,Not applicable,0,0,0,0,0,0,0,0,8.8,4.5,5.3,136200.1,97879.17,1820.78,0.0,106480.447,9.8217,No/Non-religious,Very confident — I can understand it easily,No,Yes,30.0,30-44,3_High,9,Other shared
Germany,Düsseldorf,5,6,5,20,3,3,8,7.142857142857143,1,Man,Further education or training after school (not university),"In paid employment or self-employment (including part-time work, temporary absence from work, or helping in a family business)",2,Suburban,No,No,No,No,Mother tongue / Very well,Very confident — I can do these tasks easily on my own,EU citizen from another country,0,1,0,0,0,0,0,0,I rent the house where I live in (I pay rent every month),"Apartment or flat with less than 10 dwellings – a home in a building with other homes above, below or next to yours",1981-2000,No,No,No,No,Yes,Not applicable,5.0,Not applicable,Yes,Not applicable,1,1,1,0,0,1,0,4,4.6,5.7,11.2,1876818.0,176736.87,1540.0,38.40000000000001,2215295.198,6.9347,No/Non-religious,Confident — I can understand it with some help,No,No,32.0,30-44,2_Medium,6,"Couple, no children"
Germany,Berlin,20,6,8,1,9,20,20,12.0,4,Woman or Non-binary,"University degree or higher (e.g. Bachelor's, Master's, PhD)","In paid employment or self-employment (including part-time work, temporary absence from work, or helping in a family business)",2,Urban,No,No,No,No,Well,Very confident — I can do these tasks easily on my own,Non-EU citizen,0,1,0,0,0,0,0,0,I rent the house where I live in (I pay rent every month),"Apartment or flat with more than 10 dwellings – a home in a building with other homes above, below or next to yours",2016-2021,No,No,No,No,Yes,Not applicable,5.0,Not applicable,Yes,Not applicable,0,1,0,0,0,0,0,1,4.6,5.7,11.2,1876818.0,122677.83,1750.33,24.56,2215295.198,6.9347,No/Non-religious,Very confident — I can understand it easily,No,No,36.0,30-44,3_High,9,"Couple, no children"
Germany,Cologne,20,20,9,4,4,20,4,11.571428571428571,3,Man,"University degree or higher (e.g. Bachelor's, Master's, PhD)","In paid employment or self-employment (including part-time work, temporary absence from work, or helping in a family business)",1,Urban,Yes,No,No,No,Mother tongue / Very well,Very confident — I can do these tasks easily on my own,Non-EU citizen,1,0,0,0,0,0,0,0,I rent the house where I live in (I pay rent every month),"Apartment or flat with more than 10 dwellings – a home in a building with other homes above, below or next to yours",1961-1980,No,No,No,No,I don't know,No,3.0,Very unlikely,No,Not sure,1,1,1,0,0,0,0,3,4.6,5.7,11.2,1876818.0,2903658.0,1919.09,19.17,2215295.198,6.9347,Yes,Confident — I can understand it with some help,No,No,30.0,30-44,1_Low,7,Lives alone
Spain,Catalonia,16,12,6,6,6,1,4,7.285714285714286,2,Woman or Non-binary,"University degree or higher (e.g. Bachelor's, Master's, PhD)","In paid employment or self-employment (including part-time work, temporary absence from work, or helping in a family business)",4,Suburban,No,No,Yes,No,Mother tongue / Very well,Very confident — I can do these tasks easily on my own,Citizen of this country,0,0,1,0,0,0,0,0,I own the house or flat where I live and I am paying it with a mortgage,"Apartment or flat with less than 10 dwellings – a home in a building with other homes above, below or next to yours",2022 or after,No,No,No,No,No,No,3.0,Likely,Not sure,Not sure,0,0,0,1,0,0,0,1,9.2,15.9,7.2,793600.0,186166.0,1078.88,341.51,580422.275,5.6424,No/Non-religious,Very confident — I can understand it easily,Yes,No,41.0,30-44,3_High,5,Single parent
Germany,Upper Bavaria,20,16,4,2,9,4,1,8.0,2,Man,Further education or training after school (not university),"In paid employment or self-employment (including part-time work, temporary absence from work, or helping in a family business)",1,Rural,No,No,No,No,Well,Very confident — I can do these tasks easily on my own,Citizen of this country,1,0,0,0,0,0,0,0,I own the house or flat where I live and I do not pay a mortgage,Detached house – a house that stands alone and is not joined to any other,1961-1980,No,No,No,No,No,Yes,3.0,Not applicable,Yes,Not applicable,1,0,0,0,0,0,0,1,4.6,5.7,11.2,1876818.0,2903658.0,1919.09,19.17,2215295.198,6.9347,No/Non-religious,Very confident — I can understand it easily,Yes,Yes,44.0,30-44,1_Low,4,Lives alone
Italy,Sicily,12,16,12,1,2,1,1,6.428571428571429,1,Woman or Non-binary,"University degree or higher (e.g. Bachelor's, Master's, PhD)",Unemployed (actively seeking work or available to start work),4,Urban,No,No,No,No,Well,Very confident — I can do these tasks easily on my own,Citizen of this country,0,0,0,0,1,0,0,0,"I live here without paying rent (for example, staying with relatives or friends)",Semi-detached house – a house joined to one other house,1981-2000,No,No,No,No,No,Yes,4.0,Not applicable,Yes,Not applicable,1,0,1,1,0,0,0,3,5.9,8.6,5.0,1257106.0,76298.9,558.9300000000001,452.35,1155020.242,8.7008,No/Non-religious,Confident — I can understand it with some help,Yes,Yes,25.0,18-29,1_Low,5,Multi-generational / extended
Germany,Hamburg,16,16,16,16,16,16,16,16.0,5,Woman or Non-binary,"University degree or higher (e.g. Bachelor's, Master's, PhD)",Other,2,Urban,No,No,No,No,Mother tongue / Very well,Confident or less confident,Non-EU citizen,0,0,1,0,0,0,0,0,I rent the house where I live in (I pay rent every month),"Apartment or flat with more than 10 dwellings – a home in a building with other homes above, below or next to yours",2022 or after,"Yes, twice or more","Yes, twice or more",No,No,Yes,Not applicable,5.0,Not applicable,No,Not applicable,0,0,0,1,0,0,0,1,4.6,5.7,11.2,1876818.0,75366.23,1792.43,12.98,2215295.198,6.9347,No/Non-religious,Confident — I can understand it with some help,No,No,49.0,45-59,3_High,5,Single parent
Italy,Veneto,5,5,5,9,9,5,9,6.714285714285714,1,Woman or Non-binary,"University degree or higher (e.g. Bachelor's, Master's, PhD)","Attending school, university, or other educational/training programmes",4,Suburban,Yes,No,No,No,Mother tongue / Very well,Very confident — I can do these tasks easily on my own,Non-EU citizen,0,0,1,0,0,0,0,0,I own the house or flat where I live and I am paying it with a mortgage,Detached house – a house that stands alone and is not joined to any other,1961-1980,No,No,No,No,Yes,Not applicable,3.0,Not applicable,No,Not applicable,0,0,0,1,0,0,0,1,5.9,8.6,5.0,1257106.0,131344.4,1383.24,196.68,1155020.242,8.7008,Yes,Confident — I can understand it with some help,No,No,37.0,30-44,3_High,3,Single parent
Italy,Lazio,12,16,4,6,12,25,9,12.0,4,Woman or Non-binary,"University degree or higher (e.g. Bachelor's, Master's, PhD)","In paid employment or self-employment (including part-time work, temporary absence from work, or helping in a family business)",2,Urban,No,No,Yes,No,Well,Very confident — I can do these tasks easily on my own,Citizen of this country,0,1,0,0,0,0,0,0,I own the house or flat where I live and I do not pay a mortgage,"Apartment or flat with less than 10 dwellings – a home in a building with other homes above, below or next to yours",1961-1980,No,No,No,No,Yes,Not applicable,4.0,Not applicable,Yes,Not applicable,0,1,0,0,0,0,0,1,5.9,8.6,5.0,1257106.0,150307.6,798.71,361.74,1155020.242,8.7008,No/Non-religious,Very confident — I can understand it easily,Yes,Yes,33.0,30-44,1_Low,2,"Couple, no children"
Italy,Lombardy,16,16,2,6,9,4,8,8.714285714285714,2,Woman or Non-binary,"University degree or higher (e.g. Bachelor's, Master's, PhD)",Retired,2,Suburban,No,No,No,No,Mother tongue / Very well,Very confident — I can do these tasks easily on my own,Citizen of this country,0,0,0,1,0,0,0,0,I own the house or flat where I live and I do not pay a mortgage,"Apartment or flat with less than 10 dwellings – a home in a building with other homes above, below or next to yours",1961-1980,No,No,No,No,Yes,Not applicable,3.0,Not applicable,Yes,Not applicable,1,0,0,0,0,0,0,1,5.9,8.6,5.0,1257106.0,322158.3,1471.71,214.79,1155020.242,8.7008,No/Non-religious,Very confident — I can understand it easily,Yes,No,68.0,60+,1_Low,3,Single parent
Germany,Düsseldorf,4,8,25,25,12,25,20,17.0,5,Woman or Non-binary,"University degree or higher (e.g. Bachelor's, Master's, PhD)","In paid employment or self-employment (including part-time work, temporary absence from work, or helping in a family business)",2,Urban,No,No,No,No,Well,Very confident — I can do these tasks easily on my own,Citizen of this country,0,1,0,0,0,0,0,0,I rent the house where I live in (I pay rent every month),"Apartment or flat with more than 10 dwellings – a home in a building with other homes above, below or next to yours",2016-2021,No,No,No,No,Yes,Not applicable,5.0,Not applicable,Yes,Not applicable,0,0,0,0,0,0,0,0,4.6,5.7,11.2,1876818.0,176736.87,1540.0,38.40000000000001,2215295.198,6.9347,No/Non-religious,Confident — I can understand it with some help,Yes,Yes,24.0,18-29,3_High,9,"Couple, no children"
Italy,Lazio,4,4,4,1,16,4,4,5.285714285714286,1,Woman or Non-binary,"University degree or higher (e.g. Bachelor's, Master's, PhD)","In paid employment or self-employment (including part-time work, temporary absence from work, or helping in a family business)",2,Urban,No,No,No,Yes,Well,Very confident — I can do these tasks easily on my own,Citizen of this country,0,1,0,0,0,0,0,0,I rent the house where I live in (I pay rent every month),"Apartment or flat with less than 10 dwellings – a home in a building with other homes above, below or next to yours",2001-2010,No,No,No,No,Yes,Not applicable,5.0,Not applicable,Not sure,Not applicable,0,0,0,1,0,0,0,1,5.9,8.6,5.0,1257106.0,150307.6,798.71,361.74,1155020.242,8.7008,No/Non-religious,Very confident — I can understand it easily,Yes,Yes,42.0,30-44,1_Low,3,"Couple, no children"
Germany,Mecklenburg-Vorpommern,25,25,1,9,25,6,1,13.142857142857142,4,Man,Further education or training after school (not university),"In paid employment or self-employment (including part-time work, temporary absence from work, or helping in a family business)",1,Urban,No,No,No,No,Well,Very confident — I can do these tasks easily on my own,Citizen of this country,1,0,0,0,0,0,0,0,I rent the house where I live in (I pay rent every month),"Apartment or flat with less than 10 dwellings – a home in a building with other homes above, below or next to yours",1961-1980,No,No,No,No,No,I don't know,5.0,Likely,Yes,Yes,1,0,0,1,0,1,0,3,4.6,5.7,11.2,1876818.0,42247.43,1909.55,8.739999999999998,2215295.198,6.9347,No/Non-religious,Very confident — I can understand it easily,Yes,No,38.0,30-44,1_Low,5,Lives alone
Italy,Lazio,25,25,20,9,16,9,12,16.571428571428573,5,Woman or Non-binary,Primary or Secondary education,Retired,2,Suburban,No,No,No,No,Well,Very confident — I can do these tasks easily on my own,Citizen of this country,0,1,0,0,0,0,0,0,I own the house or flat where I live and I do not pay a mortgage,Detached house – a house that stands alone and is not joined to any other,1981-2000,No,No,No,No,Yes,Not applicable,5.0,Not applicable,Yes,Not applicable,0,0,1,0,0,0,0,1,5.9,8.6,5.0,1257106.0,150307.6,798.71,361.74,1155020.242,8.7008,No/Non-religious,Not at all confident — I find it very difficult to understand my energy bill.,Yes,Yes,64.0,60+,1_Low,4,"Couple, no children"
Germany,Stuttgart,12,1,1,1,6,1,1,3.2857142857142856,1,Man,"University degree or higher (e.g. Bachelor's, Master's, PhD)","In paid employment or self-employment (including part-time work, temporary absence from work, or helping in a family business)",1,Urban,No,No,No,Yes,Mother tongue / Very well,Very confident — I can do these tasks easily on my own,Citizen of this country,1,0,0,0,0,0,0,0,I rent the house where I live in (I pay rent every month),"Apartment or flat with less than 10 dwellings – a home in a building with other homes above, below or next to yours",1981-2000,No,No,No,No,No,No,4.0,Likely,Yes,Yes,1,0,0,0,1,0,0,2,4.6,5.7,11.2,1876818.0,167717.96,1921.95,31.71,2215295.198,6.9347,No/Non-religious,Confident — I can understand it with some help,Yes,Yes,31.0,30-44,3_High,9,Lives alone
Italy,Lombardy,25,25,8,12,20,25,8,17.571428571428573,5,Woman or Non-binary,"University degree or higher (e.g. Bachelor's, Master's, PhD)","In paid employment or self-employment (including part-time work, temporary absence from work, or helping in a family business)",1,Urban,No,No,No,No,Well,Very confident — I can do these tasks easily on my own,Citizen of this country,1,0,0,0,0,0,0,0,I own the house or flat where I live and I am paying it with a mortgage,"Apartment or flat with less than 10 dwellings – a home in a building with other homes above, below or next to yours",2001-2010,No,No,No,No,No,Yes,4.0,Not applicable,Yes,Not applicable,0,1,0,0,0,0,0,1,5.9,8.6,5.0,1257106.0,322158.3,1471.71,214.79,1155020.242,8.7008,No/Non-religious,Confident — I can understand it with some help,Yes,Yes,35.0,30-44,2_Medium,3,Lives alone
Spain,Community of Madrid,20,20,20,25,25,25,16,21.571428571428573,5,Woman or Non-binary,"University degree or higher (e.g. Bachelor's, Master's, PhD)",Unemployed (actively seeking work or available to start work),2,Urban,No,No,No,No,Well,Very confident — I can do these tasks easily on my own,Citizen of this country,0,0,0,0,0,0,1,0,I own the house or flat where I live and I am paying it with a mortgage,"Apartment or flat with more than 10 dwellings – a home in a building with other homes above, below or next to yours",2001-2010,No,No,No,No,Yes,Not applicable,2.0,Not applicable,No,Not applicable,1,0,0,0,0,0,0,1,9.2,15.9,7.2,793600.0,194229.0,1124.85,498.39,580422.275,5.6424,No/Non-religious,Very confident — I can understand it easily,Yes,No,47.0,45-59,3_High,8,Multi-generational / extended
Italy,Lombardy,16,16,9,16,12,9,9,12.428571428571429,4,Woman or Non-binary,"University degree or higher (e.g. Bachelor's, Master's, PhD)","In paid employment or self-employment (including part-time work, temporary absence from work, or helping in a family business)",2,Suburban,No,No,No,No,Not very well or worse,Very confident — I can do these tasks easily on my own,Citizen of this country,0,0,0,0,1,0,0,0,I own the house or flat where I live and I do not pay a mortgage,"Apartment or flat with more than 10 dwellings – a home in a building with other homes above, below or next to yours",1981-2000,No,No,No,No,No,Yes,4.0,Not applicable,Yes,Not applicable,0,0,0,0,0,0,0,0,5.9,8.6,5.0,1257106.0,322158.3,1471.71,214.79,1155020.242,8.7008,No/Non-religious,Confident — I can understand it with some help,Yes,Yes,27.0,18-29,1_Low,4,Multi-generational / extended
Italy,Sicily,20,25,5,10,5,1,1,9.571428571428571,2,Woman or Non-binary,"University degree or higher (e.g. Bachelor's, Master's, PhD)","In paid employment or self-employment (including part-time work, temporary absence from work, or helping in a family business)",2,Suburban,No,No,No,No,Mother tongue / Very well,Confident or less confident,Citizen of this country,0,1,0,0,0,0,0,0,I own the house or flat where I live and I do not pay a mortgage,Semi-detached house – a house joined to one other house,2016-2021,No,No,No,No,No,Yes,5.0,Not applicable,Yes,Not applicable,0,0,1,1,0,0,0,2,5.9,8.6,5.0,1257106.0,76298.9,558.9300000000001,452.35,1155020.242,8.7008,No/Non-religious,Confident — I can understand it with some help,Yes,Yes,64.0,60+,1_Low,5,"Couple, no children"
Italy,Lombardy,9,16,9,4,9,16,9,10.285714285714286,3,Woman or Non-binary,Primary or Secondary education,"Attending school, university, or other educational/training programmes",4,Rural,No,No,No,No,Well,Confident or less confident,Citizen of this country,0,0,0,0,1,0,1,0,I own the house or flat where I live and I am paying it with a mortgage,Detached house – a house that stands alone and is not joined to any other,2016-2021,No,No,No,No,No,No,5.0,Very likely,Yes,No,0,0,1,0,0,0,0,1,5.9,8.6,5.0,1257106.0,322158.3,1471.71,214.79,1155020.242,8.7008,No/Non-religious,Confident — I can understand it with some help,Yes,Yes,21.0,18-29,1_Low,5,Multi-generational / extended
Italy,Umbria,20,16,4,1,16,2,2,8.714285714285714,2,Woman or Non-binary,"University degree or higher (e.g. Bachelor's, Master's, PhD)",Unemployed (actively seeking work or available to start work),2,Rural,No,No,No,No,Well,Very confident — I can do these tasks easily on my own,Citizen of this country,0,1,0,0,0,0,0,0,I own the house or flat where I live and I do not pay a mortgage,"Apartment or flat with less than 10 dwellings – a home in a building with other homes above, below or next to yours",1961-1980,No,No,No,No,Yes,Not applicable,5.0,Not applicable,Not sure,Not applicable,1,1,1,0,0,0,0,3,5.9,8.6,5.0,1257106.0,19650.7,1081.16,249.17,1155020.242,8.7008,No/Non-religious,Confident — I can understand it with some help,Yes,Yes,30.0,30-44,1_Low,3,"Couple, no children"
Germany,Cologne,16,16,10,6,6,10,10,10.571428571428571,3,Man,"University degree or higher (e.g. Bachelor's, Master's, PhD)","In paid employment or self-employment (including part-time work, temporary absence from work, or helping in a family business)",2,Urban,Yes,No,No,No,Well,Very confident — I can do these tasks easily on my own,Citizen of this country,0,1,0,0,0,0,0,0,I rent the house where I live in (I pay rent every month),"Apartment or flat with less than 10 dwellings – a home in a building with other homes above, below or next to yours",1961-1980,No,No,No,No,No,No,4.0,Very unlikely,Yes,No,0,0,0,0,0,0,0,0,4.6,5.7,11.2,1876818.0,2903658.0,1919.09,19.17,2215295.198,6.9347,Yes,Confident — I can understand it with some help,Yes,Yes,32.0,30-44,3_High,8,"Couple, no children"
Italy,Veneto,20,25,12,15,6,5,9,13.142857142857142,4,Woman or Non-binary,"University degree or higher (e.g. Bachelor's, Master's, PhD)","In paid employment or self-employment (including part-time work, temporary absence from work, or helping in a family business)",2,Urban,No,No,No,No,Well,Very confident — I can do these tasks easily on my own,Citizen of this country,0,0,0,1,0,0,0,0,I own the house or flat where I live and I am paying it with a mortgage,"Apartment or flat with less than 10 dwellings – a home in a building with other homes above, below or next to yours",2001-2010,No,No,No,No,No,I don't know,5.0,Very likely,Yes,No,0,0,0,0,0,1,0,1,5.9,8.6,5.0,1257106.0,131344.4,1383.24,196.68,1155020.242,8.7008,No/Non-religious,Confident — I can understand it with some help,Yes,Yes,61.0,60+,3_High,6,Single parent
Germany,Darmstadt,12,16,5,8,12,9,8,10.0,3,Woman or Non-binary,Further education or training after school (not university),"In paid employment or self-employment (including part-time work, temporary absence from work, or helping in a family business)",2,Urban,No,No,Yes,Prefer not to say,Well,Very confident — I can do these tasks easily on my own,Citizen of this country,0,1,0,0,0,0,0,0,I rent the house where I live in (I pay rent every month),"Apartment or flat with less than 10 dwellings – a home in a building with other homes above, below or next to yours",I don't know,No,No,Yes,No,I don't know,No,5.0,Somewhat likely,Yes,Not sure,1,1,1,0,1,0,0,4,4.6,5.7,11.2,1876818.0,161209.14,1727.78,48.24,2215295.198,6.9347,Prefer not to say,Not at all confident — I find it very difficult to understand my energy bill.,Yes,Yes,21.0,18-29,3_High,4,"Couple, no children"
Germany,Koblenz,9,12,4,8,15,12,8,9.714285714285714,3,Woman or Non-binary,"University degree or higher (e.g. Bachelor's, Master's, PhD)","In paid employment or self-employment (including part-time work, temporary absence from work, or helping in a family business)",2,Suburban,No,No,Prefer not to say,Prefer not to say,Mother tongue / Very well,Very confident — I can do these tasks easily on my own,Citizen of this country,0,1,0,0,0,0,0,0,I rent the house where I live in (I pay rent every month),"Apartment or flat with less than 10 dwellings – a home in a building with other homes above, below or next to yours",1981-2000,No,No,No,No,No,I don't know,5.0,Likely,Yes,No,1,0,0,0,0,0,1,2,4.6,5.7,11.2,1876818.0,50245.15,1805.27,30.22,2215295.198,6.9347,No/Non-religious,Confident — I can understand it with some help,Yes,Yes,27.0,18-29,3_High,9,"Couple, no children"
Germany,Cologne,9,9,9,9,9,9,9,9.0,2,Woman or Non-binary,"University degree or higher (e.g. Bachelor's, Master's, PhD)","In paid employment or self-employment (including part-time work, temporary absence from work, or helping in a family business)",1,Urban,No,No,No,No,Mother tongue / Very well,Confident or less confident,Citizen of this country,1,0,0,0,0,0,0,0,I rent the house where I live in (I pay rent every month),"Apartment or flat with more than 10 dwellings – a home in a building with other homes above, below or next to yours",I don't know,No,No,No,No,I don't know,Yes,3.0,Not applicable,Not sure,Not applicable,0,0,0,0,0,0,1,1,4.6,5.7,11.2,1876818.0,2903658.0,1919.09,19.17,2215295.198,6.9347,No/Non-religious,Confident — I can understand it with some help,Yes,Yes,66.0,60+,2_Medium,3,Lives alone
Germany,Thuringia,16,20,10,4,2,12,9,10.428571428571429,3,Man,"University degree or higher (e.g. Bachelor's, Master's, PhD)","In paid employment or self-employment (including part-time work, temporary absence from work, or helping in a family business)",2,Suburban,No,No,No,No,Well,Confident or less confident,Citizen of this country,0,0,0,0,1,0,0,0,I own the house or flat where I live and I am paying it with a mortgage,Terraced house – a house that is part of a row of houses joined together,1981-2000,No,No,No,No,Yes,Not applicable,4.0,Not applicable,Yes,Not applicable,0,0,1,0,0,0,0,1,4.6,5.7,11.2,1876818.0,2903658.0,1919.09,19.17,2215295.198,6.9347,No/Non-religious,Another person is in charge of reading and/or paying the energy bill.,Yes,Yes,22.0,18-29,1_Low,6,Multi-generational / extended
Germany,Arnsberg,16,16,15,3,2,12,9,10.428571428571429,3,Woman or Non-binary,Primary or Secondary education,"In paid employment or self-employment (including part-time work, temporary absence from work, or helping in a family business)",3,Urban,No,No,No,No,Well,Very confident — I can do these tasks easily on my own,Citizen of this country,0,0,1,0,0,0,0,0,I rent the house where I live in (I pay rent every month),"Apartment or flat with less than 10 dwellings – a home in a building with other homes above, below or next to yours",Before 1945,No,No,Yes,No,I don't know,Yes,4.0,Not applicable,No,Not applicable,0,0,0,0,0,0,0,0,4.6,5.7,11.2,1876818.0,113816.29,1911.57,18.55,2215295.198,6.9347,No/Non-religious,Confident — I can understand it with some help,Yes,Yes,41.0,30-44,2_Medium,3,Single parent
Germany,Rheinhessen-Palatinate,15,2,4,4,8,1,1,5.0,1,Woman or Non-binary,"University degree or higher (e.g. Bachelor's, Master's, PhD)","In paid employment or self-employment (including part-time work, temporary absence from work, or helping in a family business)",1,Suburban,No,No,Yes,No,Mother tongue / Very well,Very confident — I can do these tasks easily on my own,EU citizen from another country,1,0,0,0,0,0,0,0,I rent the house where I live in (I pay rent every month),"Apartment or flat with less than 10 dwellings – a home in a building with other homes above, below or next to yours",I don't know,No,No,No,No,I don't know,No,5.0,Not sure,Yes,Not sure,0,0,0,0,0,0,0,0,4.6,5.7,11.2,1876818.0,2903658.0,1919.09,19.17,2215295.198,6.9347,No/Non-religious,Confident — I can understand it with some help,No,No,26.0,18-29,3_High,3,Lives alone
Italy,Abruzzo,25,25,25,25,25,25,9,22.714285714285715,5,Woman or Non-binary,"University degree or higher (e.g. Bachelor's, Master's, PhD)","In paid employment or self-employment (including part-time work, temporary absence from work, or helping in a family business)",1,Rural,No,No,No,No,Well,Very confident — I can do these tasks easily on my own,Citizen of this country,1,0,0,0,0,0,0,0,I own the house or flat where I live and I do not pay a mortgage,Detached house – a house that stands alone and is not joined to any other,2001-2010,No,No,No,No,No,No,5.0,Likely,No,No,0,0,0,1,0,0,0,1,5.9,8.6,5.0,1257106.0,25963.4,1154.07,208.07,1155020.242,8.7008,No/Non-religious,Confident — I can understand it with some help,Yes,Yes,60.0,60+,1_Low,4,Lives alone
Germany,Hannover,16,16,12,25,20,20,12,17.285714285714285,5,Woman or Non-binary,"University degree or higher (e.g. Bachelor's, Master's, PhD)","Attending school, university, or other educational/training programmes",3,Urban,Yes,No,No,No,Mother tongue / Very well,Very confident — I can do these tasks easily on my own,Non-EU citizen,0,0,0,0,0,0,0,1,I rent the house where I live in (I pay rent every month),"Apartment or flat with less than 10 dwellings – a home in a building with other homes above, below or next to yours",I don't know,No,No,No,No,No,Yes,4.0,Not applicable,No,Not applicable,0,1,0,0,0,0,1,2,4.6,5.7,11.2,1876818.0,71168.44,1758.37,19.02,2215295.198,6.9347,No/Non-religious,Confident — I can understand it with some help,No,No,29.0,18-29,1_Low,2,Other shared
Germany,Düsseldorf,12,12,6,12,8,4,4,8.285714285714286,2,Man,"University degree or higher (e.g. Bachelor's, Master's, PhD)","In paid employment or self-employment (including part-time work, temporary absence from work, or helping in a family business)",1,Suburban,No,No,No,No,Mother tongue / Very well,Very confident — I can do these tasks easily on my own,Citizen of this country,1,0,0,0,0,0,0,0,I own the house or flat where I live and I am paying it with a mortgage,Semi-detached house – a house joined to one other house,2016-2021,No,No,No,No,Yes,Not applicable,4.0,Not applicable,No,Not applicable,1,0,0,0,0,1,0,2,4.6,5.7,11.2,1876818.0,176736.87,1540.0,38.40000000000001,2215295.198,6.9347,No/Non-religious,Confident — I can understand it with some help,Yes,Yes,37.0,30-44,3_High,6,Lives alone
Germany,Upper Bavaria,25,25,16,9,12,12,9,15.428571428571429,5,Man,Primary or Secondary education,Unemployed (actively seeking work or available to start work),3,Rural,No,No,No,No,Well,Very confident — I can do these tasks easily on my own,Citizen of this country,0,0,0,0,1,0,0,0,I own the house or flat where I live and I do not pay a mortgage,Detached house – a house that stands alone and is not joined to any other,1981-2000,No,No,No,No,Yes,Not applicable,5.0,Not applicable,Yes,Not applicable,1,0,0,0,0,0,0,1,4.6,5.7,11.2,1876818.0,2903658.0,1919.09,19.17,2215295.198,6.9347,No/Non-religious,Very confident — I can understand it easily,Yes,Yes,43.0,30-44,1_Low,5,Multi-generational / extended
Germany,Berlin,16,16,12,4,16,16,12,13.142857142857142,4,Woman or Non-binary,Primary or Secondary education,"In paid employment or self-employment (including part-time work, temporary absence from work, or helping in a family business)",1,Urban,No,No,No,No,Mother tongue / Very well,Very confident — I can do these tasks easily on my own,Citizen of this country,1,0,0,0,0,0,0,0,I rent the house where I live in (I pay rent every month),"Apartment or flat with more than 10 dwellings – a home in a building with other homes above, below or next to yours",1945-1960,No,No,No,No,No,No,5.0,Likely,No,Not sure,1,0,0,0,0,0,1,2,4.6,5.7,11.2,1876818.0,122677.83,1750.33,24.56,2215295.198,6.9347,No/Non-religious,Very confident — I can understand it easily,Yes,Yes,43.0,30-44,2_Medium,3,Lives alone
Germany,Hamburg,8,12,10,6,6,4,8,7.714285714285714,2,Man,"University degree or higher (e.g. Bachelor's, Master's, PhD)","In paid employment or self-employment (including part-time work, temporary absence from work, or helping in a family business)",2,Rural,Yes,No,Yes,No,Well,Very confident — I can do these tasks easily on my own,Citizen of this country,0,1,0,0,0,0,0,0,I own the house or flat where I live and I do not pay a mortgage,Detached house – a house that stands alone and is not joined to any other,2001-2010,No,No,Yes,No,Yes,Not applicable,4.0,Not applicable,Yes,Not applicable,1,0,0,0,0,0,0,1,4.6,5.7,11.2,1876818.0,75366.23,1792.43,12.98,2215295.198,6.9347,No/Non-religious,Very confident — I can understand it easily,Yes,Yes,41.0,30-44,1_Low,4,"Couple, no children"
Germany,Freiburg,6,12,12,12,8,12,9,10.142857142857142,3,Woman or Non-binary,"University degree or higher (e.g. Bachelor's, Master's, PhD)","Attending school, university, or other educational/training programmes",2,Urban,No,No,No,No,Well,Confident or less confident,Non-EU citizen,0,1,0,0,0,0,0,0,I rent the house where I live in (I pay rent every month),"Apartment or flat with less than 10 dwellings – a home in a building with other homes above, below or next to yours",1961-1980,No,No,No,No,Yes,Not applicable,1.0,Not applicable,Not sure,Not applicable,0,0,0,0,0,0,0,0,4.6,5.7,11.2,1876818.0,83831.92,1967.95,31.66,2215295.198,6.9347,No/Non-religious,Confident — I can understand it with some help,No,No,24.0,18-29,2_Medium,2,"Couple, no children"
Germany,Darmstadt,12,20,10,3,3,9,16,10.428571428571429,3,Woman or Non-binary,Primary or Secondary education,"Attending school, university, or other educational/training programmes",2,Urban,No,No,Yes,No,Well,Confident or less confident,Citizen of this country,0,1,0,0,0,0,0,0,I rent the house where I live in (I pay rent every month),"Apartment or flat with less than 10 dwellings – a home in a building with other homes above, below or next to yours",I don't know,No,"Yes, once",No,No,No,No,3.0,Very unlikely,Not sure,Yes,0,0,0,1,1,0,0,2,4.6,5.7,11.2,1876818.0,161209.14,1727.78,48.24,2215295.198,6.9347,No/Non-religious,Confident — I can understand it with some help,Yes,Yes,29.0,18-29,3_High,4,"Couple, no children"
Germany,Middle Franconia,15,15,10,8,12,10,6,10.857142857142858,3,Woman or Non-binary,"University degree or higher (e.g. Bachelor's, Master's, PhD)","In paid employment or self-employment (including part-time work, temporary absence from work, or helping in a family business)",1,Urban,No,No,No,No,Mother tongue / Very well,Very confident — I can do these tasks easily on my own,Citizen of this country,1,0,0,0,0,0,0,0,I rent the house where I live in (I pay rent every month),"Apartment or flat with more than 10 dwellings – a home in a building with other homes above, below or next to yours",I don't know,"Yes, once","Yes, once",No,No,I don't know,No,4.0,Somewhat unlikely,No,Not sure,1,1,0,0,0,0,0,2,4.6,5.7,11.2,1876818.0,2903658.0,1919.09,19.17,2215295.198,6.9347,No/Non-religious,Confident — I can understand it with some help,Yes,Yes,25.0,18-29,2_Medium,1,Lives alone
Germany,Lower Bavaria,8,6,15,8,6,6,2,7.285714285714286,2,Woman or Non-binary,Primary or Secondary education,Fulfilling domestic tasks and/or caring for children or dependent persons,3,Urban,No,No,No,No,Mother tongue / Very well,Very confident — I can do these tasks easily on my own,EU citizen from another country,0,1,1,0,0,0,0,0,I rent the house where I live in (I pay rent every month),"Apartment or flat with less than 10 dwellings – a home in a building with other homes above, below or next to yours",1981-2000,No,No,No,No,No,Yes,2.0,Not applicable,Yes,Not applicable,0,0,0,0,0,1,1,2,4.6,5.7,11.2,1876818.0,2903658.0,1919.09,19.17,2215295.198,6.9347,Prefer not to say,Very confident — I can understand it easily,No,No,24.0,18-29,2_Medium,3,Couple with children
Germany,Darmstadt,8,8,1,12,8,12,8,8.142857142857142,2,Man,"University degree or higher (e.g. Bachelor's, Master's, PhD)","In paid employment or self-employment (including part-time work, temporary absence from work, or helping in a family business)",2,Suburban,No,No,No,No,Well,Very confident — I can do these tasks easily on my own,Citizen of this country,0,1,0,0,0,0,0,0,I own the house or flat where I live and I am paying it with a mortgage,"Apartment or flat with less than 10 dwellings – a home in a building with other homes above, below or next to yours",2001-2010,No,No,No,No,No,No,5.0,Very likely,Yes,Not sure,1,1,0,0,0,0,1,3,4.6,5.7,11.2,1876818.0,161209.14,1727.78,48.24,2215295.198,6.9347,No/Non-religious,Very confident — I can understand it easily,Yes,Yes,26.0,18-29,3_High,8,"Couple, no children"
Germany,Düsseldorf,25,25,15,2,10,10,10,13.857142857142858,4,Woman or Non-binary,Further education or training after school (not university),Fulfilling domestic tasks and/or caring for children or dependent persons,3,Suburban,No,No,No,No,Well,Very confident — I can do these tasks easily on my own,Citizen of this country,0,1,1,0,0,0,0,0,I own the house or flat where I live and I do not pay a mortgage,Terraced house – a house that is part of a row of houses joined together,Before 1945,No,No,No,Yes,Yes,Not applicable,5.0,Not applicable,Yes,Not applicable,1,0,0,0,1,0,0,2,4.6,5.7,11.2,1876818.0,176736.87,1540.0,38.40000000000001,2215295.198,6.9347,No/Non-religious,Not very confident — I often need help or support,Yes,Yes,34.0,30-44,3_High,6,Couple with children
Germany,Berlin,16,20,9,20,9,16,25,16.428571428571427,5,Woman or Non-binary,"University degree or higher (e.g. Bachelor's, Master's, PhD)","In paid employment or self-employment (including part-time work, temporary absence from work, or helping in a family business)",4,Urban,No,No,No,No,Mother tongue / Very well,Very confident — I can do these tasks easily on my own,Citizen of this country,0,1,1,0,0,0,0,0,I rent the house where I live in (I pay rent every month),"Apartment or flat with more than 10 dwellings – a home in a building with other homes above, below or next to yours",1981-2000,No,No,No,No,No,Yes,4.0,Not applicable,Not sure,Not applicable,0,1,0,0,0,0,0,1,4.6,5.7,11.2,1876818.0,122677.83,1750.33,24.56,2215295.198,6.9347,Prefer not to say,Confident — I can understand it with some help,No,No,38.0,30-44,3_High,7,Couple with children
Germany,Stuttgart,16,16,4,9,16,16,9,12.285714285714286,4,Woman or Non-binary,Further education or training after school (not university),"In paid employment or self-employment (including part-time work, temporary absence from work, or helping in a family business)",2,Urban,No,No,No,No,Well,Very confident — I can do these tasks easily on my own,EU citizen from another country,0,1,0,0,0,0,0,0,I rent the house where I live in (I pay rent every month),"Apartment or flat with less than 10 dwellings – a home in a building with other homes above, below or next to yours",2011-2015,No,No,No,No,Yes,Not applicable,5.0,Not applicable,Yes,Not applicable,1,0,0,0,0,0,0,1,4.6,5.7,11.2,1876818.0,167717.96,1921.95,31.71,2215295.198,6.9347,No/Non-religious,Confident — I can understand it with some help,No,No,38.0,30-44,2_Medium,5,"Couple, no children"
Germany,Karlsruhe,9,12,6,4,8,4,1,6.285714285714286,1,Man,"University degree or higher (e.g. Bachelor's, Master's, PhD)","In paid employment or self-employment (including part-time work, temporary absence from work, or helping in a family business)",3,Urban,No,No,No,No,Mother tongue / Very well,Very confident — I can do these tasks easily on my own,Citizen of this country,0,0,1,0,0,0,0,0,I own the house or flat where I live and I do not pay a mortgage,Terraced house – a house that is part of a row of houses joined together,2011-2015,No,No,No,No,No,I don't know,4.0,Somewhat unlikely,Yes,Yes,0,0,0,0,0,0,0,0,4.6,5.7,11.2,1876818.0,106148.97,1828.77,45.16,2215295.198,6.9347,No/Non-religious,Confident — I can understand it with some help,Yes,Yes,53.0,45-59,1_Low,9,Single parent
Germany,Lower Bavaria,9,9,8,12,9,4,4,7.857142857142857,2,Man,Primary or Secondary education,"In paid employment or self-employment (including part-time work, temporary absence from work, or helping in a family business)",3,Urban,No,No,No,No,Mother tongue / Very well,Very confident — I can do these tasks easily on my own,Citizen of this country,0,0,0,0,1,0,0,0,I own the house or flat where I live and I do not pay a mortgage,"Apartment or flat with more than 10 dwellings – a home in a building with other homes above, below or next to yours",2011-2015,No,No,No,No,No,Yes,4.0,Not applicable,Yes,Not applicable,0,0,1,0,0,0,0,1,4.6,5.7,11.2,1876818.0,2903658.0,1919.09,19.17,2215295.198,6.9347,No/Non-religious,Confident — I can understand it with some help,No,Yes,25.0,18-29,2_Medium,8,Multi-generational / extended
Germany,Berlin,15,16,20,12,4,9,12,12.571428571428571,4,Woman or Non-binary,"University degree or higher (e.g. Bachelor's, Master's, PhD)","In paid employment or self-employment (including part-time work, temporary absence from work, or helping in a family business)",2,Urban,No,No,No,Prefer not to say,Mother tongue / Very well,Confident or less confident,EU citizen from another country,0,1,0,0,0,0,0,0,I own the house or flat where I live and I am paying it with a mortgage,"Apartment or flat with more than 10 dwellings – a home in a building with other homes above, below or next to yours",Before 1945,No,"Yes, once",No,No,No,Yes,5.0,Not applicable,Yes,Not applicable,1,0,1,0,1,0,0,3,4.6,5.7,11.2,1876818.0,122677.83,1750.33,24.56,2215295.198,6.9347,No/Non-religious,Not very confident — I often need help or support,No,No,37.0,30-44,3_High,3,"Couple, no children"
Germany,Stuttgart,12,6,6,6,12,6,12,8.571428571428571,2,Woman or Non-binary,Further education or training after school (not university),"In paid employment or self-employment (including part-time work, temporary absence from work, or helping in a family business)",3,Suburban,No,No,No,No,Mother tongue / Very well,Very confident — I can do these tasks easily on my own,Citizen of this country,0,1,1,0,0,0,0,0,I own the house or flat where I live and I am paying it with a mortgage,"Apartment or flat with less than 10 dwellings – a home in a building with other homes above, below or next to yours",I don't know,No,No,No,No,No,I don't know,5.0,Somewhat likely,Yes,Not sure,1,1,0,0,0,0,0,2,4.6,5.7,11.2,1876818.0,167717.96,1921.95,31.71,2215295.198,6.9347,No/Non-religious,Not very confident — I often need help or support,Yes,Yes,34.0,30-44,3_High,8,Couple with children
Germany,Lüneburg,15,15,8,8,4,2,8,8.571428571428571,2,Man,"University degree or higher (e.g. Bachelor's, Master's, PhD)","Attending school, university, or other educational/training programmes",2,Rural,No,No,No,No,Mother tongue / Very well,Very confident — I can do these tasks easily on my own,Non-EU citizen,0,1,0,0,0,0,0,0,I own the house or flat where I live and I do not pay a mortgage,Detached house – a house that stands alone and is not joined to any other,2022 or after,No,No,No,No,Yes,Not applicable,5.0,Not applicable,Yes,Not applicable,1,0,1,1,0,1,0,4,4.6,5.7,11.2,1876818.0,59410.95,1832.41,10.61,2215295.198,6.9347,No/Non-religious,Very confident — I can understand it easily,No,No,36.0,30-44,3_High,2,"Couple, no children"
Germany,Düsseldorf,25,25,15,16,25,16,5,18.142857142857142,5,Man,Further education or training after school (not university),"In paid employment or self-employment (including part-time work, temporary absence from work, or helping in a family business)",3,Suburban,No,No,No,No,Well,Very confident — I can do these tasks easily on my own,Citizen of this country,0,1,1,0,0,0,0,0,I own the house or flat where I live and I do not pay a mortgage,Terraced house – a house that is part of a row of houses joined together,1961-1980,No,No,No,No,Yes,Not applicable,5.0,Not applicable,Yes,Not applicable,0,0,0,0,0,0,0,0,4.6,5.7,11.2,1876818.0,176736.87,1540.0,38.40000000000001,2215295.198,6.9347,No/Non-religious,Very confident — I can understand it easily,Yes,Yes,33.0,30-44,3_High,8,Couple with children
Portugal,Centre,8,6,6,9,4,9,6,6.857142857142857,1,Man,Further education or training after school (not university),Unemployed (actively seeking work or available to start work),2,Urban,No,No,No,No,Well,Confident or less confident,Citizen of this country,0,1,0,0,0,0,0,0,I own the house or flat where I live and I am paying it with a mortgage,"Apartment or flat with less than 10 dwellings – a home in a building with other homes above, below or next to yours",2001-2010,No,No,No,No,No,Yes,5.0,Not applicable,Yes,Not applicable,0,0,0,1,0,0,0,1,3.6,15.6,6.3,166851.3,23583.85,853.61,285.82,128035.143,4.653,Yes,Confident — I can understand it with some help,Yes,No,31.0,30-44,3_High,3,"Couple, no children"
Italy,Veneto,25,25,9,20,20,15,25,19.857142857142858,5,Man,"University degree or higher (e.g. Bachelor's, Master's, PhD)","In paid employment or self-employment (including part-time work, temporary absence from work, or helping in a family business)",2,Urban,No,No,No,No,Well,Very confident — I can do these tasks easily on my own,Citizen of this country,0,1,0,0,0,0,0,0,I rent the house where I live in (I pay rent every month),"Apartment or flat with more than 10 dwellings – a home in a building with other homes above, below or next to yours",2022 or after,No,No,No,No,Yes,Not applicable,5.0,Not applicable,No,Not applicable,0,0,0,0,0,0,0,0,5.9,8.6,5.0,1257106.0,131344.4,1383.24,196.68,1155020.242,8.7008,No/Non-religious,Not at all confident — I find it very difficult to understand my energy bill.,No,No,53.0,45-59,1_Low,4,"Couple, no children"
Spain,Community of Madrid,16,20,6,8,9,16,4,11.285714285714286,3,Man,Further education or training after school (not university),"In paid employment or self-employment (including part-time work, temporary absence from work, or helping in a family business)",4,Urban,No,Yes,No,No,Well,Very confident — I can do these tasks easily on my own,Citizen of this country,0,1,1,0,0,0,0,0,I rent the house where I live in (I pay rent every month),"Apartment or flat with more than 10 dwellings – a home in a building with other homes above, below or next to yours",2001-2010,No,No,No,Yes,Yes,Not applicable,5.0,Not applicable,Yes,Not applicable,1,0,0,0,0,0,0,1,9.2,15.9,7.2,793600.0,194229.0,1124.85,498.39,580422.275,5.6424,No/Non-religious,Very confident — I can understand it easily,Yes,Yes,36.0,30-44,3_High,7,Couple with children
Italy,Campania,20,20,20,4,9,4,9,12.285714285714286,4,Man,Primary or Secondary education,Unemployed (actively seeking work or available to start work),3,Urban,No,No,No,No,Not very well or worse,Very confident — I can do these tasks easily on my own,Citizen of this country,0,0,0,0,1,0,0,0,I rent the house where I live in (I pay rent every month),"Apartment or flat with less than 10 dwellings – a home in a building with other homes above, below or next to yours",2001-2010,No,No,Yes,No,No,No,5.0,Somewhat likely,No,No,1,1,1,1,0,0,0,4,5.9,8.6,5.0,1257106.0,91275.5,789.5600000000001,320.4,1155020.242,8.7008,No/Non-religious,Confident — I can understand it with some help,Yes,Yes,49.0,45-59,2_Medium,4,Multi-generational / extended
Spain,Community of Madrid,16,16,9,25,9,6,20,14.428571428571429,4,Woman or Non-binary,"University degree or higher (e.g. Bachelor's, Master's, PhD)","In paid employment or self-employment (including part-time work, temporary absence from work, or helping in a family business)",3,Suburban,No,No,No,No,Not very well or worse,Confident or less confident,Citizen of this country,0,1,1,0,0,0,0,0,I own the house or flat where I live and I do not pay a mortgage,"Apartment or flat with less than 10 dwellings – a home in a building with other homes above, below or next to yours",1981-2000,No,No,No,No,Yes,Not applicable,4.0,Not applicable,Not sure,Not applicable,1,0,0,1,0,0,0,2,9.2,15.9,7.2,793600.0,194229.0,1124.85,498.39,580422.275,5.6424,No/Non-religious,Not at all confident — I find it very difficult to understand my energy bill.,Yes,No,53.0,45-59,2_Medium,5,Couple with children
Portugal,Norte,16,16,6,8,4,6,4,8.571428571428571,2,Woman or Non-binary,"University degree or higher (e.g. Bachelor's, Master's, PhD)","In paid employment or self-employment (including part-time work, temporary absence from work, or helping in a family business)",3,Suburban,No,Yes,No,No,Well,Very confident — I can do these tasks easily on my own,Citizen of this country,0,1,1,0,0,0,0,0,I own the house or flat where I live and I do not pay a mortgage,Semi-detached house – a house joined to one other house,1981-2000,No,No,Yes,Yes,No,Yes,5.0,Not applicable,Yes,Not applicable,0,1,1,0,0,0,0,2,3.6,15.6,6.3,166851.3,51301.77,1038.89,227.41,128035.143,4.653,No/Non-religious,Confident — I can understand it with some help,Yes,Yes,56.0,45-59,1_Low,4,Couple with children
Italy,Sicily,16,16,6,6,12,6,8,10.0,3,Man,"University degree or higher (e.g. Bachelor's, Master's, PhD)","In paid employment or self-employment (including part-time work, temporary absence from work, or helping in a family business)",2,Urban,No,No,No,No,Mother tongue / Very well,Very confident — I can do these tasks easily on my own,Citizen of this country,0,1,0,0,0,0,0,0,I rent the house where I live in (I pay rent every month),"Apartment or flat with more than 10 dwellings – a home in a building with other homes above, below or next to yours",1961-1980,No,No,No,No,No,I don't know,4.0,Somewhat likely,Yes,Yes,0,1,0,0,0,0,1,2,5.9,8.6,5.0,1257106.0,76298.9,558.9300000000001,452.35,1155020.242,8.7008,No/Non-religious,Confident — I can understand it with some help,Yes,No,29.0,18-29,3_High,5,"Couple, no children"
Spain,Galicia,16,16,4,9,16,9,1,10.142857142857142,3,Woman or Non-binary,"University degree or higher (e.g. Bachelor's, Master's, PhD)","In paid employment or self-employment (including part-time work, temporary absence from work, or helping in a family business)",2,Urban,No,No,No,No,Mother tongue / Very well,Very confident — I can do these tasks easily on my own,Citizen of this country,0,1,0,0,0,0,0,0,I own the house or flat where I live and I am paying it with a mortgage,"Apartment or flat with less than 10 dwellings – a home in a building with other homes above, below or next to yours",2022 or after,No,No,No,No,Yes,Not applicable,3.0,Not applicable,Not sure,Not applicable,0,1,0,0,0,1,0,2,9.2,15.9,7.2,793600.0,49230.2,1111.35,78.06,580422.275,5.6424,No/Non-religious,Very confident — I can understand it easily,Yes,Yes,29.0,18-29,2_Medium,9,"Couple, no children"
Germany,Hannover,4,6,1,4,1,1,4,3.0,1,Man,Primary or Secondary education,"In paid employment or self-employment (including part-time work, temporary absence from work, or helping in a family business)",1,Urban,No,No,No,No,Well,Confident or less confident,Citizen of this country,1,0,0,0,0,0,0,0,I own the house or flat where I live and I do not pay a mortgage,Detached house – a house that stands alone and is not joined to any other,2022 or after,No,No,No,No,No,Yes,5.0,Not applicable,Yes,Not applicable,0,0,0,0,0,0,0,0,4.6,5.7,11.2,1876818.0,71168.44,1758.37,19.02,2215295.198,6.9347,No/Non-religious,Confident — I can understand it with some help,Yes,Yes,27.0,18-29,3_High,5,Lives alone
Italy,Emilia-Romagna,16,16,10,6,4,16,6,10.571428571428571,3,Woman or Non-binary,"University degree or higher (e.g. Bachelor's, Master's, PhD)","Attending school, university, or other educational/training programmes",4,Urban,No,No,No,No,Well,Very confident — I can do these tasks easily on my own,Citizen of this country,0,0,0,0,0,0,0,1,I rent the house where I live in (I pay rent every month),"Apartment or flat with more than 10 dwellings – a home in a building with other homes above, below or next to yours",2022 or after,No,No,No,No,Yes,Not applicable,5.0,Not applicable,Yes,Not applicable,1,0,0,0,0,0,0,1,5.9,8.6,5.0,1257106.0,131258.7,1166.93,256.8,1155020.242,8.7008,No/Non-religious,Another person is in charge of reading and/or paying the energy bill.,Yes,Yes,23.0,18-29,2_Medium,6,Other shared
Italy,Piedmont,20,20,6,2,20,10,1,11.285714285714286,3,Woman or Non-binary,"University degree or higher (e.g. Bachelor's, Master's, PhD)","In paid employment or self-employment (including part-time work, temporary absence from work, or helping in a family business)",2,Urban,No,No,Yes,Yes,Mother tongue / Very well,Very confident — I can do these tasks easily on my own,Citizen of this country,0,1,0,0,0,0,0,0,I rent the house where I live in (I pay rent every month),"Apartment or flat with less than 10 dwellings – a home in a building with other homes above, below or next to yours",2001-2010,No,"Yes, twice or more",No,No,No,No,5.0,Likely,Yes,Yes,1,0,1,0,0,0,0,2,5.9,8.6,5.0,1257106.0,115962.7,1658.0,142.32,1155020.242,8.7008,No/Non-religious,Confident — I can understand it with some help,Yes,Yes,26.0,18-29,2_Medium,4,"Couple, no children"
Italy,Lombardy,20,25,16,9,25,9,6,15.714285714285714,5,Woman or Non-binary,"University degree or higher (e.g. Bachelor's, Master's, PhD)","In paid employment or self-employment (including part-time work, temporary absence from work, or helping in a family business)",1,Urban,No,No,No,No,Mother tongue / Very well,Very confident — I can do these tasks easily on my own,Citizen of this country,1,0,0,0,0,0,0,0,I rent the house where I live in (I pay rent every month),"Apartment or flat with more than 10 dwellings – a home in a building with other homes above, below or next to yours",1981-2000,No,No,No,No,No,Yes,5.0,Not applicable,Not sure,Not applicable,1,1,0,1,0,0,1,4,5.9,8.6,5.0,1257106.0,322158.3,1471.71,214.79,1155020.242,8.7008,No/Non-religious,Confident — I can understand it with some help,Yes,Yes,28.0,18-29,1_Low,4,Lives alone
Italy,Emilia-Romagna,6,6,2,3,6,4,6,4.714285714285714,1,Man,Further education or training after school (not university),"In paid employment or self-employment (including part-time work, temporary absence from work, or helping in a family business)",2,Rural,No,No,No,No,Mother tongue / Very well,Very confident — I can do these tasks easily on my own,Citizen of this country,0,1,0,0,0,0,0,0,I rent the house where I live in (I pay rent every month),"Apartment or flat with less than 10 dwellings – a home in a building with other homes above, below or next to yours",2016-2021,No,No,No,No,No,No,3.0,Very likely,Yes,Yes,1,1,0,0,0,0,0,2,5.9,8.6,5.0,1257106.0,131258.7,1166.93,256.8,1155020.242,8.7008,No/Non-religious,Confident — I can understand it with some help,Yes,No,29.0,18-29,2_Medium,3,"Couple, no children"
Italy,Lazio,25,20,20,25,12,16,15,19.0,5,Woman or Non-binary,"University degree or higher (e.g. Bachelor's, Master's, PhD)","Attending school, university, or other educational/training programmes",3,Suburban,Prefer not to say,No,No,No,Well,Very confident — I can do these tasks easily on my own,Non-EU citizen,0,0,0,0,0,0,0,1,I rent the house where I live in (I pay rent every month),"Apartment or flat with more than 10 dwellings – a home in a building with other homes above, below or next to yours",1981-2000,No,"Yes, once",No,No,No,I don't know,5.0,Very unlikely,Not sure,No,0,1,0,1,0,0,0,2,5.9,8.6,5.0,1257106.0,150307.6,798.71,361.74,1155020.242,8.7008,Yes,Not very confident — I often need help or support,No,No,22.0,18-29,1_Low,2,Other shared
Ireland,Eastern and Midland,9,4,1,16,4,8,1,6.142857142857143,1,Man,"University degree or higher (e.g. Bachelor's, Master's, PhD)",Retired,2,Suburban,No,No,No,No,Mother tongue / Very well,Very confident — I can do these tasks easily on my own,Citizen of this country,0,1,0,0,0,0,0,0,I own the house or flat where I live and I do not pay a mortgage,Semi-detached house – a house joined to one other house,1961-1980,No,No,No,No,Yes,Not applicable,4.0,Not applicable,Yes,Not applicable,1,0,0,1,0,0,0,2,8.8,4.5,5.3,136200.1,97879.17,1820.78,0.0,106480.447,9.8217,Yes,Confident — I can understand it with some help,Yes,Yes,78.0,60+,1_Low,6,"Couple, no children"
Germany,Cologne,25,25,9,16,20,9,16,17.142857142857142,5,Woman or Non-binary,"University degree or higher (e.g. Bachelor's, Master's, PhD)","In paid employment or self-employment (including part-time work, temporary absence from work, or helping in a family business)",3,Suburban,No,No,No,No,Well,Very confident — I can do these tasks easily on my own,Citizen of this country,0,1,1,0,0,0,0,0,I own the house or flat where I live and I am paying it with a mortgage,Detached house – a house that stands alone and is not joined to any other,2016-2021,No,No,No,No,Yes,Not applicable,5.0,Not applicable,Yes,Not applicable,0,0,0,0,0,0,0,0,4.6,5.7,11.2,1876818.0,2903658.0,1919.09,19.17,2215295.198,6.9347,No/Non-religious,Not very confident — I often need help or support,Yes,Yes,34.0,30-44,3_High,6,Couple with children
Ireland,Northern and Western,15,20,1,1,12,1,1,7.285714285714286,2,Woman or Non-binary,"University degree or higher (e.g. Bachelor's, Master's, PhD)","In paid employment or self-employment (including part-time work, temporary absence from work, or helping in a family business)",4,Urban,No,No,No,No,Mother tongue / Very well,Very confident — I can do these tasks easily on my own,Non-EU citizen,0,1,1,0,0,0,0,0,I own the house or flat where I live and I am paying it with a mortgage,Terraced house – a house that is part of a row of houses joined together,2022 or after,No,No,No,No,No,No,5.0,Likely,Yes,Yes,0,0,0,0,0,0,0,0,8.8,4.5,5.3,136200.1,26523.71,1818.53,0.0,106480.447,9.8217,No/Non-religious,Very confident — I can understand it easily,No,Yes,32.0,30-44,3_High,9,Couple with children
Germany,Düsseldorf,12,12,4,12,12,12,12,10.857142857142858,3,Man,Further education or training after school (not university),"In paid employment or self-employment (including part-time work, temporary absence from work, or helping in a family business)",1,Urban,No,No,No,No,Well,Confident or less confident,Citizen of this country,1,0,0,0,0,0,0,0,I own the house or flat where I live and I am paying it with a mortgage,"Apartment or flat with less than 10 dwellings – a home in a building with other homes above, below or next to yours",2016-2021,No,No,No,No,Yes,Not applicable,3.0,Not applicable,Yes,Not applicable,0,0,1,0,0,0,0,1,4.6,5.7,11.2,1876818.0,176736.87,1540.0,38.40000000000001,2215295.198,6.9347,No/Non-religious,Confident — I can understand it with some help,Yes,Yes,41.0,30-44,3_High,7,Lives alone
Germany,Lower Bavaria,15,20,1,8,20,16,8,12.571428571428571,4,Woman or Non-binary,"University degree or higher (e.g. Bachelor's, Master's, PhD)","In paid employment or self-employment (including part-time work, temporary absence from work, or helping in a family business)",3,Rural,No,Yes,No,No,Well,Confident or less confident,Citizen of this country,0,1,1,0,0,0,0,0,I own the house or flat where I live and I am paying it with a mortgage,"Apartment or flat with less than 10 dwellings – a home in a building with other homes above, below or next to yours",2016-2021,No,No,No,No,No,No,5.0,Somewhat unlikely,Yes,No,0,0,0,1,0,0,0,1,4.6,5.7,11.2,1876818.0,2903658.0,1919.09,19.17,2215295.198,6.9347,No/Non-religious,Very confident — I can understand it easily,Yes,Yes,36.0,30-44,3_High,9,Couple with children
Germany,Koblenz,16,6,6,16,9,8,8,9.857142857142858,3,Man,"University degree or higher (e.g. Bachelor's, Master's, PhD)","In paid employment or self-employment (including part-time work, temporary absence from work, or helping in a family business)",4,Urban,No,No,No,No,Mother tongue / Very well,Very confident — I can do these tasks easily on my own,EU citizen from another country,0,1,1,0,0,0,0,0,I own the house or flat where I live and I am paying it with a mortgage,"Apartment or flat with less than 10 dwellings – a home in a building with other homes above, below or next to yours",2001-2010,"Yes, once","Yes, once",No,No,Yes,Not applicable,4.0,Not applicable,Yes,Not applicable,0,0,0,1,0,0,0,1,4.6,5.7,11.2,1876818.0,50245.15,1805.27,30.22,2215295.198,6.9347,No/Non-religious,Confident — I can understand it with some help,No,No,50.0,45-59,3_High,7,Couple with children
Germany,Upper Bavaria,8,12,6,2,6,1,2,5.285714285714286,1,Man,"University degree or higher (e.g. Bachelor's, Master's, PhD)","In paid employment or self-employment (including part-time work, temporary absence from work, or helping in a family business)",2,Suburban,No,No,No,No,Mother tongue / Very well,Very confident — I can do these tasks easily on my own,EU citizen from another country,0,1,0,0,0,0,0,0,I rent the house where I live in (I pay rent every month),"Apartment or flat with less than 10 dwellings – a home in a building with other homes above, below or next to yours",1981-2000,No,No,No,No,No,No,5.0,Likely,Yes,Not sure,0,0,0,0,0,0,0,0,4.6,5.7,11.2,1876818.0,2903658.0,1919.09,19.17,2215295.198,6.9347,No/Non-religious,Not very confident — I often need help or support,No,No,36.0,30-44,3_High,9,"Couple, no children"
Germany,Lower Bavaria,1,3,1,3,12,12,1,4.714285714285714,1,Man,Further education or training after school (not university),"In paid employment or self-employment (including part-time work, temporary absence from work, or helping in a family business)",2,Urban,Yes,No,No,No,Mother tongue / Very well,Very confident — I can do these tasks easily on my own,Non-EU citizen,0,1,0,0,0,0,0,0,I rent the house where I live in (I pay rent every month),"Apartment or flat with less than 10 dwellings – a home in a building with other homes above, below or next to yours",2016-2021,No,No,No,No,Yes,Not applicable,4.0,Not applicable,Yes,Not applicable,1,0,0,0,0,0,0,1,4.6,5.7,11.2,1876818.0,2903658.0,1919.09,19.17,2215295.198,6.9347,Yes,Another person is in charge of reading and/or paying the energy bill.,No,No,24.0,18-29,3_High,9,"Couple, no children"
Germany,Bremen,4,8,10,3,8,5,6,6.285714285714286,1,Man,"University degree or higher (e.g. Bachelor's, Master's, PhD)","In paid employment or self-employment (including part-time work, temporary absence from work, or helping in a family business)",3,Urban,No,No,No,Yes,Mother tongue / Very well,Very confident — I can do these tasks easily on my own,Citizen of this country,0,0,1,0,0,0,0,0,I rent the house where I live in (I pay rent every month),Terraced house – a house that is part of a row of houses joined together,2001-2010,No,No,No,No,No,Yes,5.0,Not applicable,Yes,Not applicable,1,0,1,1,0,0,0,3,4.6,5.7,11.2,1876818.0,21115.27,1777.36,13.52,2215295.198,6.9347,No/Non-religious,Confident — I can understand it with some help,Yes,Yes,43.0,30-44,3_High,8,Single parent
Portugal,Norte,20,20,20,3,9,4,2,11.142857142857142,3,Woman or Non-binary,"University degree or higher (e.g. Bachelor's, Master's, PhD)","In paid employment or self-employment (including part-time work, temporary absence from work, or helping in a family business)",3,Urban,No,No,Yes,Yes,Mother tongue / Very well,Very confident — I can do these tasks easily on my own,Citizen of this country,0,1,0,0,0,0,0,1,I rent the house where I live in (I pay rent every month),"Apartment or flat with less than 10 dwellings – a home in a building with other homes above, below or next to yours",I don't know,"Yes, once","Yes, once",No,No,No,I don't know,5.0,Somewhat unlikely,No,No,0,1,1,1,1,0,1,5,3.6,15.6,6.3,166851.3,51301.77,1038.89,227.41,128035.143,4.653,No/Non-religious,Confident — I can understand it with some help,Yes,Yes,27.0,18-29,3_High,2,"Couple, no children"
Portugal,Lisbon Metropolitan Area,5,5,5,8,8,10,5,6.571428571428571,1,Woman or Non-binary,Further education or training after school (not university),"In paid employment or self-employment (including part-time work, temporary absence from work, or helping in a family business)",3,Urban,No,No,No,No,Well,Very confident — I can do these tasks easily on my own,Citizen of this country,0,1,1,0,0,0,0,0,I own the house or flat where I live and I do not pay a mortgage,"Apartment or flat with less than 10 dwellings – a home in a building with other homes above, below or next to yours",2001-2010,No,No,No,No,No,I don't know,5.0,Very likely,No,Yes,0,0,1,0,1,0,0,2,3.6,15.6,6.3,166851.3,42468.37,446.16,91.69,128035.143,4.653,No/Non-religious,Confident — I can understand it with some help,Yes,Yes,37.0,30-44,3_High,2,Couple with children
Germany,Weser-Ems,9,15,9,9,9,2,1,7.714285714285714,2,Woman or Non-binary,"University degree or higher (e.g. Bachelor's, Master's, PhD)","In paid employment or self-employment (including part-time work, temporary absence from work, or helping in a family business)",3,Rural,No,No,No,No,Mother tongue / Very well,Very confident — I can do these tasks easily on my own,Citizen of this country,0,1,1,0,0,0,0,0,I own the house or flat where I live and I am paying it with a mortgage,Detached house – a house that stands alone and is not joined to any other,1981-2000,No,No,No,No,Yes,Not applicable,5.0,Not applicable,Not sure,Not applicable,0,0,0,0,1,0,0,1,4.6,5.7,11.2,1876818.0,83704.01,1729.38,11.01,2215295.198,6.9347,No/Non-religious,Confident — I can understand it with some help,Yes,No,38.0,30-44,2_Medium,7,Couple with children
Spain,Community of Madrid,1,4,4,1,4,9,1,3.4285714285714284,1,Woman or Non-binary,Primary or Secondary education,"Attending school, university, or other educational/training programmes",3,Urban,No,No,No,No,Mother tongue / Very well,Very confident — I can do these tasks easily on my own,EU citizen from another country,0,0,0,0,0,0,0,1,I rent the house where I live in (I pay rent every month),"Apartment or flat with less than 10 dwellings – a home in a building with other homes above, below or next to yours",I don't know,No,No,No,No,Yes,Not applicable,3.0,Not applicable,No,Not applicable,1,1,0,0,1,0,0,3,9.2,15.9,7.2,793600.0,194229.0,1124.85,498.39,580422.275,5.6424,No/Non-religious,Confident — I can understand it with some help,No,Yes,21.0,18-29,3_High,3,Other shared
Spain,Aragon,25,25,9,12,6,20,12,15.571428571428571,5,Man,Further education or training after school (not university),Unemployed (actively seeking work or available to start work),4,Urban,No,Yes,No,No,Well,Very confident — I can do these tasks easily on my own,Citizen of this country,0,0,0,0,0,0,1,0,"I live here without paying rent (for example, staying with relatives or friends)","Apartment or flat with less than 10 dwellings – a home in a building with other homes above, below or next to yours",1961-1980,No,No,No,No,No,No,4.0,Somewhat unlikely,Not sure,No,0,1,0,0,0,0,0,1,9.2,15.9,7.2,793600.0,29248.5,1270.92,297.18,580422.275,5.6424,No/Non-religious,Not very confident — I often need help or support,No,Yes,24.0,18-29,2_Medium,4,Multi-generational / extended
Germany,Berlin,12,16,9,12,16,4,1,10.0,3,Man,"University degree or higher (e.g. Bachelor's, Master's, PhD)","In paid employment or self-employment (including part-time work, temporary absence from work, or helping in a family business)",2,Urban,No,No,Yes,No,Mother tongue / Very well,Very confident — I can do these tasks easily on my own,EU citizen from another country,0,0,0,0,0,0,0,1,I rent the house where I live in (I pay rent every month),"Apartment or flat with more than 10 dwellings – a home in a building with other homes above, below or next to yours",I don't know,No,No,No,No,Yes,Not applicable,5.0,Not applicable,No,Not applicable,1,0,1,0,1,0,0,3,4.6,5.7,11.2,1876818.0,122677.83,1750.33,24.56,2215295.198,6.9347,No/Non-religious,Not very confident — I often need help or support,No,No,30.0,30-44,3_High,6,Other shared
Spain,Catalonia,20,20,1,9,16,20,1,12.428571428571429,4,Woman or Non-binary,Primary or Secondary education,"In paid employment or self-employment (including part-time work, temporary absence from work, or helping in a family business)",2,Urban,Yes,Yes,No,No,Mother tongue / Very well,Very confident — I can do these tasks easily on my own,EU citizen from another country,0,0,0,0,0,0,1,0,I rent the house where I live in (I pay rent every month),"Apartment or flat with more than 10 dwellings – a home in a building with other homes above, below or next to yours",I don't know,No,No,No,No,No,Yes,5.0,Not applicable,Yes,Not applicable,0,1,0,0,1,0,0,2,9.2,15.9,7.2,793600.0,186166.0,1078.88,341.51,580422.275,5.6424,No/Non-religious,Very confident — I can understand it easily,No,Yes,31.0,30-44,2_Medium,5,Multi-generational / extended
Germany,Brandenburg,16,16,16,16,25,25,9,17.571428571428573,5,Man,"University degree or higher (e.g. Bachelor's, Master's, PhD)","In paid employment or self-employment (including part-time work, temporary absence from work, or helping in a family business)",2,Suburban,Yes,No,No,No,Mother tongue / Very well,Very confident — I can do these tasks easily on my own,Non-EU citizen,0,1,0,0,0,0,0,0,I rent the house where I live in (I pay rent every month),"Apartment or flat with less than 10 dwellings – a home in a building with other homes above, below or next to yours",1981-2000,No,No,No,No,I don't know,No,5.0,Very likely,No,Yes,0,1,0,0,0,0,0,1,4.6,5.7,11.2,1876818.0,74507.03,1875.22,14.89,2215295.198,6.9347,Yes,Very confident — I can understand it easily,No,No,31.0,30-44,2_Medium,4,"Couple, no children"
Spain,Castile and León,12,12,20,3,8,5,5,9.285714285714286,2,Man,"University degree or higher (e.g. Bachelor's, Master's, PhD)","In paid employment or self-employment (including part-time work, temporary absence from work, or helping in a family business)",2,Urban,No,No,No,No,Mother tongue / Very well,Very confident — I can do these tasks easily on my own,Citizen of this country,0,0,0,0,0,0,1,0,I rent the house where I live in (I pay rent every month),"Apartment or flat with more than 10 dwellings – a home in a building with other homes above, below or next to yours",2022 or after,No,No,No,No,Yes,Not applicable,4.0,Not applicable,Yes,Not applicable,1,1,0,1,0,0,0,3,9.2,15.9,7.2,793600.0,982455.0,1049.85,386.85,580422.275,5.6424,No/Non-religious,Confident — I can understand it with some help,Yes,Yes,25.0,18-29,3_High,4,Multi-generational / extended
Spain,Andalusia,20,25,25,3,12,20,10,16.428571428571427,5,Woman or Non-binary,Further education or training after school (not university),Other,2,Urban,Yes,Yes,Yes,Yes,Mother tongue / Very well,Very confident — I can do these tasks easily on my own,Non-EU citizen,0,0,0,0,0,1,0,1,I rent the house where I live in (I pay rent every month),"Apartment or flat with more than 10 dwellings – a home in a building with other homes above, below or next to yours",2016-2021,No,No,No,No,Yes,Not applicable,5.0,Not applicable,No,Not applicable,1,1,1,1,1,0,1,6,9.2,15.9,7.2,793600.0,132060.5,650.85,612.19,580422.275,5.6424,No/Non-religious,Very confident — I can understand it easily,No,No,31.0,30-44,2_Medium,2,Other shared
Portugal,Lisbon Metropolitan Area,20,20,20,25,20,16,20,20.142857142857142,5,Woman or Non-binary,"University degree or higher (e.g. Bachelor's, Master's, PhD)","In paid employment or self-employment (including part-time work, temporary absence from work, or helping in a family business)",2,Urban,No,No,No,No,Mother tongue / Very well,Confident or less confident,Citizen of this country,0,1,0,0,0,0,0,0,I own the house or flat where I live and I am paying it with a mortgage,"Apartment or flat with less than 10 dwellings – a home in a building with other homes above, below or next to yours",1981-2000,No,No,No,No,Yes,Not applicable,5.0,Not applicable,Yes,Not applicable,1,1,1,0,1,1,1,6,3.6,15.6,6.3,166851.3,42468.37,446.16,91.69,128035.143,4.653,No/Non-religious,Confident — I can understand it with some help,Yes,Yes,28.0,18-29,1_Low,4,"Couple, no children"
Germany,Koblenz,9,9,4,9,4,20,25,11.428571428571429,3,Woman or Non-binary,"University degree or higher (e.g. Bachelor's, Master's, PhD)","In paid employment or self-employment (including part-time work, temporary absence from work, or helping in a family business)",2,Rural,No,Yes,No,No,Well,Very confident — I can do these tasks easily on my own,Citizen of this country,0,1,0,0,0,0,0,0,I rent the house where I live in (I pay rent every month),Detached house – a house that stands alone and is not joined to any other,2001-2010,No,No,No,No,Yes,Not applicable,2.0,Not applicable,Not sure,Not applicable,0,0,0,1,0,0,0,1,4.6,5.7,11.2,1876818.0,50245.15,1805.27,30.22,2215295.198,6.9347,No/Non-religious,Confident — I can understand it with some help,No,Yes,39.0,30-44,3_High,9,"Couple, no children"
Germany,Gießen,25,25,9,25,1,9,9,14.714285714285714,4,Woman or Non-binary,"University degree or higher (e.g. Bachelor's, Master's, PhD)","In paid employment or self-employment (including part-time work, temporary absence from work, or helping in a family business)",3,Rural,No,No,No,No,Well,Very confident — I can do these tasks easily on my own,Citizen of this country,0,1,1,0,0,0,0,0,I own the house or flat where I live and I am paying it with a mortgage,Detached house – a house that stands alone and is not joined to any other,2011-2015,No,No,No,No,No,No,3.0,Somewhat likely,No,No,0,0,0,0,0,0,0,0,4.6,5.7,11.2,1876818.0,33327.91,1940.26,19.55,2215295.198,6.9347,No/Non-religious,Very confident — I can understand it easily,Yes,No,43.0,30-44,3_High,9,Couple with children
Germany,Leipzig,12,20,3,4,4,2,8,7.571428571428571,2,Man,Further education or training after school (not university),"In paid employment or self-employment (including part-time work, temporary absence from work, or helping in a family business)",4,Rural,No,No,Yes,No,Well,Confident or less confident,Citizen of this country,0,0,0,0,1,0,1,0,I own the house or flat where I live and I am paying it with a mortgage,Detached house – a house that stands alone and is not joined to any other,1981-2000,No,No,No,No,No,No,5.0,Likely,Yes,No,0,1,0,0,0,0,0,1,4.6,5.7,11.2,1876818.0,30298.17,1855.38,19.36,2215295.198,6.9347,No/Non-religious,Not very confident — I often need help or support,Yes,Yes,41.0,30-44,1_Low,5,Multi-generational / extended
Germany,Gießen,16,25,8,1,1,16,4,10.142857142857142,3,Man,Further education or training after school (not university),"In paid employment or self-employment (including part-time work, temporary absence from work, or helping in a family business)",3,Rural,No,No,No,No,Well,Very confident — I can do these tasks easily on my own,Citizen of this country,0,1,1,0,0,0,0,0,I own the house or flat where I live and I am paying it with a mortgage,Detached house – a house that stands alone and is not joined to any other,2011-2015,No,No,No,No,No,Yes,4.0,Not applicable,Yes,Not applicable,0,0,0,0,0,0,0,0,4.6,5.7,11.2,1876818.0,33327.91,1940.26,19.55,2215295.198,6.9347,No/Non-religious,Very confident — I can understand it easily,Yes,No,43.0,30-44,3_High,9,Couple with children
Germany,Berlin,9,6,16,16,16,1,1,9.285714285714286,2,Man,Further education or training after school (not university),"In paid employment or self-employment (including part-time work, temporary absence from work, or helping in a family business)",3,Suburban,No,No,No,No,Well,Very confident — I can do these tasks easily on my own,Citizen of this country,0,0,0,0,1,0,0,0,"I live here without paying rent (for example, staying with relatives or friends)",Terraced house – a house that is part of a row of houses joined together,1961-1980,No,No,No,No,Yes,Not applicable,5.0,Not applicable,No,Not applicable,0,0,0,1,0,0,0,1,4.6,5.7,11.2,1876818.0,122677.83,1750.33,24.56,2215295.198,6.9347,No/Non-religious,Very confident — I can understand it easily,Yes,Yes,29.0,18-29,3_High,9,Multi-generational / extended
Germany,Stuttgart,16,9,4,8,8,16,4,9.285714285714286,2,Woman or Non-binary,Primary or Secondary education,"In paid employment or self-employment (including part-time work, temporary absence from work, or helping in a family business)",4,Suburban,No,No,No,No,Well,Very confident — I can do these tasks easily on my own,Citizen of this country,0,1,1,0,0,0,0,0,I own the house or flat where I live and I am paying it with a mortgage,Semi-detached house – a house joined to one other house,1981-2000,No,No,No,No,No,Yes,4.0,Not applicable,No,Not applicable,0,1,0,0,0,0,0,1,4.6,5.7,11.2,1876818.0,167717.96,1921.95,31.71,2215295.198,6.9347,No/Non-religious,Very confident — I can understand it easily,Yes,Yes,54.0,45-59,3_High,7,Couple with children
Italy,Emilia-Romagna,16,16,9,8,12,4,12,11.0,3,Woman or Non-binary,"University degree or higher (e.g. Bachelor's, Master's, PhD)","In paid employment or self-employment (including part-time work, temporary absence from work, or helping in a family business)",3,Suburban,No,No,No,No,Well,Very confident — I can do these tasks easily on my own,Citizen of this country,0,0,1,0,0,0,0,0,I own the house or flat where I live and I am paying it with a mortgage,"Apartment or flat with more than 10 dwellings – a home in a building with other homes above, below or next to yours",2001-2010,No,No,No,No,No,No,3.0,Likely,Yes,No,0,1,0,0,0,0,0,1,5.9,8.6,5.0,1257106.0,131258.7,1166.93,256.8,1155020.242,8.7008,No/Non-religious,Very confident — I can understand it easily,Yes,No,36.0,30-44,2_Medium,7,Single parent
Italy,Lazio,25,25,1,1,9,1,1,9.0,2,Woman or Non-binary,"University degree or higher (e.g. Bachelor's, Master's, PhD)","In paid employment or self-employment (including part-time work, temporary absence from work, or helping in a family business)",4,Urban,No,No,No,No,Mother tongue / Very well,Very confident — I can do these tasks easily on my own,EU citizen from another country,0,1,1,0,0,0,0,0,I own the house or flat where I live and I am paying it with a mortgage,"Apartment or flat with less than 10 dwellings – a home in a building with other homes above, below or next to yours",1961-1980,No,"Yes, once",No,No,No,Yes,5.0,Not applicable,Yes,Not applicable,0,1,1,1,0,1,0,4,5.9,8.6,5.0,1257106.0,150307.6,798.71,361.74,1155020.242,8.7008,No/Non-religious,Very confident — I can understand it easily,No,No,26.0,18-29,3_High,7,Couple with children
Spain,Andalusia,4,4,4,12,10,4,5,6.142857142857143,1,Man,"University degree or higher (e.g. Bachelor's, Master's, PhD)",Unemployed (actively seeking work or available to start work),2,Urban,No,Yes,No,No,Mother tongue / Very well,Very confident — I can do these tasks easily on my own,EU citizen from another country,0,1,0,0,0,0,0,0,I own the house or flat where I live and I am paying it with a mortgage,Terraced house – a house that is part of a row of houses joined together,1961-1980,No,No,No,No,No,I don't know,5.0,Likely,No,Yes,0,1,0,0,1,0,0,2,9.2,15.9,7.2,793600.0,132060.5,650.85,612.19,580422.275,5.6424,No/Non-religious,Confident — I can understand it with some help,No,No,58.0,45-59,2_Medium,1,"Couple, no children"
Spain,Region of Murcia,4,4,4,6,6,4,4,4.571428571428571,1,Man,Primary or Secondary education,"In paid employment or self-employment (including part-time work, temporary absence from work, or helping in a family business)",3,Suburban,No,No,No,No,Well,Very confident — I can do these tasks easily on my own,Citizen of this country,0,0,1,0,0,0,0,0,I own the house or flat where I live and I do not pay a mortgage,Terraced house – a house that is part of a row of houses joined together,2001-2010,No,No,No,No,No,No,4.0,Likely,Yes,Not sure,1,0,0,0,0,0,0,1,9.2,15.9,7.2,793600.0,26989.6,581.1800000000001,627.17,580422.275,5.6424,No/Non-religious,Very confident — I can understand it easily,Yes,Yes,51.0,45-59,1_Low,2,Single parent
Germany,Hannover,9,8,10,6,4,6,8,7.285714285714286,2,Man,Primary or Secondary education,"Attending school, university, or other educational/training programmes",5,Suburban,No,No,Prefer not to say,Prefer not to say,Mother tongue / Very well,Very confident — I can do these tasks easily on my own,Citizen of this country,0,0,0,0,1,0,0,0,"I live here without paying rent (for example, staying with relatives or friends)",Detached house – a house that stands alone and is not joined to any other,2001-2010,No,No,No,No,I don't know,Yes,4.0,Not applicable,Yes,Not applicable,0,0,0,1,0,0,0,1,4.6,5.7,11.2,1876818.0,71168.44,1758.37,19.02,2215295.198,6.9347,No/Non-religious,Another person is in charge of reading and/or paying the energy bill.,No,No,19.0,18-29,1_Low,7,Multi-generational / extended
Italy,Friuli-Venezia Giulia,4,9,4,6,2,1,1,3.857142857142857,1,Man,Further education or training after school (not university),Retired,2,Rural,No,No,No,No,Well,Confident or less confident,Citizen of this country,0,1,0,0,0,0,0,0,I own the house or flat where I live and I do not pay a mortgage,Detached house – a house that stands alone and is not joined to any other,2001-2010,"Yes, twice or more","Yes, twice or more",No,No,No,I don't know,3.0,Somewhat likely,No,Yes,1,1,1,1,1,0,0,5,5.9,8.6,5.0,1257106.0,31199.7,1489.03,140.09,1155020.242,8.7008,No/Non-religious,Not very confident — I often need help or support,Yes,Yes,67.0,60+,1_Low,4,"Couple, no children"
Italy,Lombardy,25,25,3,12,12,6,4,12.428571428571429,4,Man,"University degree or higher (e.g. Bachelor's, Master's, PhD)","In paid employment or self-employment (including part-time work, temporary absence from work, or helping in a family business)",2,Urban,No,No,No,No,Mother tongue / Very well,Very confident — I can do these tasks easily on my own,Citizen of this country,0,1,0,0,0,0,0,0,I own the house or flat where I live and I am paying it with a mortgage,"Apartment or flat with more than 10 dwellings – a home in a building with other homes above, below or next to yours",2022 or after,No,No,No,No,Yes,Not applicable,5.0,Not applicable,Yes,Not applicable,0,1,0,0,0,0,0,1,5.9,8.6,5.0,1257106.0,322158.3,1471.71,214.79,1155020.242,8.7008,No/Non-religious,Confident — I can understand it with some help,Yes,Yes,34.0,30-44,2_Medium,6,"Couple, no children"
Italy,Lombardy,10,10,1,1,4,1,1,4.0,1,Man,"University degree or higher (e.g. Bachelor's, Master's, PhD)","In paid employment or self-employment (including part-time work, temporary absence from work, or helping in a family business)",2,Urban,No,No,No,No,Mother tongue / Very well,Very confident — I can do these tasks easily on my own,Citizen of this country,0,1,0,0,0,0,0,0,I own the house or flat where I live and I am paying it with a mortgage,"Apartment or flat with more than 10 dwellings – a home in a building with other homes above, below or next to yours",2011-2015,No,No,No,No,Yes,Not applicable,5.0,Not applicable,Yes,Not applicable,1,0,0,1,0,0,0,2,5.9,8.6,5.0,1257106.0,322158.3,1471.71,214.79,1155020.242,8.7008,No/Non-religious,Very confident — I can understand it easily,Yes,Yes,31.0,30-44,2_Medium,8,"Couple, no children"
Italy,Piedmont,20,20,6,2,15,9,1,10.428571428571429,3,Man,Further education or training after school (not university),"In paid employment or self-employment (including part-time work, temporary absence from work, or helping in a family business)",2,Rural,No,No,No,No,Well,Very confident — I can do these tasks easily on my own,Citizen of this country,0,1,0,0,0,0,0,0,I own the house or flat where I live and I do not pay a mortgage,Semi-detached house – a house joined to one other house,2016-2021,No,No,No,No,No,Yes,5.0,Not applicable,Yes,Not applicable,0,1,0,0,0,0,0,1,5.9,8.6,5.0,1257106.0,115962.7,1658.0,142.32,1155020.242,8.7008,No/Non-religious,Not very confident — I often need help or support,Yes,Yes,35.0,30-44,1_Low,6,"Couple, no children"
Italy,Lazio,3,1,1,9,5,3,2,3.4285714285714284,1,Man,"University degree or higher (e.g. Bachelor's, Master's, PhD)","In paid employment or self-employment (including part-time work, temporary absence from work, or helping in a family business)",2,Urban,No,No,No,No,Well,Very confident — I can do these tasks easily on my own,Citizen of this country,0,1,0,0,0,0,0,0,I own the house or flat where I live and I am paying it with a mortgage,"Apartment or flat with less than 10 dwellings – a home in a building with other homes above, below or next to yours",1961-1980,No,No,No,No,No,Yes,5.0,Not applicable,Yes,Not applicable,0,0,0,1,0,1,0,2,5.9,8.6,5.0,1257106.0,150307.6,798.71,361.74,1155020.242,8.7008,No/Non-religious,Very confident — I can understand it easily,Yes,Yes,32.0,30-44,3_High,9,"Couple, no children"
Spain,Andalusia,16,8,10,6,15,5,10,10.0,3,Man,"University degree or higher (e.g. Bachelor's, Master's, PhD)","In paid employment or self-employment (including part-time work, temporary absence from work, or helping in a family business)",6,Rural,No,No,No,No,Well,Very confident — I can do these tasks easily on my own,Citizen of this country,0,1,1,0,1,0,1,0,I own the house or flat where I live and I do not pay a mortgage,Terraced house – a house that is part of a row of houses joined together,2011-2015,No,No,No,No,Yes,Not applicable,4.0,Not applicable,Yes,Not applicable,0,0,0,1,0,1,0,2,9.2,15.9,7.2,793600.0,132060.5,650.85,612.19,580422.275,5.6424,No/Non-religious,Not very confident — I often need help or support,Yes,Yes,29.0,18-29,1_Low,4,Couple with children
Germany,Gießen,3,2,1,1,3,1,1,1.7142857142857142,1,Man,Further education or training after school (not university),"In paid employment or self-employment (including part-time work, temporary absence from work, or helping in a family business)",2,Rural,No,No,No,No,Well,Very confident — I can do these tasks easily on my own,Citizen of this country,0,1,0,0,0,0,0,0,I own the house or flat where I live and I do not pay a mortgage,Detached house – a house that stands alone and is not joined to any other,1961-1980,No,No,No,No,Yes,Not applicable,3.0,Not applicable,Yes,Not applicable,0,0,0,0,0,0,0,0,4.6,5.7,11.2,1876818.0,33327.91,1940.26,19.55,2215295.198,6.9347,No/Non-religious,Very confident — I can understand it easily,Yes,Yes,38.0,30-44,2_Medium,8,"Couple, no children"
Germany,Lower Bavaria,20,20,20,15,25,20,15,19.285714285714285,5,Man,Further education or training after school (not university),"In paid employment or self-employment (including part-time work, temporary absence from work, or helping in a family business)",2,Rural,No,No,No,No,Mother tongue / Very well,Very confident — I can do these tasks easily on my own,Citizen of this country,0,1,0,0,0,0,0,0,I own the house or flat where I live and I am paying it with a mortgage,Detached house – a house that stands alone and is not joined to any other,2022 or after,No,"Yes, once",No,No,No,Yes,5.0,Not applicable,No,Not applicable,0,0,0,1,0,0,0,1,4.6,5.7,11.2,1876818.0,2903658.0,1919.09,19.17,2215295.198,6.9347,No/Non-religious,Very confident — I can understand it easily,Yes,Yes,38.0,30-44,3_High,7,"Couple, no children"
Italy,Piedmont,20,20,20,6,15,9,5,13.571428571428571,4,Woman or Non-binary,"University degree or higher (e.g. Bachelor's, Master's, PhD)","In paid employment or self-employment (including part-time work, temporary absence from work, or helping in a family business)",1,Urban,No,No,Yes,No,Mother tongue / Very well,Very confident — I can do these tasks easily on my own,Citizen of this country,1,0,0,0,0,0,0,0,I own the house or flat where I live and I am paying it with a mortgage,"Apartment or flat with more than 10 dwellings – a home in a building with other homes above, below or next to yours",1961-1980,No,No,No,No,Yes,Not applicable,5.0,Not applicable,No,Not applicable,1,0,0,0,0,0,0,1,5.9,8.6,5.0,1257106.0,115962.7,1658.0,142.32,1155020.242,8.7008,No/Non-religious,Very confident — I can understand it easily,Yes,Yes,26.0,18-29,1_Low,1,Lives alone
Germany,Münster,25,25,25,25,25,25,25,25.0,5,Man,Primary or Secondary education,"In paid employment or self-employment (including part-time work, temporary absence from work, or helping in a family business)",4,Suburban,No,No,No,No,Well,Confident or less confident,Citizen of this country,0,0,1,0,0,0,0,0,I own the house or flat where I live and I do not pay a mortgage,Terraced house – a house that is part of a row of houses joined together,1945-1960,No,"Yes, once",No,No,No,Yes,5.0,Not applicable,No,Not applicable,1,0,0,1,1,1,0,4,4.6,5.7,11.2,1876818.0,86185.76,1659.33,23.99,2215295.198,6.9347,No/Non-religious,Confident — I can understand it with some help,Yes,Yes,42.0,30-44,2_Medium,4,Single parent
Italy,Piedmont,20,20,12,4,4,9,4,10.428571428571429,3,Man,Primary or Secondary education,Unemployed (actively seeking work or available to start work),1,Rural,No,No,No,No,Well,Confident or less confident,Citizen of this country,1,0,0,0,0,0,0,0,I own the house or flat where I live and I do not pay a mortgage,Detached house – a house that stands alone and is not joined to any other,1981-2000,No,No,No,No,No,I don't know,3.0,Likely,No,Not sure,0,1,0,1,0,0,0,2,5.9,8.6,5.0,1257106.0,115962.7,1658.0,142.32,1155020.242,8.7008,No/Non-religious,Confident — I can understand it with some help,Yes,Yes,51.0,45-59,1_Low,1,Lives alone
Italy,Lazio,25,25,6,16,20,4,12,15.428571428571429,5,Man,Primary or Secondary education,"Attending school, university, or other educational/training programmes",0,Urban,No,No,No,No,Well,Very confident — I can do these tasks easily on my own,Citizen of this country,1,0,0,0,0,0,0,0,I own the house or flat where I live and I do not pay a mortgage,"Apartment or flat with more than 10 dwellings – a home in a building with other homes above, below or next to yours",1945-1960,No,No,No,No,No,Yes,4.0,Not applicable,Yes,Not applicable,1,1,0,0,0,0,0,2,5.9,8.6,5.0,1257106.0,150307.6,798.71,361.74,1155020.242,8.7008,No/Non-religious,Very confident — I can understand it easily,Yes,Yes,39.0,30-44,1_Low,2,Lives alone
Italy,Emilia-Romagna,9,25,4,8,9,6,1,8.857142857142858,2,Man,"University degree or higher (e.g. Bachelor's, Master's, PhD)","In paid employment or self-employment (including part-time work, temporary absence from work, or helping in a family business)",1,Rural,No,No,No,Yes,Well,Very confident — I can do these tasks easily on my own,Citizen of this country,1,0,0,0,0,0,0,0,I own the house or flat where I live and I do not pay a mortgage,"Apartment or flat with less than 10 dwellings – a home in a building with other homes above, below or next to yours",1961-1980,No,No,No,No,Yes,Not applicable,4.0,Not applicable,Yes,Not applicable,1,0,0,1,0,0,0,2,5.9,8.6,5.0,1257106.0,131258.7,1166.93,256.8,1155020.242,8.7008,No/Non-religious,Very confident — I can understand it easily,Yes,Yes,50.0,45-59,1_Low,3,Lives alone
Italy,Calabria,25,25,25,12,16,4,2,15.571428571428571,5,Man,Further education or training after school (not university),"In paid employment or self-employment (including part-time work, temporary absence from work, or helping in a family business)",2,Rural,No,No,No,No,Well,Confident or less confident,Citizen of this country,0,0,0,0,1,0,0,0,I own the house or flat where I live and I do not pay a mortgage,Detached house – a house that stands alone and is not joined to any other,1981-2000,No,No,No,No,Yes,Not applicable,4.0,Not applicable,Yes,Not applicable,0,1,0,1,0,1,0,3,5.9,8.6,5.0,1257106.0,27449.4,743.0100000000001,396.14,1155020.242,8.7008,No/Non-religious,Confident — I can understand it with some help,Yes,Yes,28.0,18-29,1_Low,3,Multi-generational / extended
Italy,Apulia,9,16,16,12,9,8,6,10.857142857142858,3,Man,"University degree or higher (e.g. Bachelor's, Master's, PhD)","In paid employment or self-employment (including part-time work, temporary absence from work, or helping in a family business)",5,Suburban,No,No,No,No,Well,Very confident — I can do these tasks easily on my own,Citizen of this country,0,0,0,0,1,0,0,0,"I live here without paying rent (for example, staying with relatives or friends)","Apartment or flat with less than 10 dwellings – a home in a building with other homes above, below or next to yours",1981-2000,No,No,No,Yes,No,I don't know,5.0,Likely,Not sure,Not sure,0,0,0,1,1,0,0,2,5.9,8.6,5.0,1257106.0,65418.9,640.14,517.28,1155020.242,8.7008,No/Non-religious,Very confident — I can understand it easily,Yes,Yes,30.0,30-44,1_Low,3,Multi-generational / extended
Italy,Lazio,16,12,12,4,9,12,10,10.714285714285714,3,Woman or Non-binary,"University degree or higher (e.g. Bachelor's, Master's, PhD)",Other,2,Suburban,No,No,No,No,Mother tongue / Very well,Very confident — I can do these tasks easily on my own,Citizen of this country,0,0,0,0,1,0,0,0,I own the house or flat where I live and I do not pay a mortgage,Terraced house – a house that is part of a row of houses joined together,1981-2000,No,No,No,No,No,I don't know,5.0,Somewhat likely,Not sure,Not sure,1,1,1,0,1,0,0,4,5.9,8.6,5.0,1257106.0,150307.6,798.71,361.74,1155020.242,8.7008,No/Non-religious,Not very confident — I often need help or support,Yes,Yes,26.0,18-29,1_Low,3,Multi-generational / extended
Germany,Mecklenburg-Vorpommern,1,16,1,4,4,12,8,6.571428571428571,1,Woman or Non-binary,"University degree or higher (e.g. Bachelor's, Master's, PhD)","In paid employment or self-employment (including part-time work, temporary absence from work, or helping in a family business)",1,Urban,No,No,No,No,Mother tongue / Very well,Very confident — I can do these tasks easily on my own,Citizen of this country,1,0,0,0,0,0,0,0,I rent the house where I live in (I pay rent every month),"Apartment or flat with less than 10 dwellings – a home in a building with other homes above, below or next to yours",1981-2000,No,No,No,No,No,No,5.0,Very likely,Yes,No,0,0,0,0,0,0,1,1,4.6,5.7,11.2,1876818.0,42247.43,1909.55,8.739999999999998,2215295.198,6.9347,No/Non-religious,Very confident — I can understand it easily,Yes,Yes,40.0,30-44,2_Medium,4,Lives alone
Germany,Hannover,25,25,25,3,25,9,1,16.142857142857142,5,Woman or Non-binary,Further education or training after school (not university),"In paid employment or self-employment (including part-time work, temporary absence from work, or helping in a family business)",3,Urban,No,No,No,No,Mother tongue / Very well,Very confident — I can do these tasks easily on my own,Citizen of this country,0,0,1,0,0,0,0,0,I rent the house where I live in (I pay rent every month),"Apartment or flat with more than 10 dwellings – a home in a building with other homes above, below or next to yours",1981-2000,No,No,No,No,No,I don't know,5.0,Very likely,Yes,No,0,0,0,1,0,0,0,1,4.6,5.7,11.2,1876818.0,71168.44,1758.37,19.02,2215295.198,6.9347,No/Non-religious,Very confident — I can understand it easily,Yes,Yes,48.0,45-59,2_Medium,3,Single parent
Italy,Emilia-Romagna,12,8,4,1,4,4,1,4.857142857142857,1,Woman or Non-binary,"University degree or higher (e.g. Bachelor's, Master's, PhD)","Attending school, university, or other educational/training programmes",2,Urban,No,No,No,No,Mother tongue / Very well,Very confident — I can do these tasks easily on my own,Non-EU citizen,0,1,0,0,0,0,0,0,I own the house or flat where I live and I am paying it with a mortgage,"Apartment or flat with less than 10 dwellings – a home in a building with other homes above, below or next to yours",1961-1980,No,No,No,No,No,Yes,4.0,Not applicable,Not sure,Not applicable,1,0,0,0,0,0,1,2,5.9,8.6,5.0,1257106.0,131258.7,1166.93,256.8,1155020.242,8.7008,No/Non-religious,Confident — I can understand it with some help,No,No,27.0,18-29,2_Medium,6,"Couple, no children"
Germany,Stuttgart,12,12,2,9,9,1,8,7.571428571428571,2,Woman or Non-binary,Primary or Secondary education,"Attending school, university, or other educational/training programmes",1,Urban,No,No,No,No,Well,Very confident — I can do these tasks easily on my own,Citizen of this country,1,0,0,0,0,0,0,0,I rent the house where I live in (I pay rent every month),"Apartment or flat with more than 10 dwellings – a home in a building with other homes above, below or next to yours",I don't know,No,No,No,No,I don't know,No,4.0,Very likely,No,Not sure,0,0,1,0,1,0,0,2,4.6,5.7,11.2,1876818.0,167717.96,1921.95,31.71,2215295.198,6.9347,No/Non-religious,Another person is in charge of reading and/or paying the energy bill.,Yes,Yes,19.0,18-29,2_Medium,3,Lives alone
Italy,Friuli-Venezia Giulia,4,6,2,6,9,4,6,5.285714285714286,1,Woman or Non-binary,"University degree or higher (e.g. Bachelor's, Master's, PhD)","In paid employment or self-employment (including part-time work, temporary absence from work, or helping in a family business)",1,Suburban,No,No,Prefer not to say,No,Well,Very confident — I can do these tasks easily on my own,Citizen of this country,1,0,0,0,0,0,0,0,I own the house or flat where I live and I am paying it with a mortgage,"Apartment or flat with less than 10 dwellings – a home in a building with other homes above, below or next to yours",2011-2015,No,No,No,No,No,No,3.0,Somewhat unlikely,Yes,Yes,0,0,0,0,0,0,0,0,5.9,8.6,5.0,1257106.0,31199.7,1489.03,140.09,1155020.242,8.7008,No/Non-religious,Confident — I can understand it with some help,Yes,Yes,33.0,30-44,2_Medium,5,Lives alone
Spain,Andalusia,20,20,6,12,9,5,5,11.0,3,Man,"University degree or higher (e.g. Bachelor's, Master's, PhD)","In paid employment or self-employment (including part-time work, temporary absence from work, or helping in a family business)",3,Rural,No,No,No,No,Well,Very confident — I can do these tasks easily on my own,Citizen of this country,0,0,0,0,1,0,0,0,"I live here without paying rent (for example, staying with relatives or friends)",Detached house – a house that stands alone and is not joined to any other,I don't know,No,No,No,No,No,Yes,5.0,Not applicable,Yes,Not applicable,1,0,1,0,0,0,0,2,9.2,15.9,7.2,793600.0,132060.5,650.85,612.19,580422.275,5.6424,No/Non-religious,Confident — I can understand it with some help,Yes,Yes,25.0,18-29,2_Medium,8,Multi-generational / extended
Italy,Sardinia,25,25,20,20,25,25,25,23.571428571428573,5,Woman or Non-binary,Further education or training after school (not university),Fulfilling domestic tasks and/or caring for children or dependent persons,2,Rural,No,No,No,No,Well,Very confident — I can do these tasks easily on my own,Citizen of this country,0,0,0,0,1,0,0,0,I own the house or flat where I live and I do not pay a mortgage,Detached house – a house that stands alone and is not joined to any other,2001-2010,No,No,No,No,No,Yes,5.0,Not applicable,Yes,Not applicable,1,1,1,0,0,0,0,3,5.9,8.6,5.0,1257106.0,28698.6,601.4699999999999,423.04,1155020.242,8.7008,No/Non-religious,Not very confident — I often need help or support,Yes,Yes,61.0,60+,1_Low,2,Multi-generational / extended
Spain,Catalonia,16,25,20,6,9,6,15,13.857142857142858,4,Man,"University degree or higher (e.g. Bachelor's, Master's, PhD)","In paid employment or self-employment (including part-time work, temporary absence from work, or helping in a family business)",2,Urban,No,No,No,No,Well,Very confident — I can do these tasks easily on my own,Citizen of this country,0,1,0,0,0,0,0,0,I own the house or flat where I live and I am paying it with a mortgage,"Apartment or flat with less than 10 dwellings – a home in a building with other homes above, below or next to yours",2022 or after,No,No,No,No,No,No,2.0,Somewhat likely,Yes,No,0,0,0,1,0,0,0,1,9.2,15.9,7.2,793600.0,186166.0,1078.88,341.51,580422.275,5.6424,No/Non-religious,Not very confident — I often need help or support,Yes,Yes,30.0,30-44,1_Low,7,"Couple, no children"
Spain,Basque Country,12,12,10,12,6,4,5,8.714285714285714,2,Man,"University degree or higher (e.g. Bachelor's, Master's, PhD)","In paid employment or self-employment (including part-time work, temporary absence from work, or helping in a family business)",3,Suburban,No,No,No,No,Mother tongue / Very well,Very confident — I can do these tasks easily on my own,Citizen of this country,0,1,1,0,0,0,0,0,I own the house or flat where I live and I am paying it with a mortgage,Semi-detached house – a house joined to one other house,1945-1960,No,No,No,No,No,Yes,3.0,Not applicable,Yes,Not applicable,1,0,0,0,0,0,0,1,9.2,15.9,7.2,793600.0,56759.7,1017.59,98.14,580422.275,5.6424,No/Non-religious,Confident — I can understand it with some help,Yes,Yes,39.0,30-44,2_Medium,7,Couple with children
Spain,Catalonia,8,16,8,9,9,4,8,8.857142857142858,2,Man,"University degree or higher (e.g. Bachelor's, Master's, PhD)","In paid employment or self-employment (including part-time work, temporary absence from work, or helping in a family business)",4,Suburban,No,No,No,No,Well,Very confident — I can do these tasks easily on my own,EU citizen from another country,0,1,1,0,1,0,0,0,I own the house or flat where I live and I am paying it with a mortgage,"Apartment or flat with less than 10 dwellings – a home in a building with other homes above, below or next to yours",1981-2000,No,No,No,No,Yes,Not applicable,4.0,Not applicable,Yes,Not applicable,0,0,0,0,0,0,0,0,9.2,15.9,7.2,793600.0,186166.0,1078.88,341.51,580422.275,5.6424,Yes,Very confident — I can understand it easily,No,Yes,37.0,30-44,3_High,9,Couple with children
Spain,Valencian Community,12,12,6,3,12,1,1,6.714285714285714,1,Man,Primary or Secondary education,"Attending school, university, or other educational/training programmes",3,Urban,No,No,No,No,Well,Very confident — I can do these tasks easily on my own,Citizen of this country,0,0,0,0,0,0,1,0,"I live here without paying rent (for example, staying with relatives or friends)","Apartment or flat with more than 10 dwellings – a home in a building with other homes above, below or next to yours",2001-2010,No,No,No,No,Yes,Not applicable,4.0,Not applicable,Yes,Not applicable,0,0,0,1,0,0,0,1,9.2,15.9,7.2,793600.0,91415.7,730.56,512.5,580422.275,5.6424,No/Non-religious,Confident — I can understand it with some help,Yes,No,21.0,18-29,2_Medium,5,Multi-generational / extended
Italy,Piedmont,20,20,8,1,20,10,15,13.428571428571429,4,Woman or Non-binary,"University degree or higher (e.g. Bachelor's, Master's, PhD)","Attending school, university, or other educational/training programmes",2,Suburban,No,No,No,No,Mother tongue / Very well,Very confident — I can do these tasks easily on my own,Citizen of this country,0,1,0,0,0,0,0,0,I own the house or flat where I live and I am paying it with a mortgage,"Apartment or flat with less than 10 dwellings – a home in a building with other homes above, below or next to yours",2001-2010,No,No,No,No,No,I don't know,5.0,Likely,No,No,1,1,0,1,0,0,0,3,5.9,8.6,5.0,1257106.0,115962.7,1658.0,142.32,1155020.242,8.7008,No/Non-religious,Confident — I can understand it with some help,Yes,Yes,28.0,18-29,3_High,5,"Couple, no children"
Italy,Campania,12,15,16,2,9,10,8,10.285714285714286,3,Woman or Non-binary,Primary or Secondary education,"In paid employment or self-employment (including part-time work, temporary absence from work, or helping in a family business)",4,Urban,No,No,No,No,Well,Very confident — I can do these tasks easily on my own,Citizen of this country,0,0,0,0,1,0,1,0,"I live here without paying rent (for example, staying with relatives or friends)","Apartment or flat with less than 10 dwellings – a home in a building with other homes above, below or next to yours",1961-1980,No,No,No,No,No,I don't know,5.0,Likely,Not sure,No,0,0,0,0,0,0,0,0,5.9,8.6,5.0,1257106.0,91275.5,789.5600000000001,320.4,1155020.242,8.7008,No/Non-religious,Confident — I can understand it with some help,Yes,Yes,26.0,18-29,1_Low,4,Multi-generational / extended
Germany,Düsseldorf,16,16,16,9,16,9,9,13.0,4,Woman or Non-binary,Further education or training after school (not university),Fulfilling domestic tasks and/or caring for children or dependent persons,3,Suburban,No,Yes,Yes,No,Mother tongue / Very well,Very confident — I can do these tasks easily on my own,Citizen of this country,0,0,1,0,0,1,0,0,I rent the house where I live in (I pay rent every month),"Apartment or flat with less than 10 dwellings – a home in a building with other homes above, below or next to yours",I don't know,No,No,Yes,No,Yes,Not applicable,5.0,Not applicable,No,Not applicable,1,1,1,1,0,0,0,4,4.6,5.7,11.2,1876818.0,176736.87,1540.0,38.40000000000001,2215295.198,6.9347,No/Non-religious,Confident — I can understand it with some help,Yes,Yes,37.0,30-44,2_Medium,3,Single parent
Spain,Community of Madrid,12,12,12,12,12,12,8,11.428571428571429,3,Woman or Non-binary,Further education or training after school (not university),"In paid employment or self-employment (including part-time work, temporary absence from work, or helping in a family business)",2,Urban,No,Prefer not to say,Yes,Prefer not to say,Mother tongue / Very well,Very confident — I can do these tasks easily on my own,Citizen of this country,0,0,0,0,1,0,0,0,"I live here without paying rent (for example, staying with relatives or friends)","Apartment or flat with more than 10 dwellings – a home in a building with other homes above, below or next to yours",1981-2000,"Yes, once",No,No,No,No,No,4.0,Somewhat unlikely,No,Yes,0,1,0,1,1,0,1,4,9.2,15.9,7.2,793600.0,194229.0,1124.85,498.39,580422.275,5.6424,No/Non-religious,Confident — I can understand it with some help,Yes,Yes,24.0,18-29,2_Medium,4,Multi-generational / extended
Spain,Region of Murcia,1,1,1,1,3,12,6,3.5714285714285716,1,Woman or Non-binary,Further education or training after school (not university),"In paid employment or self-employment (including part-time work, temporary absence from work, or helping in a family business)",1,Urban,No,No,No,Yes,Mother tongue / Very well,Very confident — I can do these tasks easily on my own,Citizen of this country,1,0,0,0,0,0,0,0,I own the house or flat where I live and I am paying it with a mortgage,"Apartment or flat with less than 10 dwellings – a home in a building with other homes above, below or next to yours",1961-1980,"Yes, once",No,No,No,Yes,Not applicable,5.0,Not applicable,No,Not applicable,0,0,1,0,0,0,0,1,9.2,15.9,7.2,793600.0,26989.6,581.1800000000001,627.17,580422.275,5.6424,No/Non-religious,Confident — I can understand it with some help,Yes,Yes,43.0,30-44,1_Low,1,Lives alone
Spain,Castile-La Mancha,20,20,20,20,20,25,15,20.0,5,Woman or Non-binary,"University degree or higher (e.g. Bachelor's, Master's, PhD)",Fulfilling domestic tasks and/or caring for children or dependent persons,4,Urban,No,No,No,No,Mother tongue / Very well,Very confident — I can do these tasks easily on my own,EU citizen from another country,0,1,1,0,0,0,0,0,I own the house or flat where I live and I am paying it with a mortgage,Semi-detached house – a house joined to one other house,2001-2010,No,No,No,No,I don't know,Yes,5.0,Not applicable,Yes,Not applicable,0,1,1,1,0,0,0,3,9.2,15.9,7.2,793600.0,35454.2,1104.84,509.34,580422.275,5.6424,No/Non-religious,Very confident — I can understand it easily,No,Yes,39.0,30-44,3_High,4,Couple with children
Germany,Düsseldorf,12,12,9,15,16,16,6,12.285714285714286,4,Woman or Non-binary,"University degree or higher (e.g. Bachelor's, Master's, PhD)","In paid employment or self-employment (including part-time work, temporary absence from work, or helping in a family business)",1,Urban,No,No,No,No,Mother tongue / Very well,Confident or less confident,Citizen of this country,1,0,0,0,0,0,0,0,I rent the house where I live in (I pay rent every month),"Apartment or flat with more than 10 dwellings – a home in a building with other homes above, below or next to yours",1961-1980,No,No,No,No,No,Yes,4.0,Not applicable,No,Not applicable,0,0,1,0,0,0,0,1,4.6,5.7,11.2,1876818.0,176736.87,1540.0,38.40000000000001,2215295.198,6.9347,No/Non-religious,Very confident — I can understand it easily,Yes,Yes,26.0,18-29,2_Medium,2,Lives alone
Germany,Münster,15,15,15,4,9,12,8,11.142857142857142,3,Woman or Non-binary,Primary or Secondary education,"Attending school, university, or other educational/training programmes",1,Suburban,No,Yes,Yes,No,Well,Very confident — I can do these tasks easily on my own,Citizen of this country,1,0,0,0,0,0,0,0,I rent the house where I live in (I pay rent every month),"Apartment or flat with more than 10 dwellings – a home in a building with other homes above, below or next to yours",Before 1945,No,No,No,No,No,No,3.0,Unlikely,No,No,1,0,0,0,0,0,0,1,4.6,5.7,11.2,1876818.0,86185.76,1659.33,23.99,2215295.198,6.9347,No/Non-religious,Another person is in charge of reading and/or paying the energy bill.,Yes,Yes,29.0,18-29,1_Low,1,Lives alone
Germany,Düsseldorf,15,20,20,12,20,12,3,14.571428571428571,4,Woman or Non-binary,"University degree or higher (e.g. Bachelor's, Master's, PhD)","Attending school, university, or other educational/training programmes",1,Urban,Yes,No,No,No,Mother tongue / Very well,Confident or less confident,EU citizen from another country,1,0,0,0,0,0,0,0,I rent the house where I live in (I pay rent every month),"Apartment or flat with more than 10 dwellings – a home in a building with other homes above, below or next to yours",I don't know,No,No,No,No,I don't know,No,3.0,Somewhat likely,Not sure,Not sure,0,0,0,0,1,0,0,1,4.6,5.7,11.2,1876818.0,176736.87,1540.0,38.40000000000001,2215295.198,6.9347,No/Non-religious,Not very confident — I often need help or support,No,No,21.0,18-29,2_Medium,1,Lives alone
Spain,Catalonia,1,1,1,9,4,1,1,2.5714285714285716,1,Woman or Non-binary,"University degree or higher (e.g. Bachelor's, Master's, PhD)","In paid employment or self-employment (including part-time work, temporary absence from work, or helping in a family business)",1,Urban,No,No,Yes,No,Well,Confident or less confident,Citizen of this country,1,0,0,0,0,0,0,0,I own the house or flat where I live and I am paying it with a mortgage,"Apartment or flat with more than 10 dwellings – a home in a building with other homes above, below or next to yours",1961-1980,No,No,No,No,No,I don't know,2.5,Somewhat likely,Yes,Not sure,0,1,1,1,0,0,0,3,9.2,15.9,7.2,793600.0,186166.0,1078.88,341.51,580422.275,5.6424,No/Non-religious,Confident — I can understand it with some help,Yes,Yes,38.0,30-44,1_Low,3,Lives alone
Italy,Sardinia,15,15,1,20,5,6,3,9.285714285714286,2,Woman or Non-binary,"University degree or higher (e.g. Bachelor's, Master's, PhD)","In paid employment or self-employment (including part-time work, temporary absence from work, or helping in a family business)",2,Urban,No,Yes,No,No,Mother tongue / Very well,Confident or less confident,Citizen of this country,0,1,0,0,0,0,0,0,I own the house or flat where I live and I am paying it with a mortgage,"Apartment or flat with less than 10 dwellings – a home in a building with other homes above, below or next to yours",1961-1980,No,No,No,No,Yes,Not applicable,5.0,Not applicable,Yes,Not applicable,1,0,1,0,0,0,0,2,5.9,8.6,5.0,1257106.0,28698.6,601.4699999999999,423.04,1155020.242,8.7008,No/Non-religious,Very confident — I can understand it easily,Yes,Yes,45.0,45-59,2_Medium,8,"Couple, no children"
Italy,Apulia,25,25,20,16,16,20,25,21.0,5,Woman or Non-binary,"University degree or higher (e.g. Bachelor's, Master's, PhD)",Retired,3,Urban,No,Prefer not to say,No,No,Well,Very confident — I can do these tasks easily on my own,Citizen of this country,0,0,0,1,0,0,0,0,I own the house or flat where I live and I do not pay a mortgage,Detached house – a house that stands alone and is not joined to any other,1981-2000,No,No,No,No,No,I don't know,2.0,Likely,No,Yes,0,1,0,1,0,1,1,4,5.9,8.6,5.0,1257106.0,65418.9,640.14,517.28,1155020.242,8.7008,No/Non-religious,Not very confident — I often need help or support,Yes,Yes,68.0,60+,1_Low,4,Single parent
Germany,Thuringia,16,16,12,4,9,16,8,11.571428571428571,4,Woman or Non-binary,"University degree or higher (e.g. Bachelor's, Master's, PhD)","In paid employment or self-employment (including part-time work, temporary absence from work, or helping in a family business)",2,Suburban,No,No,No,No,Mother tongue / Very well,Very confident — I can do these tasks easily on my own,Citizen of this country,0,1,0,0,0,0,0,0,I own the house or flat where I live and I am paying it with a mortgage,Detached house – a house that stands alone and is not joined to any other,Before 1945,No,No,Yes,No,No,I don't know,3.0,Somewhat likely,Not sure,Yes,1,1,0,0,0,0,0,2,4.6,5.7,11.2,1876818.0,2903658.0,1919.09,19.17,2215295.198,6.9347,No/Non-religious,Confident — I can understand it with some help,Yes,Yes,39.0,30-44,3_High,7,"Couple, no children"
Italy,Apulia,20,20,25,9,8,6,16,14.857142857142858,4,Woman or Non-binary,Primary or Secondary education,Unemployed (actively seeking work or available to start work),3,Urban,No,No,Yes,No,Well,Very confident — I can do these tasks easily on my own,Citizen of this country,0,0,0,0,1,0,0,0,I own the house or flat where I live and I am paying it with a mortgage,"Apartment or flat with less than 10 dwellings – a home in a building with other homes above, below or next to yours",2011-2015,"Yes, once","Yes, twice or more",No,No,No,No,4.0,Somewhat likely,No,No,0,1,1,1,1,0,0,4,5.9,8.6,5.0,1257106.0,65418.9,640.14,517.28,1155020.242,8.7008,No/Non-religious,Confident — I can understand it with some help,Yes,Yes,33.0,30-44,3_High,3,Multi-generational / extended
Germany,Saarland,16,12,8,6,16,6,12,10.857142857142858,3,Man,"University degree or higher (e.g. Bachelor's, Master's, PhD)","In paid employment or self-employment (including part-time work, temporary absence from work, or helping in a family business)",3,Rural,No,No,No,No,Mother tongue / Very well,Confident or less confident,Citizen of this country,0,1,1,0,0,0,0,0,I own the house or flat where I live and I do not pay a mortgage,Detached house – a house that stands alone and is not joined to any other,2022 or after,No,No,No,No,Yes,Not applicable,5.0,Not applicable,Yes,Not applicable,0,1,0,0,0,0,0,1,4.6,5.7,11.2,1876818.0,29257.55,1706.14,44.12,2215295.198,6.9347,No/Non-religious,Very confident — I can understand it easily,Yes,No,26.0,18-29,1_Low,6,Couple with children
Germany,Berlin,25,25,4,1,8,6,1,10.0,3,Man,"University degree or higher (e.g. Bachelor's, Master's, PhD)","In paid employment or self-employment (including part-time work, temporary absence from work, or helping in a family business)",4,Urban,Yes,No,No,No,Well,Very confident — I can do these tasks easily on my own,Non-EU citizen,0,0,1,0,0,0,0,0,I own the house or flat where I live and I am paying it with a mortgage,"Apartment or flat with more than 10 dwellings – a home in a building with other homes above, below or next to yours",2016-2021,No,No,No,No,No,No,2.0,Somewhat likely,Not sure,Yes,0,0,0,0,0,0,0,0,4.6,5.7,11.2,1876818.0,122677.83,1750.33,24.56,2215295.198,6.9347,No/Non-religious,Very confident — I can understand it easily,No,No,45.0,45-59,3_High,6,Single parent
Germany,Darmstadt,1,1,1,1,1,1,1,1.0,1,Woman or Non-binary,"University degree or higher (e.g. Bachelor's, Master's, PhD)","In paid employment or self-employment (including part-time work, temporary absence from work, or helping in a family business)",2,Suburban,No,No,No,No,Mother tongue / Very well,Very confident — I can do these tasks easily on my own,Citizen of this country,0,1,0,0,0,0,0,0,I own the house or flat where I live and I do not pay a mortgage,Terraced house – a house that is part of a row of houses joined together,2001-2010,No,No,No,No,No,No,2.0,Very unlikely,Not sure,No,0,0,0,0,0,0,0,0,4.6,5.7,11.2,1876818.0,161209.14,1727.78,48.24,2215295.198,6.9347,No/Non-religious,Not very confident — I often need help or support,No,Yes,31.0,30-44,1_Low,7,"Couple, no children"
Germany,Stuttgart,25,25,20,4,12,20,15,17.285714285714285,5,Man,"University degree or higher (e.g. Bachelor's, Master's, PhD)","In paid employment or self-employment (including part-time work, temporary absence from work, or helping in a family business)",3,Suburban,No,No,No,No,Well,Very confident — I can do these tasks easily on my own,Citizen of this country,0,1,1,0,0,0,0,0,I own the house or flat where I live and I am paying it with a mortgage,"Apartment or flat with less than 10 dwellings – a home in a building with other homes above, below or next to yours",2022 or after,No,No,No,No,No,No,4.0,Very likely,No,No,0,0,0,1,0,0,0,1,4.6,5.7,11.2,1876818.0,167717.96,1921.95,31.71,2215295.198,6.9347,No/Non-religious,Very confident — I can understand it easily,No,No,48.0,45-59,3_High,7,Couple with children
Germany,Darmstadt,16,16,8,20,20,1,1,11.714285714285714,4,Woman or Non-binary,"University degree or higher (e.g. Bachelor's, Master's, PhD)","In paid employment or self-employment (including part-time work, temporary absence from work, or helping in a family business)",3,Suburban,No,No,No,No,Mother tongue / Very well,Very confident — I can do these tasks easily on my own,Citizen of this country,0,1,1,0,0,0,0,0,I own the house or flat where I live and I am paying it with a mortgage,"Apartment or flat with more than 10 dwellings – a home in a building with other homes above, below or next to yours",1981-2000,No,No,No,No,No,Yes,5.0,Not applicable,Yes,Not applicable,0,1,0,0,0,0,0,1,4.6,5.7,11.2,1876818.0,161209.14,1727.78,48.24,2215295.198,6.9347,No/Non-religious,Confident — I can understand it with some help,Yes,Yes,33.0,30-44,3_High,9,Couple with children
Spain,Catalonia,12,12,5,4,4,9,8,7.714285714285714,2,Man,"University degree or higher (e.g. Bachelor's, Master's, PhD)","In paid employment or self-employment (including part-time work, temporary absence from work, or helping in a family business)",4,Urban,No,No,No,Yes,Mother tongue / Very well,Very confident — I can do these tasks easily on my own,Citizen of this country,0,1,1,0,0,0,0,0,I own the house or flat where I live and I do not pay a mortgage,Terraced house – a house that is part of a row of houses joined together,1981-2000,No,No,No,No,No,Yes,4.0,Not applicable,Yes,Not applicable,1,1,1,0,0,0,0,3,9.2,15.9,7.2,793600.0,186166.0,1078.88,341.51,580422.275,5.6424,No/Non-religious,Confident — I can understand it with some help,Yes,Yes,31.0,30-44,1_Low,4,Couple with children
Spain,Galicia,25,25,25,1,1,9,9,13.571428571428571,4,Man,"University degree or higher (e.g. Bachelor's, Master's, PhD)","In paid employment or self-employment (including part-time work, temporary absence from work, or helping in a family business)",2,Urban,No,No,No,No,Not very well or worse,Very confident — I can do these tasks easily on my own,Citizen of this country,0,1,0,0,0,0,0,0,I own the house or flat where I live and I am paying it with a mortgage,"Apartment or flat with more than 10 dwellings – a home in a building with other homes above, below or next to yours",2001-2010,No,No,Yes,Yes,Yes,Not applicable,5.0,Not applicable,No,Not applicable,1,0,1,1,1,1,0,5,9.2,15.9,7.2,793600.0,49230.2,1111.35,78.06,580422.275,5.6424,No/Non-religious,Confident — I can understand it with some help,Yes,No,49.0,45-59,2_Medium,3,"Couple, no children"
Italy,Lazio,25,16,16,25,12,9,9,16.0,5,Man,"University degree or higher (e.g. Bachelor's, Master's, PhD)","In paid employment or self-employment (including part-time work, temporary absence from work, or helping in a family business)",2,Suburban,Yes,No,No,No,Well,Very confident — I can do these tasks easily on my own,Non-EU citizen,0,1,0,0,0,0,0,0,I rent the house where I live in (I pay rent every month),Detached house – a house that stands alone and is not joined to any other,2001-2010,No,No,No,No,Yes,Not applicable,4.0,Not applicable,Yes,Not applicable,0,0,1,0,0,0,0,1,5.9,8.6,5.0,1257106.0,150307.6,798.71,361.74,1155020.242,8.7008,Yes,Very confident — I can understand it easily,No,No,35.0,30-44,1_Low,3,"Couple, no children"
Italy,Campania,20,16,9,9,16,4,2,10.857142857142858,3,Man,"University degree or higher (e.g. Bachelor's, Master's, PhD)",Unemployed (actively seeking work or available to start work),4,Suburban,No,No,No,No,Well,Very confident — I can do these tasks easily on my own,Citizen of this country,0,0,0,0,1,0,0,0,I rent the house where I live in (I pay rent every month),"Apartment or flat with more than 10 dwellings – a home in a building with other homes above, below or next to yours",1961-1980,No,No,No,No,No,I don't know,4.0,Somewhat likely,No,Not sure,1,0,1,0,0,0,0,2,5.9,8.6,5.0,1257106.0,91275.5,789.5600000000001,320.4,1155020.242,8.7008,No/Non-religious,Not very confident — I often need help or support,Yes,Yes,42.0,30-44,1_Low,2,Multi-generational / extended
Italy,Piedmont,16,9,9,12,4,1,4,7.857142857142857,2,Man,"University degree or higher (e.g. Bachelor's, Master's, PhD)","In paid employment or self-employment (including part-time work, temporary absence from work, or helping in a family business)",3,Urban,No,No,No,No,Well,Confident or less confident,Citizen of this country,0,1,1,0,0,0,0,0,I own the house or flat where I live and I am paying it with a mortgage,Semi-detached house – a house joined to one other house,2022 or after,No,No,No,No,Yes,Not applicable,4.0,Not applicable,No,Not applicable,0,0,0,0,0,0,0,0,5.9,8.6,5.0,1257106.0,115962.7,1658.0,142.32,1155020.242,8.7008,No/Non-religious,Confident — I can understand it with some help,Yes,Yes,46.0,45-59,3_High,4,Couple with children
Italy,Tuscany,12,20,12,12,20,9,4,12.714285714285714,4,Man,"University degree or higher (e.g. Bachelor's, Master's, PhD)","Attending school, university, or other educational/training programmes",4,Urban,No,No,No,No,Well,Confident or less confident,Citizen of this country,0,0,0,0,0,0,0,1,I rent the house where I live in (I pay rent every month),"Apartment or flat with less than 10 dwellings – a home in a building with other homes above, below or next to yours",2011-2015,No,No,No,No,I don't know,I don't know,4.0,Likely,Yes,Yes,1,0,0,0,0,0,0,1,5.9,8.6,5.0,1257106.0,1436758.9,1108.69,287.36,1155020.242,8.7008,No/Non-religious,Confident — I can understand it with some help,Yes,No,25.0,18-29,3_High,5,Other shared
Germany,Upper Palatinate,5,5,8,4,5,8,4,5.571428571428571,1,Woman or Non-binary,"University degree or higher (e.g. Bachelor's, Master's, PhD)","Attending school, university, or other educational/training programmes",1,Rural,Yes,No,Yes,No,Mother tongue / Very well,Very confident — I can do these tasks easily on my own,Non-EU citizen,1,0,0,0,0,0,0,0,I rent the house where I live in (I pay rent every month),"Apartment or flat with more than 10 dwellings – a home in a building with other homes above, below or next to yours",I don't know,No,No,No,No,Yes,Not applicable,5.0,Not applicable,No,Not applicable,0,0,1,0,1,0,0,2,4.6,5.7,11.2,1876818.0,2903658.0,1919.09,19.17,2215295.198,6.9347,No/Non-religious,Confident — I can understand it with some help,No,No,27.0,18-29,3_High,1,Lives alone
Italy,Emilia-Romagna,25,25,20,25,25,25,20,23.571428571428573,5,Woman or Non-binary,Further education or training after school (not university),Retired,3,Urban,No,No,No,Prefer not to say,Not very well or worse,Very confident — I can do these tasks easily on my own,Citizen of this country,0,1,0,1,0,0,0,0,I own the house or flat where I live and I do not pay a mortgage,"Apartment or flat with less than 10 dwellings – a home in a building with other homes above, below or next to yours",1981-2000,No,No,No,No,Yes,Not applicable,5.0,Not applicable,Yes,Not applicable,1,0,0,0,0,0,0,1,5.9,8.6,5.0,1257106.0,131258.7,1166.93,256.8,1155020.242,8.7008,No/Non-religious,Confident — I can understand it with some help,Yes,Yes,63.0,60+,1_Low,5,Couple with children
Italy,Sicily,25,25,20,25,9,20,4,18.285714285714285,5,Woman or Non-binary,"University degree or higher (e.g. Bachelor's, Master's, PhD)","In paid employment or self-employment (including part-time work, temporary absence from work, or helping in a family business)",3,Urban,No,No,No,No,Not very well or worse,Very confident — I can do these tasks easily on my own,Citizen of this country,0,0,0,0,1,0,0,0,I own the house or flat where I live and I do not pay a mortgage,"Apartment or flat with more than 10 dwellings – a home in a building with other homes above, below or next to yours",2022 or after,No,No,No,No,Yes,Not applicable,2.0,Not applicable,Not sure,Not applicable,1,0,0,0,0,0,0,1,5.9,8.6,5.0,1257106.0,76298.9,558.9300000000001,452.35,1155020.242,8.7008,No/Non-religious,Very confident — I can understand it easily,Yes,Yes,32.0,30-44,1_Low,7,Multi-generational / extended
Germany,Lower Bavaria,20,16,16,9,15,4,8,12.571428571428571,4,Woman or Non-binary,"University degree or higher (e.g. Bachelor's, Master's, PhD)",Unemployed (actively seeking work or available to start work),4,Rural,No,No,No,No,Well,Very confident — I can do these tasks easily on my own,Citizen of this country,0,0,1,0,0,0,0,0,I own the house or flat where I live and I am paying it with a mortgage,Detached house – a house that stands alone and is not joined to any other,2022 or after,No,No,No,No,Yes,Not applicable,5.0,Not applicable,No,Not applicable,0,0,0,1,0,0,0,1,4.6,5.7,11.2,1876818.0,2903658.0,1919.09,19.17,2215295.198,6.9347,No/Non-religious,Another person is in charge of reading and/or paying the energy bill.,No,No,36.0,30-44,3_High,6,Single parent
Germany,Upper Palatinate,15,15,4,20,15,3,5,11.0,3,Man,"University degree or higher (e.g. Bachelor's, Master's, PhD)","In paid employment or self-employment (including part-time work, temporary absence from work, or helping in a family business)",1,Urban,No,No,No,No,Mother tongue / Very well,Very confident — I can do these tasks easily on my own,Citizen of this country,1,0,0,0,0,0,0,0,I own the house or flat where I live and I am paying it with a mortgage,"Apartment or flat with less than 10 dwellings – a home in a building with other homes above, below or next to yours",2011-2015,No,No,No,No,No,No,5.0,Likely,Yes,Yes,0,0,0,1,0,0,0,1,4.6,5.7,11.2,1876818.0,2903658.0,1919.09,19.17,2215295.198,6.9347,No/Non-religious,Very confident — I can understand it easily,Yes,Yes,23.0,18-29,3_High,6,Lives alone
Germany,Darmstadt,4,9,3,12,9,12,4,7.571428571428571,2,Man,"University degree or higher (e.g. Bachelor's, Master's, PhD)","In paid employment or self-employment (including part-time work, temporary absence from work, or helping in a family business)",1,Urban,Yes,No,No,No,Mother tongue / Very well,Very confident — I can do these tasks easily on my own,Citizen of this country,1,0,0,0,0,0,0,0,I own the house or flat where I live and I do not pay a mortgage,"Apartment or flat with less than 10 dwellings – a home in a building with other homes above, below or next to yours",2001-2010,No,No,No,No,No,No,3.0,Somewhat unlikely,Yes,No,0,1,0,0,0,0,0,1,4.6,5.7,11.2,1876818.0,161209.14,1727.78,48.24,2215295.198,6.9347,No/Non-religious,Very confident — I can understand it easily,No,No,27.0,18-29,1_Low,5,Lives alone
Germany,Karlsruhe,12,12,8,1,1,1,1,5.142857142857143,1,Woman or Non-binary,"University degree or higher (e.g. Bachelor's, Master's, PhD)","Attending school, university, or other educational/training programmes",3,Suburban,No,No,No,No,Mother tongue / Very well,Very confident — I can do these tasks easily on my own,Citizen of this country,0,1,1,0,0,0,0,0,I own the house or flat where I live and I do not pay a mortgage,Terraced house – a house that is part of a row of houses joined together,2022 or after,No,No,No,No,Yes,Not applicable,5.0,Not applicable,Yes,Not applicable,1,0,0,0,0,0,0,1,4.6,5.7,11.2,1876818.0,106148.97,1828.77,45.16,2215295.198,6.9347,No/Non-religious,Very confident — I can understand it easily,Yes,Yes,55.0,45-59,1_Low,5,Couple with children
Germany,Tübingen,20,20,15,9,5,8,8,12.142857142857142,4,Woman or Non-binary,"University degree or higher (e.g. Bachelor's, Master's, PhD)","In paid employment or self-employment (including part-time work, temporary absence from work, or helping in a family business)",2,Suburban,No,No,No,No,Well,Very confident — I can do these tasks easily on my own,Citizen of this country,0,1,0,0,0,0,0,0,I own the house or flat where I live and I am paying it with a mortgage,Detached house – a house that stands alone and is not joined to any other,1981-2000,No,No,No,No,Yes,Not applicable,5.0,Not applicable,Yes,Not applicable,0,1,0,0,0,0,0,1,4.6,5.7,11.2,1876818.0,72211.17,2180.2,10.11,2215295.198,6.9347,No/Non-religious,Confident — I can understand it with some help,Yes,Yes,28.0,18-29,3_High,9,"Couple, no children"
Germany,Düsseldorf,25,25,9,12,25,9,4,15.571428571428571,5,Woman or Non-binary,"University degree or higher (e.g. Bachelor's, Master's, PhD)","In paid employment or self-employment (including part-time work, temporary absence from work, or helping in a family business)",6,Urban,No,No,No,No,Mother tongue / Very well,Very confident — I can do these tasks easily on my own,Citizen of this country,0,1,1,0,0,0,0,0,I own the house or flat where I live and I do not pay a mortgage,Terraced house – a house that is part of a row of houses joined together,1945-1960,"Yes, once","Yes, twice or more",No,No,Yes,Not applicable,5.0,Not applicable,No,Not applicable,1,0,0,1,0,0,0,2,4.6,5.7,11.2,1876818.0,176736.87,1540.0,38.40000000000001,2215295.198,6.9347,No/Non-religious,Confident — I can understand it with some help,Yes,No,41.0,30-44,2_Medium,4,Couple with children
Spain,Valencian Community,1,1,1,25,1,9,1,5.571428571428571,1,Man,"University degree or higher (e.g. Bachelor's, Master's, PhD)","In paid employment or self-employment (including part-time work, temporary absence from work, or helping in a family business)",3,Urban,Yes,Yes,No,Yes,Mother tongue / Very well,Very confident — I can do these tasks easily on my own,EU citizen from another country,0,1,0,0,0,0,0,0,I own the house or flat where I live and I do not pay a mortgage,"Apartment or flat with more than 10 dwellings – a home in a building with other homes above, below or next to yours",1945-1960,No,No,No,No,No,Yes,5.0,Not applicable,No,Not applicable,1,0,1,0,0,0,0,2,9.2,15.9,7.2,793600.0,91415.7,730.56,512.5,580422.275,5.6424,No/Non-religious,Very confident — I can understand it easily,No,No,57.0,45-59,1_Low,2,"Couple, no children"
Italy,Lazio,12,16,16,9,9,12,9,11.857142857142858,4,Woman or Non-binary,"University degree or higher (e.g. Bachelor's, Master's, PhD)","In paid employment or self-employment (including part-time work, temporary absence from work, or helping in a family business)",4,Suburban,No,No,No,No,Mother tongue / Very well,Very confident — I can do these tasks easily on my own,Citizen of this country,0,1,1,0,0,0,0,0,I own the house or flat where I live and I do not pay a mortgage,"Apartment or flat with less than 10 dwellings – a home in a building with other homes above, below or next to yours",1961-1980,No,No,No,No,No,I don't know,3.0,Somewhat likely,No,No,1,1,0,0,0,0,0,2,5.9,8.6,5.0,1257106.0,150307.6,798.71,361.74,1155020.242,8.7008,No/Non-religious,Very confident — I can understand it easily,Yes,Yes,37.0,30-44,1_Low,4,Couple with children
Germany,Berlin,20,16,3,20,20,20,4,14.714285714285714,4,Man,"University degree or higher (e.g. Bachelor's, Master's, PhD)","In paid employment or self-employment (including part-time work, temporary absence from work, or helping in a family business)",2,Suburban,No,No,No,No,Well,Very confident — I can do these tasks easily on my own,Citizen of this country,0,1,0,0,0,0,0,0,I own the house or flat where I live and I do not pay a mortgage,"Apartment or flat with less than 10 dwellings – a home in a building with other homes above, below or next to yours",1981-2000,No,No,No,No,Yes,Not applicable,5.0,Not applicable,Yes,Not applicable,1,0,1,0,0,0,0,2,4.6,5.7,11.2,1876818.0,122677.83,1750.33,24.56,2215295.198,6.9347,No/Non-religious,Very confident — I can understand it easily,No,Yes,55.0,45-59,3_High,9,"Couple, no children"
Germany,Düsseldorf,25,25,16,12,16,9,9,16.0,5,Woman or Non-binary,"University degree or higher (e.g. Bachelor's, Master's, PhD)","In paid employment or self-employment (including part-time work, temporary absence from work, or helping in a family business)",2,Urban,Yes,No,No,No,Mother tongue / Very well,Very confident — I can do these tasks easily on my own,EU citizen from another country,0,0,0,0,1,0,0,0,I own the house or flat where I live and I do not pay a mortgage,"Apartment or flat with less than 10 dwellings – a home in a building with other homes above, below or next to yours",1945-1960,No,No,No,No,No,Yes,5.0,Not applicable,No,Not applicable,1,1,0,1,0,0,0,3,4.6,5.7,11.2,1876818.0,176736.87,1540.0,38.40000000000001,2215295.198,6.9347,No/Non-religious,Very confident — I can understand it easily,No,No,48.0,45-59,2_Medium,4,Multi-generational / extended
Germany,Lower Franconia,12,9,6,16,16,4,4,9.571428571428571,3,Man,"University degree or higher (e.g. Bachelor's, Master's, PhD)","In paid employment or self-employment (including part-time work, temporary absence from work, or helping in a family business)",2,Rural,No,No,No,No,Mother tongue / Very well,Very confident — I can do these tasks easily on my own,Citizen of this country,0,1,0,0,0,0,0,0,I own the house or flat where I live and I do not pay a mortgage,Detached house – a house that stands alone and is not joined to any other,2001-2010,No,No,No,No,No,Yes,4.0,Not applicable,Yes,Not applicable,0,0,1,0,0,0,0,1,4.6,5.7,11.2,1876818.0,2903658.0,1919.09,19.17,2215295.198,6.9347,No/Non-religious,Confident — I can understand it with some help,Yes,Yes,44.0,30-44,1_Low,6,"Couple, no children"
Germany,Freiburg,2,6,4,20,5,2,4,6.142857142857143,1,Woman or Non-binary,"University degree or higher (e.g. Bachelor's, Master's, PhD)","In paid employment or self-employment (including part-time work, temporary absence from work, or helping in a family business)",6,Rural,No,No,No,No,Well,Very confident — I can do these tasks easily on my own,Citizen of this country,0,0,1,0,0,0,0,0,I own the house or flat where I live and I do not pay a mortgage,Detached house – a house that stands alone and is not joined to any other,Before 1945,No,No,No,No,Yes,Not applicable,5.0,Not applicable,Yes,Not applicable,1,0,0,0,0,0,0,1,4.6,5.7,11.2,1876818.0,83831.92,1967.95,31.66,2215295.198,6.9347,No/Non-religious,Confident — I can understand it with some help,No,Yes,41.0,30-44,3_High,7,Single parent
Germany,Weser-Ems,8,8,1,9,6,1,1,4.857142857142857,1,Woman or Non-binary,"University degree or higher (e.g. Bachelor's, Master's, PhD)",Unemployed (actively seeking work or available to start work),19,Suburban,No,Yes,No,No,Well,Very confident — I can do these tasks easily on my own,Citizen of this country,1,0,0,0,0,0,0,0,I own the house or flat where I live and I do not pay a mortgage,"Apartment or flat with more than 10 dwellings – a home in a building with other homes above, below or next to yours",2001-2010,No,No,No,No,No,No,4.0,Somewhat likely,Yes,Yes,0,0,0,0,0,0,0,0,4.6,5.7,11.2,1876818.0,83704.01,1729.38,11.01,2215295.198,6.9347,No/Non-religious,Very confident — I can understand it easily,Yes,No,63.0,60+,1_Low,6,Lives alone
