country,region,hazard_elec_bill,hazard_heat_cool,hazard_bill_struggle,hazard_house_value,hazard_miss_savings,hazard_tax_fines,hazard_power_cuts,hazard_insurance_cost,hazard_rent_ban,hazard_damp_mould,hazard_insurer_risk,hazard_severe_weather,hazard_cold_damp_health,composite_score,composite_level,gender,education,activity_status,household_size,location,ethnic_minority,disability,lgbtiqa,political_group,english_proficiency,digital_confidence,citizenship,ber_rating,hh_lives_alone,hh_has_partner,hh_children_under_25,hh_children_25_plus,hh_parent_grandparent,hh_disabled_member,hh_other_relatives,hh_non_relatives,heat_fuel_oil_paraffin,heat_fuel_electricity,heat_fuel_piped_natural,heat_fuel_bottle_gas,heat_fuel_lpg,heat_fuel_coal,heat_fuel_wood,heat_fuel_pellets,heat_fuel_district,heat_fuel_solar,heat_fuel_heat_pump,heat_fuel_other,housing_situation,home_type,dwelling_year,rent_arrears,utility_arrears,housing_support,energy_support,energy_improvements,plans_energy_improvements,solar_perception,solar_install_likelihood,can_cover_solar_cost,aware_gov_programmes,issue_poor_insulation,issue_damp_mold,issue_inadequate_heating,issue_high_energy_bills,issue_limited_light,issue_leaking_roof,issue_rotten_frames,home_problems_count,macro_dwelling_too_dark,macro_asthma_death_rate,macro_leak_damp_rot,macro_excess_winter_mortality,macro_cold_home_pct,macro_cost_overburden_rate,macro_heating_degree_days,macro_cooling_degree_days,macro_severe_housing_deprivation,religious_minority,bill_confidence,is_native_born,speaks_national_language,age,age_group,housing_cost_band,income_band,household_type
Ireland,Eastern and Midland,6.0,16.0,16.0,12.0,12.0,4.0,9.0,4.0,1.0,4.0,4.0,4.0,4.0,7.384615384615385,2,Woman or Non-binary,"University degree or higher (e.g. Bachelor's, Master's, PhD)","In paid employment or self-employment (including part-time work, temporary absence from work, or helping in a family business)",3.0,Suburban,No,No,No,No,Mother tongue / Very well,Very confident — I can do these tasks easily on my own,Citizen of this country,C (moderate),0,0,1,0,0,0,0,0,0,1,0,0,0,0,0,0,0,0,1,0,I own the house or flat where I live and I do not pay a mortgage,Semi-detached house – a house joined to one other house,1981-2000,No,No,No,No,I don't know,No,2,Somewhat unlikely,No,Yes,0,0,0,1,0,0,0,1,6.9,907.0,21.2,2.8,4.5,5.3,1820.78,0.0,0.2,No/Non-religious,Very confident — I can understand it easily,Yes,Yes,51.0,45+,2_Medium,2,Single parent
Germany,Münster,4.0,20.0,20.0,4.0,9.0,20.0,4.0,6.0,4.0,1.0,1.0,6.0,6.0,8.076923076923077,2,Woman or Non-binary,"University degree or higher (e.g. Bachelor's, Master's, PhD)","In paid employment or self-employment (including part-time work, temporary absence from work, or helping in a family business)",1.0,Suburban,Prefer not to say,No,No,No,Mother tongue / Very well,Very confident — I can do these tasks easily on my own,Non-EU citizen,I don't know,1,0,0,0,0,0,0,0,0,1,1,0,0,0,0,0,0,0,0,0,I rent the house where I live in (I pay rent every month),"Apartment or flat with less than 10 dwellings – a home in a building with other homes above, below or next to yours",I don't know,"Yes, twice or more","Yes, once",No,No,No,No,4,Likely,No,Not sure,1,0,1,0,1,1,0,4,7.1,1052.93,16.0,5.5,5.7,11.2,1659.33,23.99,0.3,Prefer not to say,Confident — I can understand it with some help,No,No,34.0,30-44,1_Low,2,Lives alone
Ireland,Northern and Western,8.0,8.0,4.0,6.0,9.0,1.0,12.0,9.0,6.0,16.0,6.0,6.0,12.0,7.923076923076923,2,Man,Further education or training after school (not university),"In paid employment or self-employment (including part-time work, temporary absence from work, or helping in a family business)",1.0,Urban,No,No,No,No,Mother tongue / Very well,Confident or less confident,Citizen of this country,A-B (high efficiency),1,0,0,0,0,0,0,0,0,1,0,0,0,0,0,0,0,0,0,0,I own the house or flat where I live and I do not pay a mortgage,Semi-detached house – a house joined to one other house,1981-2000,No,No,No,No,Yes,Not applicable,5,Not applicable,Yes,Not applicable,1,0,1,0,0,0,0,2,6.9,885.49,21.2,2.8,4.5,5.3,1818.53,0.0,0.2,No/Non-religious,Very confident — I can understand it easily,Yes,Yes,60.0,45+,1_Low,4,Lives alone
Ireland,Eastern and Midland,6.0,6.0,2.0,1.0,4.0,1.0,2.0,2.0,2.0,1.0,1.0,1.0,1.0,2.3076923076923075,1,Woman or Non-binary,"University degree or higher (e.g. Bachelor's, Master's, PhD)","In paid employment or self-employment (including part-time work, temporary absence from work, or helping in a family business)",1.0,Rural,No,No,No,No,Mother tongue / Very well,Very confident — I can do these tasks easily on my own,Citizen of this country,I don't know,1,0,0,0,0,0,0,0,0,1,1,0,0,0,0,1,0,0,0,0,I own the house or flat where I live and I am paying if with a mortgage,Terraced house – a house that is part of a row of houses joined together,2001-2010,No,No,No,No,Yes,Not applicable,5,Not applicable,Yes,Not applicable,0,0,0,1,0,0,0,1,6.9,907.0,21.2,2.8,4.5,5.3,1820.78,0.0,0.2,No/Non-religious,Very confident — I can understand it easily,Yes,Yes,62.0,45+,2_Medium,6,Lives alone
Germany,Düsseldorf,20.0,8.0,9.0,6.0,8.0,9.0,10.0,10.0,8.0,8.0,5.0,5.0,8.0,8.76923076923077,3,Man,"University degree or higher (e.g. Bachelor's, Master's, PhD)","In paid employment or self-employment (including part-time work, temporary absence from work, or helping in a family business)",4.0,Suburban,No,No,No,No,Well or less proficient,Very confident — I can do these tasks easily on my own,Citizen of this country,I don't know,0,1,1,0,0,0,0,0,0,1,1,0,0,0,0,0,0,0,0,0,I own the house or flat where I live and I am paying if with a mortgage,Terraced house – a house that is part of a row of houses joined together,1961-1980,No,No,No,No,Yes,Not applicable,4,Not applicable,Yes,Not applicable,1,1,0,1,0,0,0,3,7.1,1075.05,16.0,5.5,5.7,11.2,1540.0,38.40000000000001,0.3,No/Non-religious,Confident — I can understand it with some help,Yes,Yes,42.0,30-44,3_High,9,Couple with children
Portugal,Norte,8.0,15.0,12.0,6.0,20.0,9.0,6.0,6.0,9.0,6.0,4.0,9.0,8.0,9.076923076923077,3,Man,"University degree or higher (e.g. Bachelor's, Master's, PhD)","In paid employment or self-employment (including part-time work, temporary absence from work, or helping in a family business)",3.0,Urban,No,No,No,No,Mother tongue / Very well,Very confident — I can do these tasks easily on my own,Citizen of this country,C (moderate),0,0,0,0,1,0,0,0,0,1,1,0,0,0,0,0,0,0,0,0,"I live here without paying rent (for example, staying with relatives of friends)",Semi-detached house – a house joined to one other house,2001-2010,No,No,No,No,Yes,Not applicable,4,Not applicable,Yes,Not applicable,0,0,0,1,0,0,0,1,8.1,914.3,29.0,10.0,15.6,6.3,1038.89,227.41,4.2,No/Non-religious,Confident — I can understand it with some help,Yes,Yes,25.0,18-29,2_Medium,6,Multi-generational / extended
Portugal,Centre,25.0,25.0,10.0,6.0,8.0,12.0,5.0,10.0,5.0,12.0,8.0,12.0,10.0,11.384615384615385,4,Man,"University degree or higher (e.g. Bachelor's, Master's, PhD)","In paid employment or self-employment (including part-time work, temporary absence from work, or helping in a family business)",1.0,Urban,No,No,No,No,Mother tongue / Very well,Very confident — I can do these tasks easily on my own,Citizen of this country,I don't know,1,0,0,0,0,0,0,0,0,1,0,0,0,0,0,0,0,0,0,0,I rent the house where I live in (I pay rent every month),"Apartment or flat with less than 10 dwellings – a home in a building with other homes above, below or next to yours",1981-2000,No,No,No,No,No,I don't know,4,Likely,Yes,Not sure,0,1,0,1,0,0,0,2,8.1,1000.31,29.0,10.0,15.6,6.3,853.61,285.82,4.2,No/Non-religious,Very confident — I can understand it easily,No,Yes,30.0,30-44,1_Low,3,Lives alone
Germany,Hannover,4.0,1.0,1.0,2.0,2.0,1.0,1.0,1.0,1.0,1.0,1.0,1.0,1.0,1.3846153846153846,1,Man,"University degree or higher (e.g. Bachelor's, Master's, PhD)",Other,1.0,Rural,No,Yes,No,No,Mother tongue / Very well,Very confident — I can do these tasks easily on my own,Citizen of this country,I don't know,1,0,0,0,0,0,0,0,1,0,0,0,0,0,0,0,0,0,0,0,I own the house or flat where I live and I am paying if with a mortgage,"Apartment or flat with more than 10 dwellings – a home in a building with other homes above, below or next to yours",1961-1980,No,No,No,No,No,I don't know,3,Very unlikely,Yes,Yes,0,0,0,0,0,0,0,0,7.1,1043.92,16.0,5.5,5.7,11.2,1758.37,19.02,0.3,No/Non-religious,Very confident — I can understand it easily,Yes,No,61.0,45+,1_Low,4,Lives alone
Portugal,Centre,20.0,20.0,16.0,15.0,4.0,9.0,16.0,20.0,20.0,25.0,12.0,25.0,25.0,17.46153846153846,5,Man,"University degree or higher (e.g. Bachelor's, Master's, PhD)","In paid employment or self-employment (including part-time work, temporary absence from work, or helping in a family business)",5.0,Suburban,No,Prefer not to say,Yes or PNS,No,Mother tongue / Very well,Very confident — I can do these tasks easily on my own,Citizen of this country,A-B (high efficiency),0,1,1,0,0,0,0,0,0,1,0,1,0,0,0,0,0,0,0,0,I rent the house where I live in (I pay rent every month),"Apartment or flat with more than 10 dwellings – a home in a building with other homes above, below or next to yours",1981-2000,"Yes, once","Yes, once",No,No,I don't know,Yes,3,Not applicable,Not sure,Not applicable,0,1,0,1,0,0,1,3,8.1,1000.31,29.0,10.0,15.6,6.3,853.61,285.82,4.2,Prefer not to say,Confident — I can understand it with some help,No,No,44.0,30-44,3_High,3,Couple with children
Portugal,Centre,25.0,25.0,16.0,3.0,12.0,9.0,2.0,2.0,2.0,4.0,2.0,1.0,1.0,8.0,2,Woman or Non-binary,"University degree or higher (e.g. Bachelor's, Master's, PhD)","In paid employment or self-employment (including part-time work, temporary absence from work, or helping in a family business)",2.0,Suburban,No,No,No,No,Well or less proficient,Confident or less confident,Citizen of this country,I don't know,0,1,0,0,0,0,0,0,0,1,0,0,0,0,0,0,0,0,0,0,I rent the house where I live in (I pay rent every month),"Apartment or flat with less than 10 dwellings – a home in a building with other homes above, below or next to yours",2022 or after,No,No,No,No,Yes,Not applicable,5,Not applicable,Yes,Not applicable,0,1,0,1,1,1,0,4,8.1,1000.31,29.0,10.0,15.6,6.3,853.61,285.82,4.2,No/Non-religious,Very confident — I can understand it easily,Yes,Yes,30.0,30-44,2_Medium,4,"Couple, no children"
Germany,Brandenburg,8.0,4.0,1.0,9.0,4.0,1.0,1.0,9.0,4.0,9.0,4.0,4.0,4.0,4.769230769230769,1,Woman or Non-binary,Primary or Secondary education,"In paid employment or self-employment (including part-time work, temporary absence from work, or helping in a family business)",3.0,Rural,Prefer not to say,No,Yes or PNS,No,Well or less proficient,Very confident — I can do these tasks easily on my own,Citizen of this country,I don't know,0,0,0,0,1,0,0,0,0,1,0,1,0,0,0,0,0,0,0,0,"I live here without paying rent (for example, staying with relatives of friends)",Detached house – a house that stands alone and is not joined to any other,1981-2000,No,No,No,No,Yes,Not applicable,5,Not applicable,Not sure,Not applicable,1,0,0,0,0,0,0,1,7.1,1113.34,16.0,5.5,5.7,11.2,1875.22,14.89,0.3,No/Non-religious,Confident — I can understand it with some help,Yes,Yes,20.0,18-29,3_High,7,Multi-generational / extended
Portugal,Norte,16.0,16.0,4.0,6.0,3.0,9.0,16.0,16.0,4.0,9.0,4.0,4.0,16.0,9.461538461538462,3,Man,Primary or Secondary education,Unemployed (actively seeking work or available to start work),1.0,Rural,Yes,Prefer not to say,No,No,Mother tongue / Very well,Confident or less confident,Citizen of this country,I don't know,1,0,0,0,0,0,0,0,0,1,0,1,0,0,0,0,0,0,0,0,I rent the house where I live in (I pay rent every month),"Apartment or flat with less than 10 dwellings – a home in a building with other homes above, below or next to yours",I don't know,No,No,Yes,No,No,No,4,Unlikely,No,Not sure,1,1,1,0,0,1,0,4,8.1,914.3,29.0,10.0,15.6,6.3,1038.89,227.41,4.2,No/Non-religious,Confident — I can understand it with some help,No,No,64.0,45+,1_Low,1,Lives alone
Germany,Cologne,20.0,20.0,15.0,8.0,15.0,8.0,4.0,15.0,8.0,15.0,12.0,9.0,15.0,12.615384615384615,5,Man,Further education or training after school (not university),"In paid employment or self-employment (including part-time work, temporary absence from work, or helping in a family business)",5.0,Rural,No,No,No,No,Well or less proficient,Very confident — I can do these tasks easily on my own,Citizen of this country,E-G (poor efficiency),0,0,1,0,0,0,0,0,0,1,1,0,0,0,0,0,0,0,0,0,I own the house or flat where I live and I am paying if with a mortgage,Detached house – a house that stands alone and is not joined to any other,2001-2010,No,No,No,No,No,Yes,4,Not applicable,Yes,Not applicable,0,0,0,0,0,0,0,0,7.1,1045.22,16.0,5.5,5.7,11.2,1919.09,19.17,0.3,No/Non-religious,Confident — I can understand it with some help,Yes,Yes,38.0,30-44,3_High,6,Single parent
Portugal,Lisbon Metropolitan Area,12.0,12.0,12.0,8.0,15.0,6.0,9.0,8.0,4.0,10.0,10.0,20.0,12.0,10.615384615384615,4,Man,Primary or Secondary education,"Attending school, university, or other educational/training programmes",4.0,Urban,No,No,Yes or PNS,Yes,Well or less proficient,Confident or less confident,Citizen of this country,I don't know,0,0,0,0,0,0,0,1,0,0,0,1,0,0,0,0,0,0,0,0,I rent the house where I live in (I pay rent every month),"Apartment or flat with less than 10 dwellings – a home in a building with other homes above, below or next to yours",1961-1980,No,No,No,No,No,I don't know,3,Likely,Yes,Not sure,0,0,0,1,0,0,0,1,8.1,1000.31,29.0,10.0,15.6,6.3,446.16,91.69,4.2,No/Non-religious,Another person is in charge of reading and/or paying the energy bill.,Yes,Yes,30.0,30-44,1_Low,2,Other shared
Ireland,Northern and Western,20.0,20.0,4.0,16.0,4.0,16.0,16.0,25.0,16.0,4.0,4.0,16.0,4.0,12.692307692307692,5,Man,"University degree or higher (e.g. Bachelor's, Master's, PhD)","In paid employment or self-employment (including part-time work, temporary absence from work, or helping in a family business)",2.0,Urban,Prefer not to say,No,No,No,Mother tongue / Very well,Very confident — I can do these tasks easily on my own,Non-EU citizen,I don't know,0,0,0,0,0,0,0,1,0,1,0,0,0,0,0,0,0,0,0,0,I rent the house where I live in (I pay rent every month),"Apartment or flat with more than 10 dwellings – a home in a building with other homes above, below or next to yours",2011-2015,No,No,No,No,No,No,3,Likely,Not sure,Not sure,0,0,0,1,0,0,0,1,6.9,885.49,21.2,2.8,4.5,5.3,1818.53,0.0,0.2,No/Non-religious,Very confident — I can understand it easily,No,No,31.0,30-44,3_High,9,Other shared
Portugal,Lisbon Metropolitan Area,15.0,15.0,1.0,9.0,15.0,4.0,6.0,6.0,2.0,8.0,2.0,1.0,1.0,6.538461538461538,2,Man,Further education or training after school (not university),"In paid employment or self-employment (including part-time work, temporary absence from work, or helping in a family business)",4.0,Suburban,No,No,No,No,Well or less proficient,Very confident — I can do these tasks easily on my own,Citizen of this country,I don't know,0,0,0,0,1,0,1,0,0,1,1,0,0,0,0,0,1,0,0,0,I own the house or flat where I live and I do not pay a mortgage,"Apartment or flat with more than 10 dwellings – a home in a building with other homes above, below or next to yours",2001-2010,No,No,No,No,No,Yes,5,Not applicable,Yes,Not applicable,1,1,1,0,0,0,0,3,8.1,1000.31,29.0,10.0,15.6,6.3,446.16,91.69,4.2,No/Non-religious,Confident — I can understand it with some help,Yes,No,35.0,30-44,1_Low,7,Multi-generational / extended
Germany,Detmold,3.0,4.0,4.0,3.0,6.0,4.0,9.0,16.0,12.0,9.0,4.0,12.0,5.0,7.0,2,Woman or Non-binary,Further education or training after school (not university),"In paid employment or self-employment (including part-time work, temporary absence from work, or helping in a family business)",2.0,Suburban,No,No,No,No,Well or less proficient,Confident or less confident,Citizen of this country,A-B (high efficiency),0,1,0,0,0,0,0,0,0,1,0,0,0,1,0,0,0,0,0,0,I rent the house where I live in (I pay rent every month),"Apartment or flat with less than 10 dwellings – a home in a building with other homes above, below or next to yours",2022 or after,No,No,No,No,No,No,4,Very likely,Yes,Not sure,0,0,0,0,1,0,0,1,7.1,1000.51,16.0,5.5,5.7,11.2,1802.79,18.7,0.3,No/Non-religious,Not very confident or worse,Yes,No,27.0,18-29,2_Medium,9,"Couple, no children"
Portugal,Lisbon Metropolitan Area,9.0,8.0,8.0,9.0,6.0,9.0,6.0,12.0,12.0,12.0,9.0,9.0,9.0,9.076923076923077,3,Man,Primary or Secondary education,Unemployed (actively seeking work or available to start work),3.0,Suburban,Prefer not to say,No,No,No,Well or less proficient,Very confident — I can do these tasks easily on my own,Citizen of this country,I don't know,0,1,1,0,0,0,0,0,0,1,1,0,0,0,0,0,0,0,0,0,I own the house or flat where I live and I do not pay a mortgage,"Apartment or flat with less than 10 dwellings – a home in a building with other homes above, below or next to yours",1961-1980,No,No,No,No,No,I don't know,3,Likely,No,No,0,1,0,1,0,0,0,2,8.1,1000.31,29.0,10.0,15.6,6.3,446.16,91.69,4.2,No/Non-religious,Not very confident or worse,Yes,No,52.0,45+,1_Low,2,Couple with children
Portugal,Norte,9.0,4.0,1.0,1.0,9.0,9.0,25.0,25.0,16.0,12.0,12.0,12.0,12.0,11.307692307692308,4,Man,Further education or training after school (not university),"In paid employment or self-employment (including part-time work, temporary absence from work, or helping in a family business)",1.0,Suburban,No,No,No,No,Well or less proficient,Very confident — I can do these tasks easily on my own,Citizen of this country,I don't know,0,0,0,0,1,0,0,0,0,1,0,1,0,0,0,0,0,0,0,0,"I live here without paying rent (for example, staying with relatives of friends)","Apartment or flat with less than 10 dwellings – a home in a building with other homes above, below or next to yours",1981-2000,No,No,No,No,No,Yes,5,Not applicable,Yes,Not applicable,0,1,0,1,0,0,0,2,8.1,914.3,29.0,10.0,15.6,6.3,1038.89,227.41,4.2,No/Non-religious,Confident — I can understand it with some help,Yes,Yes,32.0,30-44,1_Low,3,Multi-generational / extended
Ireland,Eastern and Midland,12.0,12.0,20.0,16.0,9.0,20.0,20.0,12.0,15.0,15.0,15.0,20.0,15.0,15.461538461538462,5,Man,Primary or Secondary education,"In paid employment or self-employment (including part-time work, temporary absence from work, or helping in a family business)",4.0,Urban,Prefer not to say,No,No,No,Mother tongue / Very well,Very confident — I can do these tasks easily on my own,Non-EU citizen,I don't know,0,1,0,0,0,0,0,1,0,1,1,0,0,0,0,0,0,0,0,0,I rent the house where I live in (I pay rent every month),"Apartment or flat with more than 10 dwellings – a home in a building with other homes above, below or next to yours",I don't know,No,No,No,No,I don't know,I don't know,4,Likely,Not sure,Not sure,0,1,0,0,0,1,0,2,6.9,907.0,21.2,2.8,4.5,5.3,1820.78,0.0,0.2,No/Non-religious,Confident — I can understand it with some help,No,Yes,20.0,18-29,3_High,5,"Couple, no children"
Germany,Karlsruhe,20.0,20.0,6.0,3.0,6.0,1.0,6.0,2.0,2.0,12.0,1.0,25.0,6.0,8.461538461538462,3,Woman or Non-binary,"University degree or higher (e.g. Bachelor's, Master's, PhD)","In paid employment or self-employment (including part-time work, temporary absence from work, or helping in a family business)",3.0,Suburban,No,No,Yes or PNS,No,Mother tongue / Very well,Very confident — I can do these tasks easily on my own,Non-EU citizen,I don't know,0,0,1,0,0,0,0,0,0,1,1,0,0,0,0,0,0,0,0,0,I rent the house where I live in (I pay rent every month),Terraced house – a house that is part of a row of houses joined together,1981-2000,No,No,No,No,Yes,Not applicable,3,Not applicable,No,Not applicable,1,0,0,0,0,0,0,1,7.1,980.45,16.0,5.5,5.7,11.2,1828.77,45.16,0.3,No/Non-religious,Very confident — I can understand it easily,No,No,45.0,45+,3_High,7,Single parent
Germany,Cologne,9.0,1.0,2.0,1.0,6.0,20.0,15.0,1.0,1.0,1.0,1.0,1.0,1.0,4.615384615384615,1,Woman or Non-binary,"University degree or higher (e.g. Bachelor's, Master's, PhD)","In paid employment or self-employment (including part-time work, temporary absence from work, or helping in a family business)",6.0,Rural,No,Yes,No,No,Mother tongue / Very well,Confident or less confident,Citizen of this country,A-B (high efficiency),0,0,1,0,0,0,0,0,0,1,0,0,0,0,1,0,1,0,0,0,I own the house or flat where I live and I am paying if with a mortgage,Detached house – a house that stands alone and is not joined to any other,2001-2010,"Yes, once",No,No,No,No,Yes,4,Not applicable,Not sure,Not applicable,0,0,0,0,0,0,0,0,7.1,1045.22,16.0,5.5,5.7,11.2,1919.09,19.17,0.3,No/Non-religious,Not very confident or worse,Yes,Yes,62.0,45+,1_Low,3,Single parent
Portugal,Norte,6.0,12.0,9.0,9.0,16.0,9.0,12.0,12.0,9.0,16.0,9.0,6.0,12.0,10.538461538461538,4,Man,"University degree or higher (e.g. Bachelor's, Master's, PhD)","In paid employment or self-employment (including part-time work, temporary absence from work, or helping in a family business)",3.0,Urban,No,No,No,No,Mother tongue / Very well,Very confident — I can do these tasks easily on my own,Citizen of this country,I don't know,0,0,0,0,1,0,0,0,0,1,0,0,0,0,0,0,0,0,0,0,I own the house or flat where I live and I do not pay a mortgage,"Apartment or flat with more than 10 dwellings – a home in a building with other homes above, below or next to yours",1981-2000,No,No,No,No,No,I don't know,4,Somewhat likely,Not sure,Yes,0,0,0,0,1,0,0,1,8.1,914.3,29.0,10.0,15.6,6.3,1038.89,227.41,4.2,No/Non-religious,Confident — I can understand it with some help,Yes,No,23.0,18-29,1_Low,3,Multi-generational / extended
Portugal,Lisbon Metropolitan Area,1.0,1.0,1.0,9.0,9.0,6.0,1.0,16.0,1.0,1.0,1.0,1.0,1.0,3.769230769230769,1,Woman or Non-binary,"University degree or higher (e.g. Bachelor's, Master's, PhD)","In paid employment or self-employment (including part-time work, temporary absence from work, or helping in a family business)",1.0,Urban,No,No,No,Yes,Mother tongue / Very well,Very confident — I can do these tasks easily on my own,Citizen of this country,I don't know,0,0,1,0,0,0,0,0,0,1,1,0,0,0,0,0,0,0,0,0,I rent the house where I live in (I pay rent every month),"Apartment or flat with less than 10 dwellings – a home in a building with other homes above, below or next to yours",1961-1980,No,No,No,No,No,No,5,Likely,Yes,Not sure,1,1,0,0,0,1,1,4,8.1,1000.31,29.0,10.0,15.6,6.3,446.16,91.69,4.2,Yes,Not very confident or worse,Yes,Yes,36.0,30-44,2_Medium,3,Single parent
Ireland,Eastern and Midland,10.0,10.0,10.0,6.0,6.0,20.0,15.0,15.0,16.0,10.0,15.0,20.0,10.0,12.538461538461538,5,Woman or Non-binary,"University degree or higher (e.g. Bachelor's, Master's, PhD)","In paid employment or self-employment (including part-time work, temporary absence from work, or helping in a family business)",5.0,Urban,Yes,No,No,No,Well or less proficient,Very confident — I can do these tasks easily on my own,EU citizen from another country,I don't know,0,1,1,0,0,0,0,0,0,1,0,0,0,0,0,0,0,0,0,0,I rent the house where I live in (I pay rent every month),"Apartment or flat with more than 10 dwellings – a home in a building with other homes above, below or next to yours",I don't know,No,No,No,No,No,I don't know,5,Very unlikely,No,No,0,1,0,1,0,0,0,2,6.9,907.0,21.2,2.8,4.5,5.3,1820.78,0.0,0.2,No/Non-religious,Not very confident or worse,No,No,33.0,30-44,3_High,8,Couple with children
Ireland,Eastern and Midland,25.0,25.0,25.0,3.0,9.0,4.0,1.0,2.0,9.0,20.0,25.0,25.0,25.0,15.23076923076923,5,Woman or Non-binary,"University degree or higher (e.g. Bachelor's, Master's, PhD)","In paid employment or self-employment (including part-time work, temporary absence from work, or helping in a family business)",3.0,Rural,Yes,No,No,No,Mother tongue / Very well,Very confident — I can do these tasks easily on my own,Non-EU citizen,I don't know,0,1,0,0,0,0,0,0,0,1,0,0,0,0,0,0,0,0,0,0,I rent the house where I live in (I pay rent every month),Semi-detached house – a house joined to one other house,2016-2021,"Yes, twice or more","Yes, twice or more",No,No,Yes,Not applicable,5,Not applicable,Yes,Not applicable,0,1,0,1,0,0,0,2,6.9,907.0,21.2,2.8,4.5,5.3,1820.78,0.0,0.2,Yes,Very confident — I can understand it easily,No,Yes,36.0,30-44,3_High,8,"Couple, no children"
Portugal,Lisbon Metropolitan Area,16.0,12.0,9.0,6.0,12.0,12.0,9.0,12.0,9.0,12.0,9.0,12.0,16.0,11.23076923076923,4,Woman or Non-binary,"University degree or higher (e.g. Bachelor's, Master's, PhD)","Attending school, university, or other educational/training programmes",3.0,Suburban,Yes,Yes,Yes or PNS,Prefer not to say,Mother tongue / Very well,Confident or less confident,Citizen of this country,I don't know,0,0,0,0,1,0,0,0,0,1,1,0,0,0,0,0,0,0,0,0,"I live here without paying rent (for example, staying with relatives of friends)","Apartment or flat with less than 10 dwellings – a home in a building with other homes above, below or next to yours",1961-1980,No,"Yes, twice or more",No,No,Yes,Not applicable,4,Not applicable,Not sure,Not applicable,1,1,1,1,0,1,0,5,8.1,1000.31,29.0,10.0,15.6,6.3,446.16,91.69,4.2,Prefer not to say,Not very confident or worse,Yes,Yes,28.0,18-29,1_Low,2,Multi-generational / extended
Germany,Upper Bavaria,15.0,9.0,5.0,1.0,1.0,1.0,9.0,8.0,1.0,2.0,1.0,20.0,8.0,6.230769230769231,2,Woman or Non-binary,"University degree or higher (e.g. Bachelor's, Master's, PhD)","In paid employment or self-employment (including part-time work, temporary absence from work, or helping in a family business)",2.0,Suburban,No,No,No,No,Well or less proficient,Very confident — I can do these tasks easily on my own,Citizen of this country,I don't know,0,1,0,0,0,0,0,0,0,1,0,0,0,0,0,0,0,0,0,0,I rent the house where I live in (I pay rent every month),"Apartment or flat with less than 10 dwellings – a home in a building with other homes above, below or next to yours",2022 or after,No,No,No,No,No,No,5,Somewhat likely,Yes,Yes,0,0,0,0,0,0,0,0,7.1,1045.22,16.0,5.5,5.7,11.2,1919.09,19.17,0.3,No/Non-religious,Very confident — I can understand it easily,Yes,Yes,41.0,30-44,3_High,9,"Couple, no children"
Portugal,Algarve,8.0,6.0,8.0,8.0,2.0,6.0,6.0,6.0,8.0,15.0,6.0,6.0,8.0,7.153846153846154,2,Man,"University degree or higher (e.g. Bachelor's, Master's, PhD)","In paid employment or self-employment (including part-time work, temporary absence from work, or helping in a family business)",2.0,Urban,No,No,No,No,Well or less proficient,Confident or less confident,Citizen of this country,C (moderate),0,1,0,0,0,0,0,0,0,1,0,0,0,1,0,0,0,0,0,0,I own the house or flat where I live and I am paying if with a mortgage,Detached house – a house that stands alone and is not joined to any other,2016-2021,No,No,No,No,Yes,Not applicable,2,Not applicable,Yes,Not applicable,0,0,0,1,0,0,0,1,8.1,1069.73,29.0,10.0,15.6,6.3,458.96,285.54,4.2,No/Non-religious,Confident — I can understand it with some help,Yes,Yes,34.0,30-44,1_Low,1,"Couple, no children"
Portugal,Norte,12.0,10.0,2.0,4.0,8.0,8.0,9.0,4.0,4.0,6.0,4.0,9.0,9.0,6.846153846153846,2,Man,Primary or Secondary education,"Attending school, university, or other educational/training programmes",4.0,Suburban,No,Yes,No,No,Mother tongue / Very well,Very confident — I can do these tasks easily on my own,Citizen of this country,I don't know,0,0,0,0,1,0,1,0,0,1,0,0,0,0,0,0,0,0,0,0,I own the house or flat where I live and I am paying if with a mortgage,Detached house – a house that stands alone and is not joined to any other,2001-2010,No,No,No,No,Yes,Not applicable,4,Not applicable,Yes,Not applicable,0,0,1,0,0,0,0,1,8.1,914.3,29.0,10.0,15.6,6.3,1038.89,227.41,4.2,No/Non-religious,Confident — I can understand it with some help,Yes,Yes,18.0,18-29,1_Low,4,Multi-generational / extended
Germany,Brandenburg,16.0,9.0,8.0,4.0,8.0,16.0,6.0,20.0,3.0,15.0,4.0,8.0,15.0,10.153846153846153,4,Man,"University degree or higher (e.g. Bachelor's, Master's, PhD)","In paid employment or self-employment (including part-time work, temporary absence from work, or helping in a family business)",2.0,Suburban,No,No,No,No,Mother tongue / Very well,Very confident — I can do these tasks easily on my own,EU citizen from another country,I don't know,0,1,0,0,0,0,0,0,0,1,1,0,0,0,0,0,0,0,0,0,I rent the house where I live in (I pay rent every month),"Apartment or flat with less than 10 dwellings – a home in a building with other homes above, below or next to yours",1981-2000,No,No,No,No,No,No,5,Somewhat unlikely,Yes,Not sure,0,1,1,0,0,0,0,2,7.1,1113.34,16.0,5.5,5.7,11.2,1875.22,14.89,0.3,No/Non-religious,Confident — I can understand it with some help,No,No,36.0,30-44,2_Medium,6,"Couple, no children"
Portugal,Norte,25.0,25.0,12.0,12.0,12.0,20.0,10.0,9.0,4.0,6.0,6.0,4.0,8.0,11.76923076923077,4,Man,"University degree or higher (e.g. Bachelor's, Master's, PhD)","In paid employment or self-employment (including part-time work, temporary absence from work, or helping in a family business)",4.0,Urban,No,No,No,No,Mother tongue / Very well,Very confident — I can do these tasks easily on my own,Citizen of this country,I don't know,0,0,0,0,1,0,1,0,0,1,1,0,0,0,0,0,0,0,0,0,I own the house or flat where I live and I do not pay a mortgage,"Apartment or flat with less than 10 dwellings – a home in a building with other homes above, below or next to yours",1981-2000,No,No,No,No,No,No,4,Unlikely,Yes,Not sure,0,1,0,0,0,0,0,1,8.1,914.3,29.0,10.0,15.6,6.3,1038.89,227.41,4.2,No/Non-religious,Very confident — I can understand it easily,Yes,Yes,28.0,18-29,1_Low,3,Multi-generational / extended
Portugal,Centre,2.0,1.0,1.0,1.0,6.0,6.0,6.0,6.0,12.0,3.0,3.0,1.0,1.0,3.769230769230769,1,Man,"University degree or higher (e.g. Bachelor's, Master's, PhD)","Attending school, university, or other educational/training programmes",3.0,Urban,No,No,No,No,Well or less proficient,Very confident — I can do these tasks easily on my own,Citizen of this country,I don't know,0,0,0,0,1,0,1,0,0,0,1,0,0,0,0,0,0,0,0,0,I own the house or flat where I live and I do not pay a mortgage,"Apartment or flat with more than 10 dwellings – a home in a building with other homes above, below or next to yours",I don't know,No,No,No,No,No,No,5,Unlikely,Yes,Yes,0,1,0,0,0,0,0,1,8.1,1000.31,29.0,10.0,15.6,6.3,853.61,285.82,4.2,No/Non-religious,Very confident — I can understand it easily,Yes,Yes,25.0,18-29,1_Low,3,Multi-generational / extended
Portugal,Lisbon Metropolitan Area,12.0,12.0,10.0,6.0,15.0,9.0,15.0,9.0,10.0,5.0,8.0,8.0,10.0,9.923076923076923,3,Woman or Non-binary,"University degree or higher (e.g. Bachelor's, Master's, PhD)",Unemployed (actively seeking work or available to start work),2.0,Urban,No,No,No,No,Well or less proficient,Very confident — I can do these tasks easily on my own,Citizen of this country,D (below average),0,1,0,0,0,0,0,0,0,1,0,0,0,0,0,0,0,0,0,0,I own the house or flat where I live and I am paying if with a mortgage,"Apartment or flat with more than 10 dwellings – a home in a building with other homes above, below or next to yours",1961-1980,No,No,No,No,No,No,4,Very unlikely,Yes,No,0,1,0,0,0,0,0,1,8.1,1000.31,29.0,10.0,15.6,6.3,446.16,91.69,4.2,No/Non-religious,Another person is in charge of reading and/or paying the energy bill.,Yes,Yes,29.0,18-29,1_Low,5,"Couple, no children"
Ireland,Northern and Western,16.0,12.0,12.0,16.0,12.0,8.0,12.0,12.0,3.0,8.0,16.0,9.0,12.0,11.384615384615385,4,Man,Primary or Secondary education,"In paid employment or self-employment (including part-time work, temporary absence from work, or helping in a family business)",5.0,Urban,No,Yes,No,No,Mother tongue / Very well,Confident or less confident,Citizen of this country,I don't know,0,1,1,0,0,0,0,0,1,1,0,0,0,0,0,1,0,0,0,0,I own the house or flat where I live and I do not pay a mortgage,Semi-detached house – a house joined to one other house,1981-2000,No,"Yes, twice or more",No,No,Yes,Not applicable,4,Not applicable,No,Not applicable,0,0,1,1,0,0,0,2,6.9,885.49,21.2,2.8,4.5,5.3,1818.53,0.0,0.2,No/Non-religious,Very confident — I can understand it easily,Yes,Yes,63.0,45+,1_Low,4,Couple with children
Germany,Middle Franconia,8.0,8.0,8.0,6.0,9.0,12.0,8.0,8.0,8.0,9.0,12.0,8.0,8.0,8.615384615384615,3,Man,"University degree or higher (e.g. Bachelor's, Master's, PhD)","In paid employment or self-employment (including part-time work, temporary absence from work, or helping in a family business)",2.0,Urban,No,No,No,No,Mother tongue / Very well,Very confident — I can do these tasks easily on my own,Non-EU citizen,I don't know,0,1,0,0,0,0,0,0,0,1,1,0,0,0,0,0,0,0,0,0,I rent the house where I live in (I pay rent every month),"Apartment or flat with less than 10 dwellings – a home in a building with other homes above, below or next to yours",1945-1960,No,No,No,No,No,No,4,Very unlikely,Yes,Not sure,0,1,0,1,1,1,0,4,7.1,1045.22,16.0,5.5,5.7,11.2,1919.09,19.17,0.3,No/Non-religious,Confident — I can understand it with some help,No,No,33.0,30-44,1_Low,9,"Couple, no children"
Ireland,Northern and Western,20.0,25.0,12.0,1.0,15.0,1.0,8.0,1.0,8.0,4.0,4.0,4.0,5.0,8.307692307692308,2,,,,,,,,,,,,,D (below average),0,0,0,0,0,0,0,0,0,1,1,0,0,0,0,0,0,0,0,0,I rent the house where I live in (I pay rent every month),"Apartment or flat with less than 10 dwellings – a home in a building with other homes above, below or next to yours",1961-1980,No,No,No,No,Yes,Not applicable,3,Not applicable,Not sure,Not applicable,0,0,1,1,0,0,0,2,7.1,1045.22,16.0,5.5,5.7,11.2,1919.09,19.17,0.3,,,Yes,Yes,,30-44,2_Medium,6,Other shared
Germany,Bremen,12.0,6.0,5.0,9.0,12.0,4.0,1.0,1.0,1.0,1.0,1.0,3.0,8.0,4.923076923076923,1,Man,"University degree or higher (e.g. Bachelor's, Master's, PhD)","In paid employment or self-employment (including part-time work, temporary absence from work, or helping in a family business)",3.0,Urban,No,No,No,No,Mother tongue / Very well,Very confident — I can do these tasks easily on my own,EU citizen from another country,A-B (high efficiency),0,1,1,0,0,0,0,0,0,1,0,0,0,0,0,0,0,0,0,0,I rent the house where I live in (I pay rent every month),"Apartment or flat with less than 10 dwellings – a home in a building with other homes above, below or next to yours",2022 or after,No,No,No,No,Yes,Not applicable,4,Not applicable,Yes,Not applicable,0,0,0,1,0,0,0,1,6.9,885.49,21.2,2.8,4.5,5.3,1818.53,0.0,0.2,No/Non-religious,Very confident — I can understand it easily,No,No,35.0,30-44,3_High,5,Couple with children
Portugal,Norte,16.0,16.0,16.0,15.0,8.0,25.0,8.0,16.0,4.0,20.0,12.0,16.0,15.0,14.384615384615385,5,Man,Further education or training after school (not university),"In paid employment or self-employment (including part-time work, temporary absence from work, or helping in a family business)",2.0,Urban,No,No,No,No,Well or less proficient,Very confident — I can do these tasks easily on my own,Citizen of this country,E-G (poor efficiency),0,1,0,0,0,0,0,0,1,1,0,0,0,0,0,0,0,0,0,0,I own the house or flat where I live and I am paying if with a mortgage,Terraced house – a house that is part of a row of houses joined together,1961-1980,No,No,No,No,Yes,Not applicable,4,Not applicable,Yes,Not applicable,1,0,0,0,0,0,0,1,7.1,1054.27,16.0,5.5,5.7,11.2,1777.36,13.52,0.3,No/Non-religious,Very confident — I can understand it easily,No,No,39.0,30-44,3_High,9,"Couple, no children"
Portugal,Algarve,16.0,12.0,6.0,9.0,6.0,4.0,2.0,1.0,2.0,4.0,1.0,1.0,1.0,5.0,1,Man,"University degree or higher (e.g. Bachelor's, Master's, PhD)","In paid employment or self-employment (including part-time work, temporary absence from work, or helping in a family business)",2.0,Urban,No,No,No,Prefer not to say,Mother tongue / Very well,Very confident — I can do these tasks easily on my own,Citizen of this country,C (moderate),0,1,0,0,0,0,0,0,0,1,0,0,0,0,0,0,0,0,0,0,I own the house or flat where I live and I am paying if with a mortgage,"Apartment or flat with less than 10 dwellings – a home in a building with other homes above, below or next to yours",1981-2000,No,No,No,No,No,No,5,Likely,Yes,Yes,1,1,1,1,0,0,0,4,8.1,914.3,29.0,10.0,15.6,6.3,1038.89,227.41,4.2,No/Non-religious,Very confident — I can understand it easily,Yes,Yes,39.0,30-44,2_Medium,9,"Couple, no children"
Ireland,Northern and Western,12.0,8.0,6.0,20.0,15.0,8.0,12.0,12.0,16.0,10.0,10.0,15.0,16.0,12.307692307692308,5,Man,"University degree or higher (e.g. Bachelor's, Master's, PhD)","In paid employment or self-employment (including part-time work, temporary absence from work, or helping in a family business)",2.0,Suburban,No,No,No,No,Mother tongue / Very well,Very confident — I can do these tasks easily on my own,Citizen of this country,D (below average),0,1,0,0,0,0,0,0,0,1,0,0,0,0,0,0,0,0,0,0,I own the house or flat where I live and I am paying if with a mortgage,"Apartment or flat with less than 10 dwellings – a home in a building with other homes above, below or next to yours",2001-2010,No,No,No,No,No,Yes,4,Not applicable,Yes,Not applicable,1,1,0,1,0,1,1,5,8.1,1069.73,29.0,10.0,15.6,6.3,458.96,285.54,4.2,No/Non-religious,Confident — I can understand it with some help,No,No,31.0,30-44,1_Low,4,"Couple, no children"
Portugal,Norte,9.0,4.0,9.0,4.0,4.0,9.0,1.0,16.0,16.0,9.0,16.0,16.0,16.0,9.923076923076923,3,Man,Further education or training after school (not university),"In paid employment or self-employment (including part-time work, temporary absence from work, or helping in a family business)",5.0,Urban,No,Yes,No,No,Well or less proficient,Confident or less confident,Citizen of this country,A-B (high efficiency),0,0,0,0,1,0,0,0,0,1,0,0,0,0,0,0,0,0,0,0,I own the house or flat where I live and I am paying if with a mortgage,Semi-detached house – a house joined to one other house,2022 or after,No,"Yes, twice or more",No,No,Yes,Not applicable,5,Not applicable,Yes,Not applicable,0,0,0,0,1,0,0,1,6.9,885.49,21.2,2.8,4.5,5.3,1818.53,0.0,0.2,No/Non-religious,Confident — I can understand it with some help,No,No,21.0,18-29,3_High,7,Multi-generational / extended
Germany,Upper Bavaria,20.0,25.0,9.0,4.0,25.0,1.0,1.0,1.0,1.0,1.0,1.0,25.0,1.0,8.846153846153847,3,Woman or Non-binary,"University degree or higher (e.g. Bachelor's, Master's, PhD)","In paid employment or self-employment (including part-time work, temporary absence from work, or helping in a family business)",2.0,Suburban,No,No,No,No,Well or less proficient,Confident or less confident,Citizen of this country,I don't know,0,0,1,0,0,0,0,0,0,1,0,0,0,0,0,0,0,0,0,0,I own the house or flat where I live and I am paying if with a mortgage,"Apartment or flat with less than 10 dwellings – a home in a building with other homes above, below or next to yours",1981-2000,No,No,No,No,Yes,Not applicable,3,Not applicable,No,Not applicable,0,0,1,0,0,0,0,1,8.1,914.3,29.0,10.0,15.6,6.3,1038.89,227.41,4.2,No/Non-religious,Confident — I can understand it with some help,No,No,47.0,45+,1_Low,3,Single parent
Portugal,Lisbon Metropolitan Area,10.0,10.0,3.0,5.0,4.0,6.0,4.0,4.0,20.0,8.0,6.0,3.0,15.0,7.538461538461538,2,Woman or Non-binary,"University degree or higher (e.g. Bachelor's, Master's, PhD)","In paid employment or self-employment (including part-time work, temporary absence from work, or helping in a family business)",2.0,Urban,No,No,No,No,Mother tongue / Very well,Very confident — I can do these tasks easily on my own,Citizen of this country,I don't know,0,0,0,0,1,0,0,0,0,1,0,0,0,0,0,0,0,0,0,0,"I live here without paying rent (for example, staying with relatives of friends)","Apartment or flat with less than 10 dwellings – a home in a building with other homes above, below or next to yours",1961-1980,No,No,No,No,No,Yes,4,Not applicable,Yes,Not applicable,1,0,0,0,0,0,0,1,7.1,1045.22,16.0,5.5,5.7,11.2,1919.09,19.17,0.3,No/Non-religious,Very confident — I can understand it easily,No,No,29.0,18-29,3_High,5,Multi-generational / extended
Germany,Darmstadt,16.0,16.0,16.0,16.0,16.0,9.0,4.0,16.0,9.0,16.0,9.0,9.0,16.0,12.923076923076923,5,Woman or Non-binary,"University degree or higher (e.g. Bachelor's, Master's, PhD)","Attending school, university, or other educational/training programmes",4.0,Urban,No,No,No,No,Well or less proficient,Confident or less confident,Citizen of this country,C (moderate),0,0,0,0,0,0,0,0,0,1,1,0,0,0,0,0,0,0,0,0,I own the house or flat where I live and I do not pay a mortgage,"Apartment or flat with more than 10 dwellings – a home in a building with other homes above, below or next to yours",I don't know,No,No,No,No,Yes,Not applicable,3,Not applicable,Yes,Not applicable,0,1,0,0,0,0,0,1,8.1,1000.31,29.0,10.0,15.6,6.3,446.16,91.69,4.2,No/Non-religious,Confident — I can understand it with some help,No,No,23.0,18-29,1_Low,7,Other shared
Ireland,Eastern and Midland,25.0,25.0,16.0,9.0,16.0,4.0,9.0,4.0,1.0,2.0,4.0,9.0,4.0,9.846153846153847,3,Woman or Non-binary,"University degree or higher (e.g. Bachelor's, Master's, PhD)","In paid employment or self-employment (including part-time work, temporary absence from work, or helping in a family business)",2.0,Urban,Yes,No,No,No,Mother tongue / Very well,Very confident — I can do these tasks easily on my own,Non-EU citizen,A-B (high efficiency),0,1,0,0,0,0,0,0,0,1,0,0,0,0,0,0,0,0,0,0,I rent the house where I live in (I pay rent every month),"Apartment or flat with more than 10 dwellings – a home in a building with other homes above, below or next to yours",2016-2021,No,No,No,No,I don't know,No,3,Likely,Not sure,No,0,0,0,1,0,0,0,1,7.1,974.39,16.0,5.5,5.7,11.2,1727.78,48.24,0.3,Yes,Confident — I can understand it with some help,No,No,29.0,18-29,2_Medium,4,"Couple, no children"
Germany,Bremen,25.0,25.0,25.0,16.0,16.0,9.0,9.0,16.0,9.0,9.0,16.0,16.0,16.0,15.923076923076923,5,Woman or Non-binary,Primary or Secondary education,"In paid employment or self-employment (including part-time work, temporary absence from work, or helping in a family business)",4.0,Suburban,No,No,No,No,Mother tongue / Very well,Very confident — I can do these tasks easily on my own,Citizen of this country,C (moderate),0,0,1,0,0,0,0,0,0,1,1,0,0,0,0,0,0,0,0,0,I own the house or flat where I live and I am paying if with a mortgage,Semi-detached house – a house joined to one other house,2001-2010,No,No,No,No,No,I don't know,3,Likely,No,No,1,0,1,1,0,0,0,3,6.9,907.0,21.2,2.8,4.5,5.3,1820.78,0.0,0.2,No/Non-religious,Confident — I can understand it with some help,No,No,52.0,45+,3_High,6,Single parent
Germany,Hamburg,15.0,20.0,25.0,12.0,12.0,15.0,12.0,12.0,8.0,8.0,8.0,12.0,12.0,13.153846153846153,5,Man,"University degree or higher (e.g. Bachelor's, Master's, PhD)",Unemployed (actively seeking work or available to start work),2.0,Rural,No,No,No,No,Well or less proficient,Very confident — I can do these tasks easily on my own,Non-EU citizen,I don't know,0,0,1,0,0,0,0,0,0,1,1,0,0,0,0,0,1,0,0,0,I rent the house where I live in (I pay rent every month),"Apartment or flat with less than 10 dwellings – a home in a building with other homes above, below or next to yours",I don't know,No,No,No,Yes,I don't know,I don't know,5,Not sure,Not sure,Not sure,1,0,1,0,1,0,0,3,7.1,1054.27,16.0,5.5,5.7,11.2,1777.36,13.52,0.3,No/Non-religious,Not very confident or worse,No,No,45.0,45+,2_Medium,2,Single parent
Germany,Stuttgart,12.0,16.0,9.0,12.0,12.0,12.0,6.0,15.0,8.0,12.0,12.0,8.0,20.0,11.846153846153847,4,Woman or Non-binary,"University degree or higher (e.g. Bachelor's, Master's, PhD)",Unemployed (actively seeking work or available to start work),2.0,Urban,No,No,No,No,Mother tongue / Very well,Confident or less confident,Non-EU citizen,I don't know,0,0,1,0,0,0,0,0,0,1,0,0,0,0,0,0,0,0,0,1,I rent the house where I live in (I pay rent every month),"Apartment or flat with more than 10 dwellings – a home in a building with other homes above, below or next to yours",2022 or after,"Yes, twice or more","Yes, twice or more",No,No,Yes,Not applicable,5,Not applicable,Not sure,Not applicable,0,0,0,1,0,0,0,1,7.1,1001.55,16.0,5.5,5.7,11.2,1792.43,12.98,0.3,No/Non-religious,Confident — I can understand it with some help,No,No,49.0,45+,3_High,5,Single parent
Germany,Middle Franconia,9.0,12.0,9.0,9.0,9.0,12.0,16.0,9.0,9.0,9.0,4.0,9.0,9.0,9.615384615384615,3,Man,Primary or Secondary education,"In paid employment or self-employment (including part-time work, temporary absence from work, or helping in a family business)",4.0,Urban,No,No,No,No,Well or less proficient,Very confident — I can do these tasks easily on my own,Citizen of this country,C (moderate),0,1,1,0,0,0,0,0,1,0,0,0,1,0,0,0,0,0,0,0,I own the house or flat where I live and I do not pay a mortgage,Terraced house – a house that is part of a row of houses joined together,2011-2015,"Yes, once","Yes, once",No,No,Yes,Not applicable,5,Not applicable,Yes,Not applicable,1,0,0,0,0,0,0,1,7.1,938.1,16.0,5.5,5.7,11.2,1921.95,31.71,0.3,No/Non-religious,Very confident — I can understand it easily,Yes,Yes,25.0,18-29,1_Low,5,Couple with children
Portugal,Lisbon Metropolitan Area,20.0,15.0,4.0,25.0,16.0,25.0,25.0,16.0,25.0,16.0,25.0,25.0,25.0,20.153846153846153,5,Man,"University degree or higher (e.g. Bachelor's, Master's, PhD)","In paid employment or self-employment (including part-time work, temporary absence from work, or helping in a family business)",4.0,Suburban,No,No,No,No,Mother tongue / Very well,Very confident — I can do these tasks easily on my own,Citizen of this country,C (moderate),0,0,1,0,0,0,0,0,0,1,1,0,0,0,0,0,0,0,0,0,I own the house or flat where I live and I am paying if with a mortgage,Detached house – a house that stands alone and is not joined to any other,2016-2021,No,No,No,No,No,No,6,Somewhat likely,No,No,0,0,0,1,0,0,0,1,7.1,1045.22,16.0,5.5,5.7,11.2,1919.09,19.17,0.3,No/Non-religious,Very confident — I can understand it easily,No,No,41.0,30-44,3_High,7,Single parent
Portugal,Lisbon Metropolitan Area,6.0,4.0,2.0,1.0,6.0,9.0,9.0,1.0,2.0,1.0,1.0,1.0,1.0,3.3846153846153846,1,Woman or Non-binary,Further education or training after school (not university),"In paid employment or self-employment (including part-time work, temporary absence from work, or helping in a family business)",3.0,Suburban,No,Yes,Yes or PNS,No,Mother tongue / Very well,Very confident — I can do these tasks easily on my own,Citizen of this country,C (moderate),0,0,0,0,1,0,0,0,0,1,1,0,0,0,0,0,0,0,0,0,"I live here without paying rent (for example, staying with relatives of friends)","Apartment or flat with less than 10 dwellings – a home in a building with other homes above, below or next to yours",2001-2010,No,No,No,No,Yes,Not applicable,5,Not applicable,Yes,Not applicable,1,1,0,1,0,0,0,3,8.1,1000.31,29.0,10.0,15.6,6.3,446.16,91.69,4.2,No/Non-religious,Confident — I can understand it with some help,Yes,Yes,27.0,18-29,1_Low,2,Multi-generational / extended
Portugal,Alentejo,20.0,20.0,9.0,9.0,16.0,16.0,4.0,16.0,9.0,25.0,16.0,25.0,16.0,15.461538461538462,5,Man,"University degree or higher (e.g. Bachelor's, Master's, PhD)","Attending school, university, or other educational/training programmes",4.0,Suburban,No,No,No,No,Mother tongue / Very well,Very confident — I can do these tasks easily on my own,Citizen of this country,I don't know,0,0,1,0,1,0,0,0,0,1,0,0,0,0,0,0,0,0,0,0,"I live here without paying rent (for example, staying with relatives of friends)",Terraced house – a house that is part of a row of houses joined together,2001-2010,No,No,No,No,Yes,Not applicable,3,Not applicable,Yes,Not applicable,1,0,0,0,0,1,0,2,8.1,1000.31,29.0,10.0,15.6,6.3,446.16,91.69,4.2,No/Non-religious,Another person is in charge of reading and/or paying the energy bill.,Yes,Yes,26.0,18-29,1_Low,6,Single parent
Ireland,Northern and Western,25.0,25.0,15.0,2.0,15.0,5.0,12.0,12.0,5.0,16.0,15.0,16.0,15.0,13.692307692307692,5,Woman or Non-binary,"University degree or higher (e.g. Bachelor's, Master's, PhD)","In paid employment or self-employment (including part-time work, temporary absence from work, or helping in a family business)",2.0,Suburban,No,No,Yes or PNS,No,Mother tongue / Very well,Very confident — I can do these tasks easily on my own,EU citizen from another country,C (moderate),0,0,0,0,0,0,0,1,0,1,0,0,0,0,0,0,0,0,0,0,I rent the house where I live in (I pay rent every month),"Apartment or flat with less than 10 dwellings – a home in a building with other homes above, below or next to yours",1981-2000,No,No,No,No,No,No,4,Somewhat likely,Yes,No,1,1,1,1,0,0,0,4,8.1,1000.31,29.0,10.0,15.6,6.3,581.44,404.7500000000001,4.2,No/Non-religious,Not very confident or worse,No,Yes,29.0,18-29,1_Low,4,Other shared
Germany,Schleswig-Holstein,25.0,25.0,16.0,4.0,5.0,15.0,25.0,25.0,10.0,20.0,15.0,1.0,16.0,15.538461538461538,5,Woman or Non-binary,Primary or Secondary education,"In paid employment or self-employment (including part-time work, temporary absence from work, or helping in a family business)",1.0,Rural,No,No,No,No,Mother tongue / Very well,Very confident — I can do these tasks easily on my own,Citizen of this country,I don't know,1,0,0,0,0,0,0,0,1,1,0,0,0,0,0,0,0,0,0,0,I rent the house where I live in (I pay rent every month),Detached house – a house that stands alone and is not joined to any other,Before 1945,No,No,No,No,No,No,5,Very unlikely,No,Yes,1,1,1,0,0,0,1,4,6.9,885.49,21.2,2.8,4.5,5.3,1818.53,0.0,0.2,No/Non-religious,Very confident — I can understand it easily,No,No,32.0,30-44,1_Low,3,Lives alone
Germany,Schleswig-Holstein,20.0,4.0,16.0,3.0,20.0,4.0,8.0,2.0,2.0,8.0,1.0,16.0,12.0,8.923076923076923,3,Man,"University degree or higher (e.g. Bachelor's, Master's, PhD)",Unemployed (actively seeking work or available to start work),2.0,Suburban,No,No,No,No,Mother tongue / Very well,Very confident — I can do these tasks easily on my own,Citizen of this country,I don't know,0,0,0,0,1,0,0,0,0,0,1,0,0,0,0,0,0,0,0,0,I own the house or flat where I live and I do not pay a mortgage,Detached house – a house that stands alone and is not joined to any other,1981-2000,No,No,No,No,No,No,1,Very unlikely,No,Yes,0,0,0,1,0,1,0,2,7.1,1014.58,16.0,5.5,5.7,11.2,1883.8,3.69,0.3,No/Non-religious,Very confident — I can understand it easily,Yes,No,35.0,30-44,1_Low,6,Multi-generational / extended
Germany,Dresden,8.0,8.0,4.0,8.0,8.0,8.0,9.0,9.0,4.0,8.0,8.0,9.0,9.0,7.6923076923076925,2,Woman or Non-binary,"University degree or higher (e.g. Bachelor's, Master's, PhD)","In paid employment or self-employment (including part-time work, temporary absence from work, or helping in a family business)",5.0,Urban,Yes,Yes,No,No,Well or less proficient,Confident or less confident,EU citizen from another country,I don't know,0,0,1,1,1,0,0,0,1,1,0,0,0,0,0,0,0,0,0,0,I rent the house where I live in (I pay rent every month),Detached house – a house that stands alone and is not joined to any other,2016-2021,No,No,Yes,Yes,No,I don't know,4,Likely,Yes,No,0,1,0,1,0,0,0,2,7.1,1014.58,16.0,5.5,5.7,11.2,1883.8,3.69,0.3,Yes,Confident — I can understand it with some help,No,No,50.0,45+,2_Medium,5,Single parent
Germany,Düsseldorf,12.0,6.0,1.0,2.0,6.0,1.0,1.0,3.0,6.0,16.0,6.0,1.0,12.0,5.615384615384615,1,Woman or Non-binary,Primary or Secondary education,"In paid employment or self-employment (including part-time work, temporary absence from work, or helping in a family business)",3.0,Urban,No,No,Yes or PNS,No,Mother tongue / Very well,Very confident — I can do these tasks easily on my own,Citizen of this country,I don't know,0,0,0,0,1,0,0,0,0,1,0,0,0,0,0,0,0,0,0,1,"I live here without paying rent (for example, staying with relatives of friends)","Apartment or flat with less than 10 dwellings – a home in a building with other homes above, below or next to yours",1961-1980,No,No,No,No,No,I don't know,5,Somewhat likely,Yes,No,0,1,0,0,0,0,0,1,7.1,1076.21,16.0,5.5,5.7,11.2,2012.55,15.31,0.3,No/Non-religious,Not very confident or worse,Yes,Yes,22.0,18-29,2_Medium,6,Multi-generational / extended
Portugal,Lisbon Metropolitan Area,16.0,16.0,6.0,4.0,4.0,4.0,4.0,4.0,4.0,9.0,4.0,4.0,4.0,6.384615384615385,2,Man,Primary or Secondary education,"In paid employment or self-employment (including part-time work, temporary absence from work, or helping in a family business)",4.0,Urban,No,No,No,No,Well or less proficient,Very confident — I can do these tasks easily on my own,Citizen of this country,C (moderate),0,0,0,0,1,0,1,0,0,1,0,0,0,0,0,0,0,0,0,0,I rent the house where I live in (I pay rent every month),"Apartment or flat with more than 10 dwellings – a home in a building with other homes above, below or next to yours",1981-2000,No,No,No,No,No,I don't know,3,Somewhat likely,Yes,Not sure,1,1,1,1,0,0,0,4,7.1,1075.05,16.0,5.5,5.7,11.2,1540.0,38.40000000000001,0.3,Prefer not to say,Confident — I can understand it with some help,No,No,18.0,18-29,2_Medium,3,Multi-generational / extended
Germany,Bremen,16.0,12.0,10.0,4.0,25.0,2.0,1.0,1.0,6.0,1.0,1.0,1.0,2.0,6.3076923076923075,2,Woman or Non-binary,"University degree or higher (e.g. Bachelor's, Master's, PhD)","In paid employment or self-employment (including part-time work, temporary absence from work, or helping in a family business)",2.0,Suburban,Yes,No,Yes or PNS,No,Well or less proficient,Very confident — I can do these tasks easily on my own,Citizen of this country,I don't know,0,1,0,0,0,0,0,0,0,1,1,0,0,0,0,0,0,0,0,0,I own the house or flat where I live and I am paying if with a mortgage,"Apartment or flat with less than 10 dwellings – a home in a building with other homes above, below or next to yours",I don't know,No,No,No,Yes,Yes,Not applicable,4,Not applicable,Yes,Not applicable,1,1,0,0,0,1,0,3,8.1,1000.31,29.0,10.0,15.6,6.3,446.16,91.69,4.2,No/Non-religious,Confident — I can understand it with some help,No,No,34.0,30-44,1_Low,7,"Couple, no children"
Germany,Swabia,15.0,15.0,20.0,2.0,2.0,3.0,1.0,9.0,9.0,25.0,3.0,9.0,25.0,10.615384615384615,4,Man,Primary or Secondary education,Unemployed (actively seeking work or available to start work),1.0,Urban,No,Yes,No,No,Well or less proficient,Very confident — I can do these tasks easily on my own,Citizen of this country,I don't know,1,0,0,0,0,0,0,0,1,1,0,0,0,0,0,0,0,0,0,0,I rent the house where I live in (I pay rent every month),"Apartment or flat with less than 10 dwellings – a home in a building with other homes above, below or next to yours",1961-1980,No,No,Yes,Yes,No,No,3,Very unlikely,No,Yes,0,0,0,0,0,0,0,0,7.1,1054.27,16.0,5.5,5.7,11.2,1777.36,13.52,0.3,No/Non-religious,Confident — I can understand it with some help,No,Yes,41.0,30-44,1_Low,2,Lives alone
Germany,Düsseldorf,8.0,8.0,5.0,4.0,8.0,6.0,2.0,6.0,6.0,8.0,1.0,2.0,6.0,5.384615384615385,1,Woman or Non-binary,Primary or Secondary education,"Attending school, university, or other educational/training programmes",4.0,Rural,No,No,No,No,Well or less proficient,Very confident — I can do these tasks easily on my own,Citizen of this country,I don't know,0,0,0,0,1,1,1,0,1,1,0,0,0,0,0,0,0,0,0,0,I rent the house where I live in (I pay rent every month),Detached house – a house that stands alone and is not joined to any other,I don't know,No,No,No,No,Yes,Not applicable,5,Not applicable,No,Not applicable,1,1,1,1,0,0,0,4,7.1,1045.22,16.0,5.5,5.7,11.2,1919.09,19.17,0.3,No/Non-religious,Not very confident or worse,Yes,No,25.0,18-29,3_High,8,Multi-generational / extended
Germany,Upper Bavaria,2.0,4.0,6.0,4.0,9.0,4.0,9.0,12.0,6.0,2.0,4.0,2.0,1.0,5.0,1,Man,"University degree or higher (e.g. Bachelor's, Master's, PhD)","In paid employment or self-employment (including part-time work, temporary absence from work, or helping in a family business)",2.0,Urban,No,No,No,No,Well or less proficient,Very confident — I can do these tasks easily on my own,Citizen of this country,A-B (high efficiency),0,1,0,0,0,0,0,0,0,0,0,0,0,0,1,0,0,0,0,0,I rent the house where I live in (I pay rent every month),"Apartment or flat with more than 10 dwellings – a home in a building with other homes above, below or next to yours",2016-2021,No,No,No,No,No,No,5,Very likely,Yes,Yes,0,1,0,0,0,0,0,1,7.1,1075.05,16.0,5.5,5.7,11.2,1540.0,38.40000000000001,0.3,No/Non-religious,Confident — I can understand it with some help,Yes,Yes,26.0,18-29,2_Medium,9,"Couple, no children"
Germany,Düsseldorf,2.0,16.0,20.0,9.0,1.0,1.0,1.0,4.0,1.0,1.0,1.0,4.0,1.0,4.769230769230769,1,Man,Primary or Secondary education,"Attending school, university, or other educational/training programmes",4.0,Urban,No,No,No,No,Well or less proficient,Confident or less confident,Citizen of this country,I don't know,0,0,0,0,0,0,1,0,0,1,0,0,0,0,0,0,0,0,0,0,"I live here without paying rent (for example, staying with relatives of friends)","Apartment or flat with less than 10 dwellings – a home in a building with other homes above, below or next to yours",1961-1980,No,No,No,No,Yes,Not applicable,3,Not applicable,Yes,Not applicable,0,0,0,1,0,0,0,1,7.1,1045.22,16.0,5.5,5.7,11.2,1919.09,19.17,0.3,No/Non-religious,Another person is in charge of reading and/or paying the energy bill.,Yes,Yes,24.0,18-29,2_Medium,5,Multi-generational / extended
Germany,Berlin,25.0,25.0,5.0,9.0,10.0,5.0,8.0,8.0,4.0,5.0,8.0,12.0,9.0,10.23076923076923,4,Man,"University degree or higher (e.g. Bachelor's, Master's, PhD)","In paid employment or self-employment (including part-time work, temporary absence from work, or helping in a family business)",1.0,Urban,No,No,No,No,Well or less proficient,Very confident — I can do these tasks easily on my own,Citizen of this country,C (moderate),1,0,0,0,0,0,0,0,1,1,0,0,0,0,0,0,0,0,0,0,I rent the house where I live in (I pay rent every month),"Apartment or flat with more than 10 dwellings – a home in a building with other homes above, below or next to yours",1961-1980,No,No,No,No,No,No,3,Likely,Not sure,No,0,0,0,0,1,0,0,1,7.1,1075.05,16.0,5.5,5.7,11.2,1540.0,38.40000000000001,0.3,No/Non-religious,Very confident — I can understand it easily,Yes,Yes,44.0,30-44,1_Low,8,Lives alone
Portugal,Norte,25.0,25.0,15.0,25.0,20.0,20.0,20.0,25.0,4.0,9.0,4.0,9.0,20.0,17.0,5,Woman or Non-binary,"University degree or higher (e.g. Bachelor's, Master's, PhD)","In paid employment or self-employment (including part-time work, temporary absence from work, or helping in a family business)",1.0,Urban,Yes,No,No,No,Mother tongue / Very well,Confident or less confident,Citizen of this country,I don't know,1,0,0,0,0,0,0,0,0,1,0,0,0,0,0,0,1,0,0,0,I rent the house where I live in (I pay rent every month),"Apartment or flat with more than 10 dwellings – a home in a building with other homes above, below or next to yours",1961-1980,No,No,No,No,Yes,Not applicable,4,Not applicable,Yes,Not applicable,0,0,1,0,0,0,0,1,7.1,1007.25,16.0,5.5,5.7,11.2,1750.33,24.56,0.3,No/Non-religious,Confident — I can understand it with some help,No,No,31.0,30-44,1_Low,6,Lives alone
Germany,Düsseldorf,12.0,12.0,1.0,8.0,4.0,4.0,6.0,9.0,4.0,9.0,4.0,4.0,1.0,6.0,1,Woman or Non-binary,"University degree or higher (e.g. Bachelor's, Master's, PhD)","In paid employment or self-employment (including part-time work, temporary absence from work, or helping in a family business)",2.0,Urban,No,Yes,No,No,Mother tongue / Very well,Very confident — I can do these tasks easily on my own,Citizen of this country,C (moderate),0,1,0,0,0,0,0,0,0,1,1,0,0,0,0,0,0,0,1,0,I own the house or flat where I live and I am paying if with a mortgage,"Apartment or flat with less than 10 dwellings – a home in a building with other homes above, below or next to yours",1981-2000,No,No,No,No,Yes,Not applicable,5,Not applicable,Yes,Not applicable,0,1,0,1,0,0,0,2,8.1,914.3,29.0,10.0,15.6,6.3,1038.89,227.41,4.2,No/Non-religious,Confident — I can understand it with some help,No,No,26.0,18-29,2_Medium,2,"Couple, no children"
Ireland,Northern and Western,25.0,25.0,4.0,1.0,9.0,1.0,1.0,1.0,1.0,4.0,1.0,9.0,1.0,6.384615384615385,2,Man,"University degree or higher (e.g. Bachelor's, Master's, PhD)","In paid employment or self-employment (including part-time work, temporary absence from work, or helping in a family business)",1.0,Suburban,No,No,No,No,Well or less proficient,Very confident — I can do these tasks easily on my own,Citizen of this country,E-G (poor efficiency),1,0,0,0,0,0,0,0,0,1,1,0,0,0,0,0,0,0,0,0,I own the house or flat where I live and I am paying if with a mortgage,Semi-detached house – a house joined to one other house,2016-2021,No,No,No,No,Yes,Not applicable,4,Not applicable,No,Not applicable,1,0,0,0,0,1,0,2,7.1,1075.05,16.0,5.5,5.7,11.2,1540.0,38.40000000000001,0.3,No/Non-religious,Confident — I can understand it with some help,No,No,37.0,30-44,2_Medium,6,Lives alone
Germany,Cologne,15.0,5.0,2.0,1.0,1.0,1.0,1.0,1.0,9.0,1.0,1.0,9.0,1.0,3.6923076923076925,1,Woman or Non-binary,"University degree or higher (e.g. Bachelor's, Master's, PhD)","In paid employment or self-employment (including part-time work, temporary absence from work, or helping in a family business)",4.0,Urban,No,No,No,No,Mother tongue / Very well,Very confident — I can do these tasks easily on my own,Non-EU citizen,A-B (high efficiency),0,1,1,0,0,0,0,0,0,1,0,0,0,1,0,0,0,0,0,0,I own the house or flat where I live and I am paying if with a mortgage,Terraced house – a house that is part of a row of houses joined together,2022 or after,No,No,No,No,No,No,5,Likely,Yes,Yes,0,0,0,0,0,0,0,0,6.9,885.49,21.2,2.8,4.5,5.3,1818.53,0.0,0.2,No/Non-religious,Very confident — I can understand it easily,No,No,32.0,30-44,3_High,9,Couple with children
Germany,Stuttgart,16.0,4.0,4.0,16.0,12.0,16.0,12.0,16.0,12.0,8.0,12.0,12.0,9.0,11.461538461538462,4,Man,Primary or Secondary education,Other,1.0,Suburban,No,No,No,No,Well or less proficient,Confident or less confident,Citizen of this country,I don't know,1,0,0,0,0,0,0,0,0,1,1,0,0,0,0,0,0,0,0,0,I rent the house where I live in (I pay rent every month),Detached house – a house that stands alone and is not joined to any other,2016-2021,No,No,Yes,Yes,Yes,Not applicable,4,Not applicable,No,Not applicable,1,0,0,0,0,0,0,1,7.1,1045.22,16.0,5.5,5.7,11.2,1919.09,19.17,0.3,No/Non-religious,Very confident — I can understand it easily,Yes,Yes,75.0,45+,1_Low,2,Lives alone
Portugal,Lisbon Metropolitan Area,4.0,4.0,4.0,12.0,4.0,6.0,8.0,12.0,8.0,12.0,8.0,15.0,15.0,8.615384615384615,3,Woman or Non-binary,Further education or training after school (not university),"In paid employment or self-employment (including part-time work, temporary absence from work, or helping in a family business)",2.0,Urban,No,No,No,No,Well or less proficient,Very confident — I can do these tasks easily on my own,EU citizen from another country,C (moderate),0,1,0,0,0,0,0,0,1,1,0,0,0,0,0,0,0,0,0,0,I rent the house where I live in (I pay rent every month),"Apartment or flat with less than 10 dwellings – a home in a building with other homes above, below or next to yours",2011-2015,No,No,No,No,Yes,Not applicable,5,Not applicable,Yes,Not applicable,1,0,0,0,0,0,0,1,7.1,938.1,16.0,5.5,5.7,11.2,1921.95,31.71,0.3,No/Non-religious,Confident — I can understand it with some help,No,No,38.0,30-44,1_Low,5,"Couple, no children"
Germany,Darmstadt,9.0,12.0,12.0,6.0,4.0,6.0,6.0,6.0,6.0,4.0,2.0,3.0,6.0,6.3076923076923075,2,Woman or Non-binary,"University degree or higher (e.g. Bachelor's, Master's, PhD)","In paid employment or self-employment (including part-time work, temporary absence from work, or helping in a family business)",2.0,Suburban,No,No,No,No,Well or less proficient,Very confident — I can do these tasks easily on my own,Citizen of this country,E-G (poor efficiency),0,1,0,0,0,0,0,0,0,1,1,0,0,0,0,0,0,0,0,0,I own the house or flat where I live and I am paying if with a mortgage,"Apartment or flat with more than 10 dwellings – a home in a building with other homes above, below or next to yours",2001-2010,No,No,No,No,Yes,Not applicable,3,Not applicable,Yes,Not applicable,1,1,0,0,0,0,0,2,8.1,1000.31,29.0,10.0,15.6,6.3,446.16,91.69,4.2,No/Non-religious,Not very confident or worse,No,No,24.0,18-29,1_Low,5,"Couple, no children"
Portugal,Lisbon Metropolitan Area,20.0,20.0,15.0,20.0,16.0,25.0,10.0,8.0,3.0,15.0,12.0,15.0,10.0,14.538461538461538,5,Woman or Non-binary,"University degree or higher (e.g. Bachelor's, Master's, PhD)","In paid employment or self-employment (including part-time work, temporary absence from work, or helping in a family business)",3.0,Urban,Yes,No,No,No,Well or less proficient,Confident or less confident,Non-EU citizen,I don't know,0,1,1,0,0,0,0,0,0,1,0,0,0,0,0,0,0,0,0,0,I rent the house where I live in (I pay rent every month),"Apartment or flat with less than 10 dwellings – a home in a building with other homes above, below or next to yours",2016-2021,No,No,No,No,I don't know,No,4,Very likely,Not sure,Not sure,0,0,0,1,0,0,0,1,7.1,974.39,16.0,5.5,5.7,11.2,1727.78,48.24,0.3,No/Non-religious,Not very confident or worse,No,No,47.0,45+,3_High,4,Couple with children
Portugal,Lisbon Metropolitan Area,15.0,25.0,1.0,3.0,4.0,25.0,25.0,25.0,1.0,25.0,1.0,25.0,25.0,15.384615384615385,5,Woman or Non-binary,"University degree or higher (e.g. Bachelor's, Master's, PhD)","In paid employment or self-employment (including part-time work, temporary absence from work, or helping in a family business)",2.0,Urban,No,No,No,No,Mother tongue / Very well,Confident or less confident,Citizen of this country,I don't know,0,1,0,0,0,0,0,0,0,1,1,0,0,0,0,0,0,0,0,0,I own the house or flat where I live and I am paying if with a mortgage,"Apartment or flat with less than 10 dwellings – a home in a building with other homes above, below or next to yours",1981-2000,No,No,No,No,Yes,Not applicable,5,Not applicable,Yes,Not applicable,0,1,0,0,1,1,1,4,8.1,1000.31,29.0,10.0,15.6,6.3,446.16,91.69,4.2,No/Non-religious,Confident — I can understand it with some help,Yes,Yes,28.0,18-29,1_Low,4,"Couple, no children"
Germany,Lüneburg,15.0,15.0,6.0,15.0,15.0,15.0,8.0,15.0,15.0,12.0,9.0,6.0,6.0,11.692307692307692,4,Woman or Non-binary,Further education or training after school (not university),"In paid employment or self-employment (including part-time work, temporary absence from work, or helping in a family business)",3.0,Suburban,No,No,No,No,Well or less proficient,Very confident — I can do these tasks easily on my own,Citizen of this country,I don't know,0,1,1,0,0,0,0,0,0,1,0,0,0,0,0,0,0,0,1,0,I own the house or flat where I live and I am paying if with a mortgage,"Apartment or flat with less than 10 dwellings – a home in a building with other homes above, below or next to yours",2001-2010,No,No,No,No,Yes,Not applicable,5,Not applicable,Yes,Not applicable,0,0,0,0,1,0,0,1,8.1,1000.31,29.0,10.0,15.6,6.3,446.16,91.69,4.2,No/Non-religious,Confident — I can understand it with some help,No,No,37.0,30-44,2_Medium,2,Couple with children
Germany,Upper Bavaria,20.0,16.0,12.0,6.0,12.0,16.0,2.0,4.0,2.0,1.0,1.0,6.0,2.0,7.6923076923076925,2,Man,"University degree or higher (e.g. Bachelor's, Master's, PhD)",Unemployed (actively seeking work or available to start work),3.0,Suburban,No,No,No,No,Well or less proficient,Very confident — I can do these tasks easily on my own,Citizen of this country,I don't know,0,0,0,0,1,0,0,0,0,1,1,0,0,0,0,0,0,0,0,0,"I live here without paying rent (for example, staying with relatives of friends)",Detached house – a house that stands alone and is not joined to any other,1961-1980,No,No,No,No,Yes,Not applicable,5,Not applicable,Yes,Not applicable,0,0,0,0,0,0,0,0,7.1,1033.07,16.0,5.5,5.7,11.2,1832.41,10.61,0.3,No/Non-religious,Not very confident or worse,Yes,No,51.0,45+,1_Low,8,Multi-generational / extended
Germany,Rheinhessen-Palatinate,9.0,12.0,8.0,9.0,6.0,12.0,12.0,6.0,15.0,12.0,12.0,12.0,9.0,10.307692307692308,4,Man,Further education or training after school (not university),"In paid employment or self-employment (including part-time work, temporary absence from work, or helping in a family business)",1.0,Rural,No,No,No,No,Well or less proficient,Very confident — I can do these tasks easily on my own,Citizen of this country,I don't know,1,0,0,0,0,0,0,0,1,1,0,0,0,0,0,0,0,0,0,0,I own the house or flat where I live and I do not pay a mortgage,Detached house – a house that stands alone and is not joined to any other,1961-1980,No,No,No,No,No,Yes,4,Not applicable,Yes,Not applicable,1,0,0,0,0,0,0,1,7.1,1045.22,16.0,5.5,5.7,11.2,1919.09,19.17,0.3,No/Non-religious,Very confident — I can understand it easily,Yes,Yes,44.0,30-44,1_Low,4,Lives alone
Germany,Tübingen,15.0,15.0,8.0,4.0,15.0,16.0,8.0,6.0,3.0,4.0,3.0,16.0,20.0,10.23076923076923,4,Man,"University degree or higher (e.g. Bachelor's, Master's, PhD)","In paid employment or self-employment (including part-time work, temporary absence from work, or helping in a family business)",1.0,Suburban,No,No,No,No,Well or less proficient,Very confident — I can do these tasks easily on my own,Citizen of this country,C (moderate),1,0,0,0,0,0,0,0,1,1,0,0,0,0,0,0,0,0,0,0,I rent the house where I live in (I pay rent every month),"Apartment or flat with less than 10 dwellings – a home in a building with other homes above, below or next to yours",2016-2021,"Yes, once","Yes, once",No,No,Yes,Not applicable,3,Not applicable,Not sure,Not applicable,0,0,0,0,0,0,0,0,7.1,1045.22,16.0,5.5,5.7,11.2,1919.09,19.17,0.3,No/Non-religious,Confident — I can understand it with some help,Yes,Yes,26.0,18-29,2_Medium,6,Lives alone
Germany,Thuringia,15.0,15.0,20.0,2.0,4.0,4.0,1.0,6.0,1.0,12.0,2.0,4.0,8.0,7.230769230769231,2,Man,"University degree or higher (e.g. Bachelor's, Master's, PhD)","In paid employment or self-employment (including part-time work, temporary absence from work, or helping in a family business)",4.0,Suburban,No,No,No,No,Well or less proficient,Very confident — I can do these tasks easily on my own,Citizen of this country,I don't know,0,1,1,0,0,0,0,0,0,1,1,0,0,1,0,0,0,0,0,0,I own the house or flat where I live and I am paying if with a mortgage,"Apartment or flat with less than 10 dwellings – a home in a building with other homes above, below or next to yours",2001-2010,No,No,No,No,Yes,Not applicable,4,Not applicable,Yes,Not applicable,0,0,0,0,0,0,0,0,7.1,937.6,16.0,5.5,5.7,11.2,2180.2,10.11,0.3,No/Non-religious,Very confident — I can understand it easily,Yes,Yes,41.0,30-44,3_High,9,Couple with children
Germany,Darmstadt,9.0,12.0,4.0,6.0,12.0,16.0,12.0,16.0,8.0,8.0,12.0,16.0,8.0,10.692307692307692,4,Man,"University degree or higher (e.g. Bachelor's, Master's, PhD)","Attending school, university, or other educational/training programmes",3.0,Urban,No,No,No,No,Mother tongue / Very well,Confident or less confident,Citizen of this country,I don't know,0,1,0,0,0,0,0,1,0,1,0,0,0,0,0,0,0,0,1,0,I rent the house where I live in (I pay rent every month),Terraced house – a house that is part of a row of houses joined together,1961-1980,No,"Yes, once",No,No,Yes,Not applicable,4,Not applicable,Yes,Not applicable,1,0,0,1,1,0,0,3,7.1,1045.22,16.0,5.5,5.7,11.2,1919.09,19.17,0.3,No/Non-religious,Confident — I can understand it with some help,Yes,Yes,23.0,18-29,3_High,2,"Couple, no children"
Germany,Berlin,16.0,16.0,9.0,4.0,16.0,16.0,9.0,16.0,16.0,16.0,16.0,25.0,25.0,15.384615384615385,5,Man,Further education or training after school (not university),"In paid employment or self-employment (including part-time work, temporary absence from work, or helping in a family business)",1.0,Urban,No,Yes,No,No,Well or less proficient,Very confident — I can do these tasks easily on my own,Citizen of this country,I don't know,1,0,0,0,0,0,0,0,0,1,0,0,0,0,0,0,0,0,0,0,I rent the house where I live in (I pay rent every month),"Apartment or flat with more than 10 dwellings – a home in a building with other homes above, below or next to yours",2016-2021,No,No,No,No,No,No,4,Likely,Yes,Yes,0,0,0,0,0,0,0,0,7.1,974.39,16.0,5.5,5.7,11.2,1727.78,48.24,0.3,No/Non-religious,Confident — I can understand it with some help,No,Yes,38.0,30-44,2_Medium,8,Lives alone
Germany,Berlin,3.0,6.0,1.0,6.0,12.0,1.0,9.0,4.0,16.0,12.0,1.0,6.0,9.0,6.615384615384615,2,Man,"University degree or higher (e.g. Bachelor's, Master's, PhD)","In paid employment or self-employment (including part-time work, temporary absence from work, or helping in a family business)",2.0,Urban,No,No,Yes or PNS,No,Mother tongue / Very well,Very confident — I can do these tasks easily on my own,EU citizen from another country,I don't know,0,0,0,0,0,0,0,1,0,1,1,0,0,0,0,0,0,0,0,0,I rent the house where I live in (I pay rent every month),"Apartment or flat with more than 10 dwellings – a home in a building with other homes above, below or next to yours",I don't know,No,No,No,No,Yes,Not applicable,5,Not applicable,No,Not applicable,0,0,1,0,1,0,0,2,7.1,1007.25,16.0,5.5,5.7,11.2,1750.33,24.56,0.3,No/Non-religious,Not very confident or worse,No,No,30.0,30-44,3_High,6,Other shared
Germany,Düsseldorf,20.0,25.0,25.0,25.0,16.0,20.0,20.0,20.0,20.0,20.0,25.0,25.0,20.0,21.615384615384617,5,Man,"University degree or higher (e.g. Bachelor's, Master's, PhD)","In paid employment or self-employment (including part-time work, temporary absence from work, or helping in a family business)",1.0,Urban,Prefer not to say,No,No,No,Mother tongue / Very well,Very confident — I can do these tasks easily on my own,Citizen of this country,C (moderate),1,0,0,0,0,0,0,0,0,0,1,0,0,0,0,0,0,0,0,0,I rent the house where I live in (I pay rent every month),"Apartment or flat with less than 10 dwellings – a home in a building with other homes above, below or next to yours",1961-1980,No,No,No,No,Yes,Not applicable,5,Not applicable,Not sure,Not applicable,0,0,0,0,1,0,0,1,7.1,1007.25,16.0,5.5,5.7,11.2,1750.33,24.56,0.3,No/Non-religious,Very confident — I can understand it easily,No,No,34.0,30-44,1_Low,4,Lives alone
Portugal,Lisbon Metropolitan Area,20.0,20.0,16.0,9.0,12.0,12.0,12.0,12.0,2.0,12.0,3.0,2.0,6.0,10.615384615384615,4,Woman or Non-binary,"University degree or higher (e.g. Bachelor's, Master's, PhD)",Other,4.0,Urban,No,No,Yes or PNS,No,Well or less proficient,Very confident — I can do these tasks easily on my own,Non-EU citizen,A-B (high efficiency),0,1,1,0,0,0,0,0,0,1,1,0,0,1,0,0,0,0,0,0,I rent the house where I live in (I pay rent every month),"Apartment or flat with less than 10 dwellings – a home in a building with other homes above, below or next to yours",1945-1960,"Yes, twice or more","Yes, twice or more",Yes,No,Yes,Not applicable,5,Not applicable,No,Not applicable,1,1,1,1,0,0,0,4,7.1,1075.05,16.0,5.5,5.7,11.2,1540.0,38.40000000000001,0.3,No/Non-religious,Confident — I can understand it with some help,No,No,36.0,30-44,2_Medium,2,Couple with children
Germany,Upper Palatinate,15.0,20.0,25.0,3.0,9.0,15.0,4.0,20.0,5.0,8.0,5.0,9.0,12.0,11.538461538461538,4,Woman or Non-binary,"University degree or higher (e.g. Bachelor's, Master's, PhD)","In paid employment or self-employment (including part-time work, temporary absence from work, or helping in a family business)",2.0,Urban,Prefer not to say,Yes,Yes or PNS,No,Mother tongue / Very well,Very confident — I can do these tasks easily on my own,Non-EU citizen,I don't know,0,1,0,0,0,0,0,0,0,1,0,0,0,0,0,0,0,0,0,0,I rent the house where I live in (I pay rent every month),"Apartment or flat with more than 10 dwellings – a home in a building with other homes above, below or next to yours",1961-1980,No,No,Yes,No,No,No,5,Somewhat likely,No,Not sure,0,1,1,0,0,0,0,2,8.1,1000.31,29.0,10.0,15.6,6.3,446.16,91.69,4.2,No/Non-religious,Another person is in charge of reading and/or paying the energy bill.,No,No,36.0,30-44,2_Medium,6,"Couple, no children"
Germany,Cologne,12.0,12.0,8.0,12.0,6.0,12.0,1.0,16.0,8.0,9.0,6.0,9.0,4.0,8.846153846153847,3,Man,"University degree or higher (e.g. Bachelor's, Master's, PhD)",Unemployed (actively seeking work or available to start work),3.0,Urban,No,Yes,No,No,Well or less proficient,Very confident — I can do these tasks easily on my own,Non-EU citizen,I don't know,0,0,0,0,0,0,0,1,0,1,1,0,0,0,0,0,0,0,0,0,I rent the house where I live in (I pay rent every month),"Apartment or flat with more than 10 dwellings – a home in a building with other homes above, below or next to yours",I don't know,No,No,No,No,No,No,2,Likely,Not sure,No,1,0,0,1,0,0,0,2,7.1,1045.22,16.0,5.5,5.7,11.2,1919.09,19.17,0.3,Prefer not to say,Another person is in charge of reading and/or paying the energy bill.,No,No,25.0,18-29,3_High,1,Other shared
Germany,Lower Bavaria,16.0,20.0,4.0,1.0,12.0,12.0,1.0,6.0,2.0,4.0,6.0,9.0,16.0,8.384615384615385,2,Man,"University degree or higher (e.g. Bachelor's, Master's, PhD)","In paid employment or self-employment (including part-time work, temporary absence from work, or helping in a family business)",5.0,Urban,No,No,No,No,Mother tongue / Very well,Very confident — I can do these tasks easily on my own,Citizen of this country,I don't know,0,0,0,0,0,0,0,1,0,1,0,0,0,0,0,0,0,0,1,0,I rent the house where I live in (I pay rent every month),"Apartment or flat with less than 10 dwellings – a home in a building with other homes above, below or next to yours",2016-2021,No,No,No,No,No,I don't know,4,Likely,Not sure,Not sure,0,1,0,0,1,0,0,2,7.1,1045.22,16.0,5.5,5.7,11.2,1919.09,19.17,0.3,No/Non-religious,Confident — I can understand it with some help,Yes,Yes,28.0,18-29,3_High,9,Other shared
Portugal,Centre,12.0,12.0,4.0,9.0,9.0,16.0,9.0,12.0,16.0,6.0,6.0,16.0,12.0,10.692307692307692,4,Woman or Non-binary,"University degree or higher (e.g. Bachelor's, Master's, PhD)","In paid employment or self-employment (including part-time work, temporary absence from work, or helping in a family business)",2.0,Suburban,No,No,No,No,Mother tongue / Very well,Very confident — I can do these tasks easily on my own,Non-EU citizen,E-G (poor efficiency),0,1,0,0,0,0,0,0,0,1,1,0,0,0,0,0,0,0,0,0,I rent the house where I live in (I pay rent every month),Semi-detached house – a house joined to one other house,1945-1960,No,No,No,No,I don't know,No,4,Very likely,Yes,No,1,1,0,1,0,0,0,3,7.1,1045.22,16.0,5.5,5.7,11.2,1919.09,19.17,0.3,No/Non-religious,Confident — I can understand it with some help,No,No,39.0,30-44,3_High,8,"Couple, no children"
Portugal,Norte,20.0,20.0,6.0,12.0,12.0,8.0,12.0,8.0,12.0,15.0,10.0,8.0,10.0,11.76923076923077,4,Woman or Non-binary,"University degree or higher (e.g. Bachelor's, Master's, PhD)","In paid employment or self-employment (including part-time work, temporary absence from work, or helping in a family business)",2.0,Urban,No,No,Yes or PNS,No,Well or less proficient,Very confident — I can do these tasks easily on my own,Citizen of this country,A-B (high efficiency),0,1,0,0,0,0,0,0,0,1,0,0,0,0,0,0,0,0,0,0,I own the house or flat where I live and I do not pay a mortgage,"Apartment or flat with less than 10 dwellings – a home in a building with other homes above, below or next to yours",2001-2010,No,No,No,No,No,Yes,5,Not applicable,Yes,Not applicable,0,0,0,0,0,0,0,0,8.1,1000.31,29.0,10.0,15.6,6.3,853.61,285.82,4.2,No/Non-religious,Confident — I can understand it with some help,No,Yes,50.0,45+,1_Low,3,"Couple, no children"
Germany,Münster,25.0,25.0,1.0,20.0,25.0,9.0,5.0,9.0,9.0,4.0,4.0,16.0,12.0,12.615384615384615,5,Man,"University degree or higher (e.g. Bachelor's, Master's, PhD)","In paid employment or self-employment (including part-time work, temporary absence from work, or helping in a family business)",2.0,Urban,No,No,No,No,Mother tongue / Very well,Confident or less confident,Citizen of this country,I don't know,0,1,0,0,0,0,0,0,0,1,1,0,0,0,0,0,0,0,0,0,I own the house or flat where I live and I am paying if with a mortgage,"Apartment or flat with more than 10 dwellings – a home in a building with other homes above, below or next to yours",2022 or after,No,No,No,No,Yes,Not applicable,4,Not applicable,Yes,Not applicable,1,0,0,0,0,0,0,1,8.1,914.3,29.0,10.0,15.6,6.3,1038.89,227.41,4.2,No/Non-religious,Very confident — I can understand it easily,No,No,53.0,45+,1_Low,4,"Couple, no children"
Germany,Lower Bavaria,16.0,20.0,12.0,1.0,25.0,9.0,1.0,9.0,16.0,12.0,16.0,4.0,4.0,11.153846153846153,4,Man,"University degree or higher (e.g. Bachelor's, Master's, PhD)","In paid employment or self-employment (including part-time work, temporary absence from work, or helping in a family business)",3.0,Suburban,No,No,No,No,Mother tongue / Very well,Very confident — I can do these tasks easily on my own,Non-EU citizen,I don't know,0,1,1,0,0,0,0,0,0,1,1,0,0,0,0,0,0,0,0,0,I rent the house where I live in (I pay rent every month),Detached house – a house that stands alone and is not joined to any other,I don't know,No,No,No,No,No,Yes,3,Not applicable,Yes,Not applicable,0,1,0,0,0,0,0,1,7.1,1052.93,16.0,5.5,5.7,11.2,1659.33,23.99,0.3,No/Non-religious,Very confident — I can understand it easily,No,No,35.0,30-44,2_Medium,6,Couple with children
Ireland,Northern and Western,12.0,12.0,4.0,12.0,6.0,4.0,16.0,9.0,4.0,4.0,1.0,4.0,4.0,7.076923076923077,2,Woman or Non-binary,"University degree or higher (e.g. Bachelor's, Master's, PhD)","In paid employment or self-employment (including part-time work, temporary absence from work, or helping in a family business)",5.0,Rural,Prefer not to say,No,No,No,Mother tongue / Very well,Very confident — I can do these tasks easily on my own,Non-EU citizen,I don't know,0,1,0,0,0,0,0,1,0,1,1,0,0,0,0,0,0,0,0,0,I rent the house where I live in (I pay rent every month),Semi-detached house – a house joined to one other house,2016-2021,No,No,No,No,Yes,Not applicable,3,Not applicable,No,Not applicable,1,1,1,1,0,0,0,4,7.1,1045.22,16.0,5.5,5.7,11.2,1919.09,19.17,0.3,No/Non-religious,Confident — I can understand it with some help,No,Yes,26.0,18-29,3_High,2,"Couple, no children"
Portugal,Algarve,25.0,25.0,25.0,2.0,8.0,9.0,1.0,4.0,2.0,2.0,2.0,4.0,25.0,10.307692307692308,4,Woman or Non-binary,"University degree or higher (e.g. Bachelor's, Master's, PhD)","In paid employment or self-employment (including part-time work, temporary absence from work, or helping in a family business)",3.0,Rural,No,No,No,Yes,Mother tongue / Very well,Very confident — I can do these tasks easily on my own,Citizen of this country,A-B (high efficiency),0,1,1,0,0,0,0,0,1,1,0,0,0,0,0,0,1,0,0,0,I own the house or flat where I live and I do not pay a mortgage,Detached house – a house that stands alone and is not joined to any other,2001-2010,No,No,No,No,Yes,Not applicable,4,Not applicable,Yes,Not applicable,0,0,0,1,0,0,0,1,6.9,885.49,21.2,2.8,4.5,5.3,1818.53,0.0,0.2,No/Non-religious,Very confident — I can understand it easily,No,No,29.0,18-29,1_Low,9,Couple with children
Germany,Saarland,15.0,15.0,9.0,15.0,15.0,12.0,8.0,12.0,8.0,4.0,12.0,16.0,8.0,11.461538461538462,4,Woman or Non-binary,"University degree or higher (e.g. Bachelor's, Master's, PhD)","In paid employment or self-employment (including part-time work, temporary absence from work, or helping in a family business)",2.0,Suburban,No,No,No,No,Well or less proficient,Very confident — I can do these tasks easily on my own,Citizen of this country,A-B (high efficiency),0,0,1,0,0,0,0,0,0,1,0,0,0,1,0,0,0,0,0,0,I own the house or flat where I live and I am paying if with a mortgage,Semi-detached house – a house joined to one other house,1981-2000,No,No,No,No,Yes,Not applicable,5,Not applicable,Yes,Not applicable,0,0,0,1,1,1,0,3,8.1,1069.73,29.0,10.0,15.6,6.3,458.96,285.54,4.2,No/Non-religious,Confident — I can understand it with some help,No,No,46.0,45+,1_Low,2,Single parent
Germany,Hannover,12.0,16.0,8.0,3.0,1.0,3.0,1.0,4.0,1.0,12.0,1.0,12.0,6.0,6.153846153846154,2,Man,Primary or Secondary education,"In paid employment or self-employment (including part-time work, temporary absence from work, or helping in a family business)",3.0,Rural,No,No,No,No,Mother tongue / Very well,Very confident — I can do these tasks easily on my own,Citizen of this country,I don't know,0,0,0,0,1,0,0,0,1,1,0,1,0,0,0,0,0,0,0,0,"I live here without paying rent (for example, staying with relatives of friends)",Detached house – a house that stands alone and is not joined to any other,1981-2000,No,No,No,No,Yes,Not applicable,5,Not applicable,Yes,Not applicable,0,0,1,1,0,0,0,2,7.1,1123.41,16.0,5.5,5.7,11.2,1706.14,44.12,0.3,No/Non-religious,Confident — I can understand it with some help,Yes,Yes,28.0,18-29,2_Medium,7,Multi-generational / extended
Portugal,Algarve,15.0,15.0,15.0,3.0,9.0,1.0,1.0,1.0,1.0,1.0,4.0,1.0,20.0,6.6923076923076925,2,Woman or Non-binary,"University degree or higher (e.g. Bachelor's, Master's, PhD)","In paid employment or self-employment (including part-time work, temporary absence from work, or helping in a family business)",1.0,Urban,No,Yes,No,No,Mother tongue / Very well,Very confident — I can do these tasks easily on my own,Citizen of this country,I don't know,1,0,0,0,0,0,0,0,0,1,1,0,0,0,0,0,0,0,0,0,I rent the house where I live in (I pay rent every month),"Apartment or flat with more than 10 dwellings – a home in a building with other homes above, below or next to yours",1961-1980,No,No,No,No,Yes,Not applicable,5,Not applicable,No,Not applicable,1,1,1,0,0,0,0,3,7.1,1043.92,16.0,5.5,5.7,11.2,1758.37,19.02,0.3,No/Non-religious,Confident — I can understand it with some help,No,No,31.0,30-44,1_Low,2,Lives alone
Germany,Mecklenburg-Vorpommern,8.0,8.0,8.0,6.0,3.0,9.0,4.0,4.0,2.0,12.0,2.0,4.0,4.0,5.6923076923076925,1,Woman or Non-binary,Further education or training after school (not university),"In paid employment or self-employment (including part-time work, temporary absence from work, or helping in a family business)",3.0,Suburban,No,Yes,No,No,Well or less proficient,Confident or less confident,Citizen of this country,I don't know,0,1,0,1,0,1,0,0,0,1,0,0,0,0,0,0,0,0,0,0,I own the house or flat where I live and I am paying if with a mortgage,Detached house – a house that stands alone and is not joined to any other,1981-2000,No,No,No,No,No,Yes,5,Not applicable,Yes,Not applicable,0,1,1,0,0,1,0,3,8.1,1069.73,29.0,10.0,15.6,6.3,458.96,285.54,4.2,No/Non-religious,Confident — I can understand it with some help,No,No,69.0,45+,1_Low,3,Couple with children
Portugal,Algarve,12.0,12.0,8.0,6.0,6.0,16.0,8.0,6.0,3.0,20.0,8.0,3.0,12.0,9.23076923076923,3,Man,Further education or training after school (not university),"Attending school, university, or other educational/training programmes",2.0,Urban,No,No,No,No,Well or less proficient,Very confident — I can do these tasks easily on my own,Citizen of this country,I don't know,0,0,0,0,0,0,0,1,0,0,0,0,0,0,0,0,0,1,0,0,I rent the house where I live in (I pay rent every month),Terraced house – a house that is part of a row of houses joined together,I don't know,No,No,No,No,No,No,4,Somewhat likely,Yes,No,0,1,0,0,0,0,0,1,7.1,1125.56,16.0,5.5,5.7,11.2,1909.55,8.739999999999998,0.3,No/Non-religious,Confident — I can understand it with some help,No,No,25.0,18-29,1_Low,3,Other shared
Germany,Düsseldorf,16.0,12.0,10.0,4.0,15.0,12.0,5.0,12.0,4.0,8.0,9.0,8.0,8.0,9.461538461538462,3,Woman or Non-binary,"University degree or higher (e.g. Bachelor's, Master's, PhD)","In paid employment or self-employment (including part-time work, temporary absence from work, or helping in a family business)",2.0,Urban,No,No,No,No,Mother tongue / Very well,Very confident — I can do these tasks easily on my own,Citizen of this country,C (moderate),0,1,0,0,0,0,0,0,0,1,0,0,0,0,0,0,0,0,0,0,I own the house or flat where I live and I am paying if with a mortgage,"Apartment or flat with more than 10 dwellings – a home in a building with other homes above, below or next to yours",2011-2015,No,No,No,No,No,Yes,5,Not applicable,Yes,Not applicable,0,1,0,1,1,0,0,3,8.1,1069.73,29.0,10.0,15.6,6.3,458.96,285.54,4.2,No/Non-religious,Very confident — I can understand it easily,No,No,27.0,18-29,1_Low,5,"Couple, no children"
Germany,Bremen,8.0,6.0,1.0,4.0,4.0,12.0,4.0,4.0,6.0,6.0,1.0,4.0,1.0,4.6923076923076925,1,Man,"University degree or higher (e.g. Bachelor's, Master's, PhD)","In paid employment or self-employment (including part-time work, temporary absence from work, or helping in a family business)",2.0,Suburban,No,No,No,No,Mother tongue / Very well,Very confident — I can do these tasks easily on my own,Citizen of this country,I don't know,0,0,0,0,1,0,0,0,0,1,1,0,0,0,0,0,0,0,0,0,"I live here without paying rent (for example, staying with relatives of friends)",Semi-detached house – a house joined to one other house,1961-1980,No,No,No,No,No,I don't know,2,Somewhat unlikely,Yes,Not sure,0,0,1,1,0,0,0,2,7.1,1075.05,16.0,5.5,5.7,11.2,1540.0,38.40000000000001,0.3,No/Non-religious,Another person is in charge of reading and/or paying the energy bill.,Yes,Yes,37.0,30-44,2_Medium,3,Multi-generational / extended
Germany,Weser-Ems,6.0,1.0,5.0,2.0,10.0,6.0,5.0,8.0,5.0,2.0,3.0,12.0,15.0,6.153846153846154,2,Man,"University degree or higher (e.g. Bachelor's, Master's, PhD)","Attending school, university, or other educational/training programmes",4.0,Rural,No,No,No,No,Well or less proficient,Very confident — I can do these tasks easily on my own,Citizen of this country,C (moderate),0,0,0,0,1,0,1,0,0,1,0,0,0,0,0,0,0,0,0,0,"I live here without paying rent (for example, staying with relatives of friends)",Detached house – a house that stands alone and is not joined to any other,2001-2010,No,No,No,No,I don't know,I don't know,3,Unlikely,Yes,No,0,0,0,0,0,0,0,0,7.1,1054.27,16.0,5.5,5.7,11.2,1777.36,13.52,0.3,No/Non-religious,Very confident — I can understand it easily,Yes,Yes,24.0,18-29,2_Medium,7,Multi-generational / extended
Germany,Karlsruhe,6.0,16.0,12.0,6.0,12.0,6.0,6.0,6.0,9.0,9.0,16.0,6.0,4.0,8.76923076923077,3,Man,"University degree or higher (e.g. Bachelor's, Master's, PhD)","In paid employment or self-employment (including part-time work, temporary absence from work, or helping in a family business)",1.0,Urban,No,Yes,Yes or PNS,No,Mother tongue / Very well,Very confident — I can do these tasks easily on my own,Citizen of this country,I don't know,1,0,0,0,0,0,0,0,0,1,0,0,0,0,0,0,0,0,0,0,I rent the house where I live in (I pay rent every month),"Apartment or flat with more than 10 dwellings – a home in a building with other homes above, below or next to yours",1981-2000,No,No,Yes,No,No,No,3,Likely,No,Not sure,0,1,0,0,0,0,0,1,7.1,1034.17,16.0,5.5,5.7,11.2,1729.38,11.01,0.3,No/Non-religious,Confident — I can understand it with some help,Yes,No,28.0,18-29,1_Low,2,Lives alone
Germany,Münster,12.0,12.0,8.0,3.0,10.0,8.0,12.0,12.0,3.0,6.0,9.0,20.0,12.0,9.76923076923077,3,Woman or Non-binary,"University degree or higher (e.g. Bachelor's, Master's, PhD)","Attending school, university, or other educational/training programmes",2.0,Urban,No,No,No,No,Well or less proficient,Confident or less confident,Non-EU citizen,E-G (poor efficiency),0,1,0,0,0,0,0,0,0,1,0,0,0,0,0,0,0,0,0,0,I rent the house where I live in (I pay rent every month),"Apartment or flat with less than 10 dwellings – a home in a building with other homes above, below or next to yours",1981-2000,No,No,No,No,Yes,Not applicable,4,Not applicable,No,Not applicable,0,0,0,0,0,0,0,0,7.1,980.45,16.0,5.5,5.7,11.2,1828.77,45.16,0.3,No/Non-religious,Confident — I can understand it with some help,No,No,24.0,18-29,1_Low,2,"Couple, no children"
Germany,Middle Franconia,4.0,6.0,2.0,8.0,6.0,10.0,8.0,12.0,6.0,16.0,6.0,4.0,4.0,7.076923076923077,2,Man,Further education or training after school (not university),Other,1.0,Urban,No,Yes,No,No,Well or less proficient,Very confident — I can do these tasks easily on my own,Citizen of this country,I don't know,1,0,0,0,0,0,0,0,1,1,0,0,0,0,0,0,0,0,0,0,"I live here without paying rent (for example, staying with relatives of friends)","Apartment or flat with less than 10 dwellings – a home in a building with other homes above, below or next to yours",1981-2000,No,No,No,Yes,No,No,5,Very likely,No,Not sure,1,0,1,0,0,0,0,2,7.1,1052.93,16.0,5.5,5.7,11.2,1659.33,23.99,0.3,No/Non-religious,Very confident — I can understand it easily,Yes,Yes,34.0,30-44,1_Low,2,Lives alone
Germany,Darmstadt,25.0,25.0,25.0,3.0,1.0,1.0,1.0,1.0,2.0,9.0,2.0,3.0,5.0,7.923076923076923,2,Man,Further education or training after school (not university),"In paid employment or self-employment (including part-time work, temporary absence from work, or helping in a family business)",1.0,Urban,No,No,No,No,Well or less proficient,Confident or less confident,Citizen of this country,C (moderate),1,0,0,0,0,0,0,0,0,1,0,0,0,0,0,0,0,1,0,0,I own the house or flat where I live and I am paying if with a mortgage,"Apartment or flat with more than 10 dwellings – a home in a building with other homes above, below or next to yours",2001-2010,No,No,No,No,Yes,Not applicable,4,Not applicable,Yes,Not applicable,0,0,0,0,0,0,0,0,7.1,1045.22,16.0,5.5,5.7,11.2,1919.09,19.17,0.3,No/Non-religious,Very confident — I can understand it easily,Yes,No,29.0,18-29,2_Medium,6,Lives alone
Germany,Swabia,12.0,12.0,3.0,4.0,8.0,2.0,3.0,4.0,1.0,8.0,2.0,4.0,8.0,5.461538461538462,1,Man,Further education or training after school (not university),Other,1.0,Suburban,No,Yes,No,No,Mother tongue / Very well,Very confident — I can do these tasks easily on my own,Citizen of this country,A-B (high efficiency),1,0,0,0,0,0,0,0,0,0,0,0,0,0,0,0,0,0,0,1,I rent the house where I live in (I pay rent every month),"Apartment or flat with less than 10 dwellings – a home in a building with other homes above, below or next to yours",2011-2015,"Yes, twice or more",No,No,No,Yes,Not applicable,4,Not applicable,No,Not applicable,0,0,0,0,0,0,0,0,7.1,974.39,16.0,5.5,5.7,11.2,1727.78,48.24,0.3,No/Non-religious,Another person is in charge of reading and/or paying the energy bill.,Yes,Yes,35.0,30-44,2_Medium,5,Lives alone
Germany,Schleswig-Holstein,20.0,8.0,10.0,3.0,20.0,8.0,9.0,4.0,1.0,3.0,4.0,16.0,15.0,9.307692307692308,3,Man,"University degree or higher (e.g. Bachelor's, Master's, PhD)","In paid employment or self-employment (including part-time work, temporary absence from work, or helping in a family business)",1.0,Urban,No,No,No,Yes,Well or less proficient,Confident or less confident,Citizen of this country,I don't know,1,0,0,0,0,0,0,0,0,1,0,0,0,0,0,0,0,0,0,0,I rent the house where I live in (I pay rent every month),"Apartment or flat with more than 10 dwellings – a home in a building with other homes above, below or next to yours",1945-1960,No,No,No,No,No,No,3,Unlikely,Yes,No,0,1,1,0,0,0,0,2,7.1,1045.22,16.0,5.5,5.7,11.2,1919.09,19.17,0.3,No/Non-religious,Very confident — I can understand it easily,Yes,Yes,28.0,18-29,1_Low,4,Lives alone
Germany,Upper Bavaria,8.0,10.0,3.0,16.0,16.0,15.0,10.0,12.0,12.0,10.0,3.0,10.0,15.0,10.76923076923077,4,Man,Primary or Secondary education,"Attending school, university, or other educational/training programmes",5.0,Urban,Yes,No,No,No,Mother tongue / Very well,Very confident — I can do these tasks easily on my own,EU citizen from another country,I don't know,0,0,1,0,1,1,1,0,0,1,1,0,0,0,0,0,0,0,0,0,"I live here without paying rent (for example, staying with relatives of friends)",Detached house – a house that stands alone and is not joined to any other,2016-2021,No,No,Yes,Yes,No,I don't know,5,Likely,Yes,Yes,0,1,0,1,0,0,0,2,7.1,1014.58,16.0,5.5,5.7,11.2,1883.8,3.69,0.3,Yes,Confident — I can understand it with some help,No,No,19.0,18-29,2_Medium,7,Single parent
Germany,Lower Bavaria,12.0,25.0,10.0,9.0,4.0,16.0,8.0,5.0,5.0,9.0,8.0,8.0,10.0,9.923076923076923,3,Man,Further education or training after school (not university),"In paid employment or self-employment (including part-time work, temporary absence from work, or helping in a family business)",2.0,Urban,No,No,No,No,Mother tongue / Very well,Very confident — I can do these tasks easily on my own,Non-EU citizen,I don't know,0,1,0,0,0,0,0,0,0,1,0,0,0,0,0,0,0,0,0,0,I rent the house where I live in (I pay rent every month),"Apartment or flat with less than 10 dwellings – a home in a building with other homes above, below or next to yours",2016-2021,No,No,No,No,No,No,5,Somewhat likely,Yes,Not sure,1,0,0,0,0,0,0,1,7.1,1045.22,16.0,5.5,5.7,11.2,1919.09,19.17,0.3,No/Non-religious,Another person is in charge of reading and/or paying the energy bill.,Yes,No,24.0,18-29,3_High,9,"Couple, no children"
Germany,Darmstadt,6.0,12.0,2.0,9.0,6.0,6.0,3.0,4.0,4.0,6.0,2.0,2.0,6.0,5.230769230769231,1,Man,"University degree or higher (e.g. Bachelor's, Master's, PhD)","In paid employment or self-employment (including part-time work, temporary absence from work, or helping in a family business)",3.0,Rural,No,No,No,No,Well or less proficient,Very confident — I can do these tasks easily on my own,Citizen of this country,A-B (high efficiency),0,1,1,0,0,0,0,0,1,1,0,0,0,0,0,0,0,0,0,0,I rent the house where I live in (I pay rent every month),Detached house – a house that stands alone and is not joined to any other,1961-1980,No,No,No,No,No,Yes,3,Not applicable,Yes,Not applicable,0,0,0,1,0,0,0,1,7.1,1045.22,16.0,5.5,5.7,11.2,1919.09,19.17,0.3,Yes,Very confident — I can understand it easily,Yes,Yes,32.0,30-44,2_Medium,8,Couple with children
Germany,Cologne,16.0,16.0,16.0,16.0,16.0,25.0,10.0,9.0,9.0,9.0,6.0,12.0,12.0,13.23076923076923,5,Man,"University degree or higher (e.g. Bachelor's, Master's, PhD)","In paid employment or self-employment (including part-time work, temporary absence from work, or helping in a family business)",4.0,Urban,No,No,No,No,Well or less proficient,Confident or less confident,Citizen of this country,A-B (high efficiency),0,0,1,0,0,0,0,0,1,0,0,0,0,0,0,0,0,0,0,0,I own the house or flat where I live and I am paying if with a mortgage,"Apartment or flat with less than 10 dwellings – a home in a building with other homes above, below or next to yours",I don't know,No,No,No,No,No,No,3,Likely,Yes,Yes,0,1,0,0,0,0,0,1,7.1,974.39,16.0,5.5,5.7,11.2,1727.78,48.24,0.3,No/Non-religious,Very confident — I can understand it easily,No,Yes,37.0,30-44,3_High,9,Single parent
Germany,Thuringia,6.0,6.0,1.0,1.0,4.0,1.0,1.0,1.0,1.0,1.0,1.0,1.0,1.0,2.0,1,Man,"University degree or higher (e.g. Bachelor's, Master's, PhD)","In paid employment or self-employment (including part-time work, temporary absence from work, or helping in a family business)",2.0,Urban,No,No,No,No,Well or less proficient,Confident or less confident,Citizen of this country,D (below average),0,1,0,0,0,0,0,0,1,0,0,0,0,0,0,0,0,0,0,0,I rent the house where I live in (I pay rent every month),"Apartment or flat with less than 10 dwellings – a home in a building with other homes above, below or next to yours",2016-2021,No,No,No,No,Yes,Not applicable,3,Not applicable,Yes,Not applicable,0,0,1,0,0,0,0,1,7.1,1045.22,16.0,5.5,5.7,11.2,1919.09,19.17,0.3,No/Non-religious,Confident — I can understand it with some help,Yes,Yes,30.0,30-44,2_Medium,5,"Couple, no children"
Germany,Thuringia,1.0,4.0,1.0,1.0,12.0,9.0,6.0,16.0,6.0,8.0,8.0,15.0,8.0,7.3076923076923075,2,Man,"University degree or higher (e.g. Bachelor's, Master's, PhD)","In paid employment or self-employment (including part-time work, temporary absence from work, or helping in a family business)",5.0,Rural,No,Yes,No,No,Mother tongue / Very well,Very confident — I can do these tasks easily on my own,EU citizen from another country,A-B (high efficiency),0,0,1,0,0,0,0,0,0,1,0,0,0,1,1,0,0,0,0,0,I rent the house where I live in (I pay rent every month),"Apartment or flat with less than 10 dwellings – a home in a building with other homes above, below or next to yours",2022 or after,No,No,No,No,No,No,3,Unlikely,Yes,Yes,0,0,0,0,1,0,0,1,7.1,1045.22,16.0,5.5,5.7,11.2,1919.09,19.17,0.3,No/Non-religious,Very confident — I can understand it easily,No,No,43.0,30-44,2_Medium,9,Single parent
Germany,Mecklenburg-Vorpommern,12.0,4.0,4.0,3.0,15.0,6.0,6.0,4.0,3.0,4.0,3.0,9.0,6.0,6.076923076923077,1,Man,Further education or training after school (not university),"In paid employment or self-employment (including part-time work, temporary absence from work, or helping in a family business)",2.0,Urban,No,No,No,No,Well or less proficient,Very confident — I can do these tasks easily on my own,Citizen of this country,I don't know,0,1,0,0,0,0,0,0,0,1,1,0,0,0,0,0,0,0,0,0,I rent the house where I live in (I pay rent every month),"Apartment or flat with more than 10 dwellings – a home in a building with other homes above, below or next to yours",1961-1980,No,No,No,No,No,No,4,Very likely,Not sure,Not sure,0,1,0,0,1,0,0,2,7.1,1045.22,16.0,5.5,5.7,11.2,1919.09,19.17,0.3,No/Non-religious,Confident — I can understand it with some help,Yes,Yes,28.0,18-29,1_Low,6,"Couple, no children"
Germany,Cologne,8.0,8.0,5.0,10.0,15.0,12.0,6.0,12.0,6.0,6.0,12.0,4.0,15.0,9.153846153846153,3,Man,"University degree or higher (e.g. Bachelor's, Master's, PhD)","In paid employment or self-employment (including part-time work, temporary absence from work, or helping in a family business)",4.0,Suburban,No,No,No,Yes,Mother tongue / Very well,Very confident — I can do these tasks easily on my own,Citizen of this country,I don't know,0,0,0,0,0,0,0,1,0,0,0,0,0,0,0,0,0,1,0,0,I rent the house where I live in (I pay rent every month),"Apartment or flat with more than 10 dwellings – a home in a building with other homes above, below or next to yours",2001-2010,No,No,No,No,No,No,4,Likely,Yes,Not sure,1,1,0,1,0,0,0,3,7.1,1125.56,16.0,5.5,5.7,11.2,1909.55,8.739999999999998,0.3,No/Non-religious,Confident — I can understand it with some help,Yes,Yes,24.0,18-29,3_High,5,Other shared
Germany,Brandenburg,20.0,20.0,4.0,16.0,8.0,4.0,12.0,5.0,6.0,4.0,9.0,25.0,20.0,11.76923076923077,4,Man,"University degree or higher (e.g. Bachelor's, Master's, PhD)","In paid employment or self-employment (including part-time work, temporary absence from work, or helping in a family business)",4.0,Suburban,No,No,No,No,Mother tongue / Very well,Very confident — I can do these tasks easily on my own,Citizen of this country,E-G (poor efficiency),0,1,1,0,0,0,0,0,1,1,0,0,0,0,0,0,0,0,0,0,I rent the house where I live in (I pay rent every month),Semi-detached house – a house joined to one other house,1961-1980,No,No,No,No,Yes,Not applicable,4,Not applicable,Yes,Not applicable,0,0,0,1,0,0,0,1,7.1,1045.22,16.0,5.5,5.7,11.2,1919.09,19.17,0.3,No/Non-religious,Very confident — I can understand it easily,Yes,Yes,40.0,30-44,3_High,8,Couple with children
Germany,Düsseldorf,20.0,12.0,4.0,16.0,2.0,9.0,2.0,3.0,5.0,4.0,4.0,8.0,5.0,7.230769230769231,2,Man,Further education or training after school (not university),Other,2.0,Suburban,No,Yes,Yes or PNS,No,Mother tongue / Very well,Very confident — I can do these tasks easily on my own,EU citizen from another country,A-B (high efficiency),0,0,0,0,0,1,0,1,0,0,1,0,0,0,0,0,0,0,0,0,I rent the house where I live in (I pay rent every month),"Apartment or flat with less than 10 dwellings – a home in a building with other homes above, below or next to yours",1981-2000,No,No,No,No,No,Yes,4,Not applicable,Yes,Not applicable,0,0,0,1,0,0,0,1,7.1,1113.34,16.0,5.5,5.7,11.2,1875.22,14.89,0.3,Yes,Confident — I can understand it with some help,No,No,26.0,18-29,3_High,5,Other shared
Germany,Upper Bavaria,10.0,10.0,1.0,2.0,15.0,4.0,1.0,1.0,1.0,1.0,1.0,9.0,1.0,4.384615384615385,1,Woman or Non-binary,"University degree or higher (e.g. Bachelor's, Master's, PhD)","In paid employment or self-employment (including part-time work, temporary absence from work, or helping in a family business)",2.0,Suburban,No,No,No,No,Mother tongue / Very well,Very confident — I can do these tasks easily on my own,Citizen of this country,E-G (poor efficiency),0,1,0,0,0,0,0,0,0,1,1,0,0,0,0,0,1,0,0,0,I own the house or flat where I live and I am paying if with a mortgage,Detached house – a house that stands alone and is not joined to any other,1961-1980,No,No,No,No,Yes,Not applicable,4,Not applicable,Yes,Not applicable,1,0,0,1,0,0,0,2,7.1,1075.05,16.0,5.5,5.7,11.2,1540.0,38.40000000000001,0.3,No/Non-religious,Very confident — I can understand it easily,No,No,32.0,30-44,3_High,9,"Couple, no children"
Germany,Stuttgart,16.0,20.0,4.0,9.0,20.0,1.0,1.0,6.0,4.0,9.0,9.0,16.0,16.0,10.076923076923077,3,Man,"University degree or higher (e.g. Bachelor's, Master's, PhD)","In paid employment or self-employment (including part-time work, temporary absence from work, or helping in a family business)",2.0,Suburban,No,No,No,No,Mother tongue / Very well,Very confident — I can do these tasks easily on my own,Citizen of this country,I don't know,0,1,0,0,0,0,0,0,0,0,1,0,0,0,0,0,0,0,0,0,I rent the house where I live in (I pay rent every month),"Apartment or flat with more than 10 dwellings – a home in a building with other homes above, below or next to yours",1981-2000,No,No,No,No,No,No,5,Likely,No,Yes,0,0,0,0,0,0,0,0,7.1,1045.22,16.0,5.5,5.7,11.2,1919.09,19.17,0.3,No/Non-religious,Very confident — I can understand it easily,Yes,Yes,34.0,30-44,3_High,9,"Couple, no children"
Germany,Berlin,12.0,12.0,20.0,12.0,6.0,12.0,12.0,12.0,9.0,12.0,9.0,12.0,12.0,11.692307692307692,4,Man,Further education or training after school (not university),"In paid employment or self-employment (including part-time work, temporary absence from work, or helping in a family business)",1.0,Suburban,Yes,No,No,No,Well or less proficient,Very confident — I can do these tasks easily on my own,Citizen of this country,I don't know,1,0,0,0,0,0,0,0,0,1,1,0,0,0,0,0,0,0,0,0,I rent the house where I live in (I pay rent every month),"Apartment or flat with less than 10 dwellings – a home in a building with other homes above, below or next to yours",1961-1980,No,No,No,No,I don't know,Yes,4,Not applicable,No,Not applicable,1,0,1,1,0,0,0,3,7.1,938.1,16.0,5.5,5.7,11.2,1921.95,31.71,0.3,Yes,Very confident — I can understand it easily,No,No,27.0,18-29,1_Low,5,Lives alone
Germany,Saxony-Anhalt,6.0,20.0,12.0,1.0,20.0,25.0,1.0,20.0,1.0,8.0,20.0,15.0,25.0,13.384615384615385,5,Man,"University degree or higher (e.g. Bachelor's, Master's, PhD)",Unemployed (actively seeking work or available to start work),1.0,Urban,No,No,No,No,Well or less proficient,Very confident — I can do these tasks easily on my own,Non-EU citizen,I don't know,1,0,0,0,0,0,0,0,0,1,0,0,0,0,0,0,0,0,0,0,I rent the house where I live in (I pay rent every month),"Apartment or flat with more than 10 dwellings – a home in a building with other homes above, below or next to yours",2022 or after,No,No,Yes,No,No,No,4,Somewhat unlikely,Yes,No,0,0,0,0,0,0,0,0,7.1,1007.25,16.0,5.5,5.7,11.2,1750.33,24.56,0.3,No/Non-religious,Confident — I can understand it with some help,No,No,30.0,30-44,1_Low,2,Lives alone
Germany,Hamburg,5.0,5.0,3.0,10.0,5.0,25.0,20.0,9.0,15.0,25.0,25.0,25.0,25.0,15.153846153846153,5,Man,Further education or training after school (not university),"In paid employment or self-employment (including part-time work, temporary absence from work, or helping in a family business)",1.0,Rural,No,No,No,No,Well or less proficient,Very confident — I can do these tasks easily on my own,Citizen of this country,E-G (poor efficiency),1,0,0,0,0,0,0,0,0,1,1,0,0,0,0,0,0,0,0,0,I rent the house where I live in (I pay rent every month),"Apartment or flat with less than 10 dwellings – a home in a building with other homes above, below or next to yours",1961-1980,No,"Yes, once",No,No,No,No,4,Likely,No,No,1,0,1,1,0,0,0,3,7.1,1045.22,16.0,5.5,5.7,11.2,1919.09,19.17,0.3,No/Non-religious,Very confident — I can understand it easily,Yes,Yes,40.0,30-44,1_Low,3,Lives alone
Germany,Leipzig,16.0,25.0,10.0,15.0,10.0,8.0,5.0,8.0,16.0,20.0,10.0,25.0,20.0,14.461538461538462,5,Man,"University degree or higher (e.g. Bachelor's, Master's, PhD)","In paid employment or self-employment (including part-time work, temporary absence from work, or helping in a family business)",3.0,Urban,Yes,No,No,No,Mother tongue / Very well,Very confident — I can do these tasks easily on my own,Non-EU citizen,C (moderate),0,0,0,0,0,0,0,1,0,1,1,0,0,0,0,0,0,0,0,0,I rent the house where I live in (I pay rent every month),Detached house – a house that stands alone and is not joined to any other,1961-1980,"Yes, twice or more",No,No,No,Yes,Not applicable,3,Not applicable,Not sure,Not applicable,1,1,1,0,0,0,0,3,7.1,1001.55,16.0,5.5,5.7,11.2,1792.43,12.98,0.3,Yes,Very confident — I can understand it easily,No,No,37.0,30-44,2_Medium,6,Other shared
Germany,Düsseldorf,8.0,8.0,1.0,2.0,9.0,1.0,1.0,4.0,1.0,1.0,1.0,1.0,1.0,3.0,1,Man,"University degree or higher (e.g. Bachelor's, Master's, PhD)","In paid employment or self-employment (including part-time work, temporary absence from work, or helping in a family business)",2.0,Rural,No,No,Yes or PNS,No,Well or less proficient,Very confident — I can do these tasks easily on my own,Citizen of this country,I don't know,0,1,0,0,0,0,0,0,0,0,1,0,0,0,0,0,0,0,0,0,I rent the house where I live in (I pay rent every month),"Apartment or flat with less than 10 dwellings – a home in a building with other homes above, below or next to yours",1981-2000,No,No,No,No,Yes,Not applicable,5,Not applicable,Yes,Not applicable,0,1,1,0,0,0,0,2,7.1,1075.74,16.0,5.5,5.7,11.2,1855.38,19.36,0.3,No/Non-religious,Very confident — I can understand it easily,Yes,Yes,30.0,30-44,2_Medium,8,"Couple, no children"
Germany,Upper Franconia,9.0,16.0,8.0,15.0,2.0,9.0,4.0,9.0,15.0,9.0,8.0,5.0,4.0,8.692307692307692,3,Man,"University degree or higher (e.g. Bachelor's, Master's, PhD)","In paid employment or self-employment (including part-time work, temporary absence from work, or helping in a family business)",2.0,Urban,Yes,No,No,No,Mother tongue / Very well,Very confident — I can do these tasks easily on my own,EU citizen from another country,I don't know,0,1,0,0,0,0,0,0,0,1,1,0,0,0,0,0,0,0,0,0,I rent the house where I live in (I pay rent every month),"Apartment or flat with less than 10 dwellings – a home in a building with other homes above, below or next to yours",2016-2021,No,"Yes, once",No,No,I don't know,No,4,Very unlikely,No,No,0,0,0,0,0,0,0,0,7.1,1075.05,16.0,5.5,5.7,11.2,1540.0,38.40000000000001,0.3,No/Non-religious,Confident — I can understand it with some help,No,No,27.0,18-29,2_Medium,6,"Couple, no children"
Germany,Düsseldorf,12.0,12.0,4.0,9.0,12.0,12.0,9.0,6.0,8.0,4.0,4.0,6.0,16.0,8.76923076923077,3,Man,"University degree or higher (e.g. Bachelor's, Master's, PhD)","In paid employment or self-employment (including part-time work, temporary absence from work, or helping in a family business)",2.0,Suburban,No,No,No,No,Well or less proficient,Very confident — I can do these tasks easily on my own,Citizen of this country,D (below average),0,1,0,0,0,0,0,0,0,1,0,0,0,0,0,0,0,0,0,0,I own the house or flat where I live and I am paying if with a mortgage,"Apartment or flat with more than 10 dwellings – a home in a building with other homes above, below or next to yours",1981-2000,No,No,No,No,No,I don't know,4,Likely,Yes,Yes,0,0,0,0,0,0,0,0,7.1,1045.22,16.0,5.5,5.7,11.2,1919.09,19.17,0.3,No/Non-religious,Confident — I can understand it with some help,Yes,Yes,30.0,30-44,2_Medium,9,"Couple, no children"
Germany,Berlin,12.0,1.0,12.0,20.0,8.0,9.0,5.0,1.0,3.0,8.0,1.0,15.0,5.0,7.6923076923076925,2,Man,"University degree or higher (e.g. Bachelor's, Master's, PhD)","In paid employment or self-employment (including part-time work, temporary absence from work, or helping in a family business)",2.0,Suburban,No,No,No,No,Well or less proficient,Very confident — I can do these tasks easily on my own,Citizen of this country,I don't know,0,1,0,0,0,0,0,0,0,1,1,0,0,0,0,0,0,0,1,0,I rent the house where I live in (I pay rent every month),Detached house – a house that stands alone and is not joined to any other,1961-1980,No,No,No,No,I don't know,Yes,5,Not applicable,Not sure,Not applicable,1,0,1,1,0,0,0,3,7.1,1075.05,16.0,5.5,5.7,11.2,1540.0,38.40000000000001,0.3,No/Non-religious,Confident — I can understand it with some help,Yes,Yes,53.0,45+,3_High,5,"Couple, no children"
Germany,Mecklenburg-Vorpommern,9.0,12.0,12.0,1.0,2.0,2.0,6.0,2.0,1.0,6.0,4.0,1.0,4.0,4.769230769230769,1,Man,"University degree or higher (e.g. Bachelor's, Master's, PhD)","In paid employment or self-employment (including part-time work, temporary absence from work, or helping in a family business)",1.0,Urban,Yes,No,Yes or PNS,No,Mother tongue / Very well,Very confident — I can do these tasks easily on my own,Citizen of this country,I don't know,1,0,0,0,0,0,0,0,0,1,1,0,0,0,0,0,0,0,0,0,I rent the house where I live in (I pay rent every month),"Apartment or flat with more than 10 dwellings – a home in a building with other homes above, below or next to yours",1961-1980,No,No,No,No,Yes,Not applicable,3,Not applicable,Yes,Not applicable,0,0,0,0,0,0,0,0,7.1,1007.25,16.0,5.5,5.7,11.2,1750.33,24.56,0.3,No/Non-religious,Confident — I can understand it with some help,No,No,33.0,30-44,2_Medium,3,Lives alone
Germany,Stuttgart,16.0,9.0,12.0,4.0,12.0,16.0,12.0,4.0,4.0,4.0,8.0,6.0,10.0,9.0,3,Man,Further education or training after school (not university),"In paid employment or self-employment (including part-time work, temporary absence from work, or helping in a family business)",2.0,Urban,No,No,Yes or PNS,No,Well or less proficient,Very confident — I can do these tasks easily on my own,Citizen of this country,I don't know,0,1,0,0,0,0,0,0,0,1,0,0,0,0,0,0,0,0,0,0,I rent the house where I live in (I pay rent every month),"Apartment or flat with less than 10 dwellings – a home in a building with other homes above, below or next to yours",2001-2010,"Yes, once",No,Yes,Yes,No,No,4,Likely,No,Yes,1,1,0,0,1,0,0,3,7.1,1125.56,16.0,5.5,5.7,11.2,1909.55,8.739999999999998,0.3,No/Non-religious,Not very confident or worse,Yes,Yes,26.0,18-29,1_Low,3,"Couple, no children"
Germany,Bremen,20.0,25.0,15.0,2.0,12.0,25.0,6.0,2.0,1.0,2.0,9.0,16.0,8.0,11.0,4,Man,"University degree or higher (e.g. Bachelor's, Master's, PhD)","In paid employment or self-employment (including part-time work, temporary absence from work, or helping in a family business)",2.0,Urban,Yes,No,No,No,Mother tongue / Very well,Very confident — I can do these tasks easily on my own,Citizen of this country,I don't know,0,1,0,0,0,0,0,0,0,1,1,0,0,0,0,0,0,0,0,0,I rent the house where I live in (I pay rent every month),Detached house – a house that stands alone and is not joined to any other,1981-2000,No,No,No,No,No,No,5,Very likely,Yes,Not sure,1,0,0,0,0,1,0,2,7.1,938.1,16.0,5.5,5.7,11.2,1921.95,31.71,0.3,Yes,Confident — I can understand it with some help,No,No,41.0,30-44,2_Medium,7,"Couple, no children"
Germany,Upper Bavaria,25.0,12.0,9.0,10.0,12.0,12.0,6.0,12.0,2.0,6.0,8.0,12.0,20.0,11.23076923076923,4,Man,Further education or training after school (not university),"In paid employment or self-employment (including part-time work, temporary absence from work, or helping in a family business)",2.0,Suburban,Yes,No,No,No,Well or less proficient,Very confident — I can do these tasks easily on my own,Citizen of this country,C (moderate),0,1,0,0,0,0,0,0,0,0,0,0,0,0,0,0,0,0,0,1,I rent the house where I live in (I pay rent every month),"Apartment or flat with less than 10 dwellings – a home in a building with other homes above, below or next to yours",2011-2015,No,No,No,No,No,No,4,Somewhat unlikely,No,No,1,0,0,0,0,0,1,2,7.1,1054.27,16.0,5.5,5.7,11.2,1777.36,13.52,0.3,No/Non-religious,Confident — I can understand it with some help,Yes,Yes,22.0,18-29,1_Low,3,"Couple, no children"
Germany,Cologne,12.0,12.0,5.0,2.0,16.0,12.0,8.0,12.0,12.0,8.0,12.0,15.0,15.0,10.846153846153847,4,Man,Primary or Secondary education,"Attending school, university, or other educational/training programmes",2.0,Urban,Yes,No,Yes or PNS,Yes,Mother tongue / Very well,Very confident — I can do these tasks easily on my own,Citizen of this country,I don't know,0,0,0,0,0,0,0,1,1,1,0,0,0,0,0,0,0,0,0,0,"I live here without paying rent (for example, staying with relatives of friends)","Apartment or flat with less than 10 dwellings – a home in a building with other homes above, below or next to yours",2001-2010,No,No,No,Yes,No,Yes,4,Not applicable,No,Not applicable,0,1,1,0,0,0,0,2,7.1,1045.22,16.0,5.5,5.7,11.2,1919.09,19.17,0.3,No/Non-religious,Very confident — I can understand it easily,Yes,Yes,21.0,18-29,3_High,3,Other shared
Germany,Düsseldorf,25.0,25.0,9.0,3.0,10.0,1.0,10.0,5.0,10.0,5.0,2.0,5.0,5.0,8.846153846153847,3,Man,"University degree or higher (e.g. Bachelor's, Master's, PhD)","In paid employment or self-employment (including part-time work, temporary absence from work, or helping in a family business)",2.0,Suburban,No,No,No,No,Well or less proficient,Very confident — I can do these tasks easily on my own,Citizen of this country,A-B (high efficiency),0,1,0,0,0,0,0,0,0,1,0,0,0,0,0,0,0,0,0,0,I rent the house where I live in (I pay rent every month),"Apartment or flat with less than 10 dwellings – a home in a building with other homes above, below or next to yours",2016-2021,No,No,No,No,Yes,Not applicable,5,Not applicable,Yes,Not applicable,0,0,0,0,0,0,0,0,7.1,1045.22,16.0,5.5,5.7,11.2,1919.09,19.17,0.3,No/Non-religious,Very confident — I can understand it easily,Yes,Yes,36.0,30-44,2_Medium,9,"Couple, no children"
Germany,Cologne,15.0,16.0,20.0,2.0,1.0,1.0,4.0,1.0,1.0,20.0,1.0,16.0,16.0,8.76923076923077,3,Woman or Non-binary,Further education or training after school (not university),Other,3.0,Suburban,No,No,No,No,Well or less proficient,Very confident — I can do these tasks easily on my own,Citizen of this country,I don't know,0,1,1,0,0,0,0,0,0,0,0,0,0,0,0,0,0,0,0,0,I own the house or flat where I live and I do not pay a mortgage,Terraced house – a house that is part of a row of houses joined together,Before 1945,No,No,No,Yes,Yes,Not applicable,5,Not applicable,Yes,Not applicable,1,0,0,0,1,0,0,2,7.1,1075.05,16.0,5.5,5.7,11.2,1540.0,38.40000000000001,0.3,No/Non-religious,Not very confident or worse,Yes,Yes,34.0,30-44,3_High,6,Couple with children
Germany,Dresden,12.0,16.0,15.0,8.0,16.0,9.0,9.0,12.0,12.0,12.0,12.0,16.0,12.0,12.384615384615385,5,Man,"University degree or higher (e.g. Bachelor's, Master's, PhD)",Unemployed (actively seeking work or available to start work),2.0,Suburban,Yes,No,No,No,Mother tongue / Very well,Confident or less confident,Citizen of this country,I don't know,0,0,0,0,1,0,0,0,1,0,0,0,0,0,0,0,0,0,0,0,"I live here without paying rent (for example, staying with relatives of friends)","Apartment or flat with more than 10 dwellings – a home in a building with other homes above, below or next to yours",1961-1980,No,No,No,No,No,No,5,Not sure,No,No,1,1,0,0,0,0,0,2,7.1,1045.22,16.0,5.5,5.7,11.2,1919.09,19.17,0.3,No/Non-religious,Another person is in charge of reading and/or paying the energy bill.,Yes,Yes,39.0,30-44,1_Low,2,Multi-generational / extended
Germany,Karlsruhe,20.0,20.0,12.0,4.0,20.0,3.0,20.0,3.0,25.0,3.0,3.0,20.0,20.0,13.307692307692308,5,Man,Further education or training after school (not university),"In paid employment or self-employment (including part-time work, temporary absence from work, or helping in a family business)",2.0,Urban,No,No,No,No,Well or less proficient,Confident or less confident,Citizen of this country,I don't know,0,1,0,0,0,0,0,0,1,0,0,0,0,0,0,0,0,0,0,0,I rent the house where I live in (I pay rent every month),"Apartment or flat with less than 10 dwellings – a home in a building with other homes above, below or next to yours",1981-2000,No,No,No,No,No,Yes,4,Not applicable,Yes,Not applicable,0,0,1,0,0,0,0,1,7.1,1076.21,16.0,5.5,5.7,11.2,2012.55,15.31,0.3,No/Non-religious,Confident — I can understand it with some help,Yes,Yes,34.0,30-44,2_Medium,9,"Couple, no children"
Germany,Thuringia,9.0,16.0,8.0,1.0,2.0,1.0,9.0,4.0,6.0,2.0,1.0,1.0,1.0,4.6923076923076925,1,Man,"University degree or higher (e.g. Bachelor's, Master's, PhD)","In paid employment or self-employment (including part-time work, temporary absence from work, or helping in a family business)",4.0,Suburban,No,No,No,No,Well or less proficient,Very confident — I can do these tasks easily on my own,Non-EU citizen,I don't know,0,1,1,0,0,0,0,0,0,0,1,0,0,0,0,0,0,0,0,0,I rent the house where I live in (I pay rent every month),Semi-detached house – a house joined to one other house,2001-2010,No,No,No,No,No,No,4,Unlikely,Yes,Yes,0,0,1,1,0,0,0,2,7.1,980.45,16.0,5.5,5.7,11.2,1828.77,45.16,0.3,No/Non-religious,Confident — I can understand it with some help,No,No,49.0,45+,3_High,9,Couple with children
Germany,Berlin,20.0,16.0,16.0,8.0,12.0,1.0,2.0,9.0,2.0,6.0,3.0,12.0,16.0,9.461538461538462,3,Man,Further education or training after school (not university),"Attending school, university, or other educational/training programmes",2.0,Suburban,No,No,No,No,Well or less proficient,Very confident — I can do these tasks easily on my own,Citizen of this country,A-B (high efficiency),0,0,0,0,1,0,0,0,0,1,1,0,0,0,0,0,0,0,0,0,I rent the house where I live in (I pay rent every month),"Apartment or flat with less than 10 dwellings – a home in a building with other homes above, below or next to yours",1961-1980,No,No,No,No,No,No,2,Somewhat likely,Not sure,Yes,0,0,0,0,0,0,0,0,7.1,1045.22,16.0,5.5,5.7,11.2,1919.09,19.17,0.3,No/Non-religious,Very confident — I can understand it easily,Yes,Yes,22.0,18-29,2_Medium,5,Multi-generational / extended
Germany,Düsseldorf,20.0,20.0,9.0,4.0,8.0,9.0,1.0,15.0,8.0,4.0,10.0,16.0,2.0,9.692307692307692,3,Man,"University degree or higher (e.g. Bachelor's, Master's, PhD)","In paid employment or self-employment (including part-time work, temporary absence from work, or helping in a family business)",2.0,Urban,Yes,No,No,No,Well or less proficient,Very confident — I can do these tasks easily on my own,Citizen of this country,A-B (high efficiency),0,1,0,0,0,0,0,0,0,1,0,0,0,0,0,0,0,0,0,0,I rent the house where I live in (I pay rent every month),"Apartment or flat with more than 10 dwellings – a home in a building with other homes above, below or next to yours",2022 or after,No,No,Yes,No,Yes,Not applicable,5,Not applicable,Not sure,Not applicable,0,0,1,1,0,0,0,2,7.1,1007.25,16.0,5.5,5.7,11.2,1750.33,24.56,0.3,No/Non-religious,Confident — I can understand it with some help,Yes,No,28.0,18-29,1_Low,7,"Couple, no children"
Germany,Berlin,20.0,20.0,16.0,1.0,16.0,16.0,4.0,9.0,16.0,1.0,16.0,16.0,16.0,12.846153846153847,5,Woman or Non-binary,"University degree or higher (e.g. Bachelor's, Master's, PhD)","In paid employment or self-employment (including part-time work, temporary absence from work, or helping in a family business)",1.0,Suburban,No,No,No,No,Mother tongue / Very well,Confident or less confident,Citizen of this country,I don't know,1,0,0,0,0,0,0,0,0,0,1,0,0,0,0,0,0,0,0,0,I rent the house where I live in (I pay rent every month),"Apartment or flat with more than 10 dwellings – a home in a building with other homes above, below or next to yours",1961-1980,No,No,No,No,No,Yes,4,Not applicable,No,Not applicable,1,0,0,0,0,0,0,1,7.1,1075.05,16.0,5.5,5.7,11.2,1540.0,38.40000000000001,0.3,No/Non-religious,Very confident — I can understand it easily,Yes,Yes,26.0,18-29,1_Low,2,Lives alone
Germany,Düsseldorf,10.0,10.0,10.0,15.0,15.0,10.0,15.0,15.0,15.0,10.0,10.0,15.0,10.0,12.307692307692308,5,Woman or Non-binary,"University degree or higher (e.g. Bachelor's, Master's, PhD)","In paid employment or self-employment (including part-time work, temporary absence from work, or helping in a family business)",2.0,Urban,Prefer not to say,No,No,No,Well or less proficient,Very confident — I can do these tasks easily on my own,Non-EU citizen,E-G (poor efficiency),0,1,0,0,0,0,0,0,1,1,0,0,0,0,0,1,0,0,0,0,I rent the house where I live in (I pay rent every month),"Apartment or flat with less than 10 dwellings – a home in a building with other homes above, below or next to yours",1945-1960,No,No,No,No,Yes,Not applicable,3,Not applicable,Yes,Not applicable,1,0,1,1,0,0,0,3,7.1,1007.25,16.0,5.5,5.7,11.2,1750.33,24.56,0.3,No/Non-religious,Not very confident or worse,No,No,29.0,18-29,2_Medium,7,"Couple, no children"
Germany,Düsseldorf,12.0,20.0,9.0,12.0,9.0,9.0,4.0,4.0,9.0,9.0,9.0,9.0,9.0,9.538461538461538,3,Woman or Non-binary,Primary or Secondary education,"In paid employment or self-employment (including part-time work, temporary absence from work, or helping in a family business)",2.0,Urban,No,No,No,No,Mother tongue / Very well,Very confident — I can do these tasks easily on my own,Non-EU citizen,I don't know,0,1,0,0,0,0,0,0,0,1,0,0,0,0,0,0,0,0,0,0,I rent the house where I live in (I pay rent every month),"Apartment or flat with less than 10 dwellings – a home in a building with other homes above, below or next to yours",2016-2021,No,No,No,No,No,No,3,Somewhat likely,Not sure,Not sure,0,0,0,1,0,0,0,1,7.1,1075.05,16.0,5.5,5.7,11.2,1540.0,38.40000000000001,0.3,No/Non-religious,Not very confident or worse,No,No,32.0,30-44,3_High,7,"Couple, no children"
Germany,Cologne,16.0,16.0,16.0,4.0,9.0,1.0,1.0,25.0,9.0,4.0,1.0,16.0,1.0,9.153846153846153,3,Man,"University degree or higher (e.g. Bachelor's, Master's, PhD)","In paid employment or self-employment (including part-time work, temporary absence from work, or helping in a family business)",2.0,Urban,No,No,No,No,Well or less proficient,Confident or less confident,Citizen of this country,C (moderate),0,1,0,0,0,0,0,0,0,1,1,0,0,0,0,0,0,0,0,0,I rent the house where I live in (I pay rent every month),"Apartment or flat with less than 10 dwellings – a home in a building with other homes above, below or next to yours",1981-2000,No,No,No,No,No,No,5,Likely,Yes,No,1,1,0,1,0,0,1,4,7.1,1075.05,16.0,5.5,5.7,11.2,1540.0,38.40000000000001,0.3,No/Non-religious,Confident — I can understand it with some help,Yes,No,35.0,30-44,2_Medium,9,"Couple, no children"
Germany,Schleswig-Holstein,16.0,16.0,9.0,8.0,16.0,4.0,4.0,4.0,4.0,4.0,4.0,4.0,4.0,7.461538461538462,2,Man,Primary or Secondary education,"In paid employment or self-employment (including part-time work, temporary absence from work, or helping in a family business)",2.0,Suburban,No,No,No,No,Well or less proficient,Very confident — I can do these tasks easily on my own,Citizen of this country,I don't know,0,1,0,0,0,0,0,0,0,0,1,0,0,0,0,0,0,0,0,0,I rent the house where I live in (I pay rent every month),"Apartment or flat with less than 10 dwellings – a home in a building with other homes above, below or next to yours",I don't know,"Yes, once","Yes, once",No,No,No,Yes,3,Not applicable,No,Not applicable,0,0,0,1,0,0,0,1,7.1,1045.22,16.0,5.5,5.7,11.2,1919.09,19.17,0.3,No/Non-religious,Very confident — I can understand it easily,Yes,Yes,25.0,18-29,2_Medium,3,"Couple, no children"
Germany,Berlin,25.0,25.0,9.0,16.0,25.0,4.0,4.0,4.0,1.0,4.0,9.0,25.0,4.0,11.923076923076923,4,Man,"University degree or higher (e.g. Bachelor's, Master's, PhD)","In paid employment or self-employment (including part-time work, temporary absence from work, or helping in a family business)",4.0,Rural,No,No,No,No,Well or less proficient,Confident or less confident,Citizen of this country,A-B (high efficiency),0,1,1,0,0,0,0,0,0,0,0,0,0,0,0,0,1,0,0,0,I rent the house where I live in (I pay rent every month),Semi-detached house – a house joined to one other house,2016-2021,No,No,No,No,No,No,4,Very likely,Yes,Yes,0,1,0,0,0,0,0,1,7.1,1014.58,16.0,5.5,5.7,11.2,1883.8,3.69,0.3,No/Non-religious,Confident — I can understand it with some help,No,No,43.0,30-44,2_Medium,5,Couple with children
Germany,Bremen,9.0,9.0,2.0,16.0,20.0,20.0,12.0,25.0,6.0,6.0,16.0,6.0,9.0,12.0,5,Man,"University degree or higher (e.g. Bachelor's, Master's, PhD)","In paid employment or self-employment (including part-time work, temporary absence from work, or helping in a family business)",2.0,Suburban,No,No,No,No,Mother tongue / Very well,Very confident — I can do these tasks easily on my own,Citizen of this country,I don't know,0,0,0,0,0,0,0,1,0,1,0,0,0,0,0,0,0,0,0,1,I rent the house where I live in (I pay rent every month),"Apartment or flat with less than 10 dwellings – a home in a building with other homes above, below or next to yours",1961-1980,No,No,No,No,No,I don't know,5,Not sure,No,Not sure,1,1,1,1,0,0,1,5,7.1,1007.25,16.0,5.5,5.7,11.2,1750.33,24.56,0.3,No/Non-religious,Very confident — I can understand it easily,Yes,Yes,25.0,18-29,2_Medium,3,Other shared
Germany,Darmstadt,4.0,12.0,2.0,16.0,6.0,12.0,8.0,9.0,16.0,8.0,8.0,6.0,6.0,8.692307692307692,3,Woman or Non-binary,"University degree or higher (e.g. Bachelor's, Master's, PhD)","In paid employment or self-employment (including part-time work, temporary absence from work, or helping in a family business)",2.0,Urban,No,Yes,Yes or PNS,Prefer not to say,Mother tongue / Very well,Confident or less confident,Citizen of this country,I don't know,0,1,0,0,0,0,0,0,0,1,0,0,0,0,0,0,0,0,0,0,I rent the house where I live in (I pay rent every month),"Apartment or flat with less than 10 dwellings – a home in a building with other homes above, below or next to yours",2011-2015,No,No,No,No,No,No,5,Very likely,Not sure,Yes,0,1,0,0,0,0,0,1,7.1,1054.27,16.0,5.5,5.7,11.2,1777.36,13.52,0.3,No/Non-religious,Confident — I can understand it with some help,Yes,No,41.0,30-44,1_Low,5,"Couple, no children"
Germany,Cologne,12.0,9.0,3.0,8.0,16.0,25.0,16.0,9.0,12.0,12.0,25.0,16.0,12.0,13.461538461538462,5,Man,Primary or Secondary education,"In paid employment or self-employment (including part-time work, temporary absence from work, or helping in a family business)",2.0,Suburban,No,No,No,No,Well or less proficient,Confident or less confident,Citizen of this country,C (moderate),0,1,0,0,0,0,0,0,0,1,0,0,0,0,0,0,0,0,0,0,I rent the house where I live in (I pay rent every month),Semi-detached house – a house joined to one other house,2011-2015,No,"Yes, once",No,No,Yes,Not applicable,4,Not applicable,Yes,Not applicable,0,1,0,0,0,0,0,1,7.1,974.39,16.0,5.5,5.7,11.2,1727.78,48.24,0.3,No/Non-religious,Confident — I can understand it with some help,Yes,Yes,32.0,30-44,2_Medium,4,"Couple, no children"
Germany,Hamburg,15.0,15.0,10.0,1.0,1.0,4.0,4.0,3.0,8.0,12.0,4.0,4.0,4.0,6.538461538461538,2,Man,Further education or training after school (not university),"In paid employment or self-employment (including part-time work, temporary absence from work, or helping in a family business)",2.0,Suburban,No,No,No,Prefer not to say,Mother tongue / Very well,Very confident — I can do these tasks easily on my own,Citizen of this country,I don't know,0,0,0,0,1,0,0,0,0,1,0,0,0,0,0,0,1,0,0,0,"I live here without paying rent (for example, staying with relatives of friends)",Detached house – a house that stands alone and is not joined to any other,1961-1980,No,No,No,No,Yes,Not applicable,3,Not applicable,Yes,Not applicable,1,0,0,1,0,0,0,2,7.1,1045.22,16.0,5.5,5.7,11.2,1919.09,19.17,0.3,No/Non-religious,Very confident — I can understand it easily,Yes,Yes,26.0,18-29,2_Medium,5,Multi-generational / extended
Germany,Hannover,10.0,1.0,1.0,8.0,6.0,4.0,4.0,6.0,2.0,4.0,4.0,4.0,1.0,4.230769230769231,1,Man,"University degree or higher (e.g. Bachelor's, Master's, PhD)","In paid employment or self-employment (including part-time work, temporary absence from work, or helping in a family business)",3.0,Urban,Prefer not to say,No,No,No,Mother tongue / Very well,Very confident — I can do these tasks easily on my own,Citizen of this country,A-B (high efficiency),0,1,0,0,0,0,0,1,0,1,1,0,0,0,0,0,0,0,0,0,I rent the house where I live in (I pay rent every month),"Apartment or flat with more than 10 dwellings – a home in a building with other homes above, below or next to yours",2001-2010,No,No,Yes,No,Yes,Not applicable,4,Not applicable,No,Not applicable,1,1,0,0,1,0,0,3,7.1,1001.55,16.0,5.5,5.7,11.2,1792.43,12.98,0.3,No/Non-religious,Very confident — I can understand it easily,No,No,32.0,30-44,2_Medium,4,"Couple, no children"
Germany,Lower Bavaria,3.0,6.0,2.0,4.0,8.0,4.0,4.0,4.0,6.0,2.0,3.0,4.0,2.0,4.0,1,Man,"University degree or higher (e.g. Bachelor's, Master's, PhD)","In paid employment or self-employment (including part-time work, temporary absence from work, or helping in a family business)",1.0,Suburban,No,No,No,No,Well or less proficient,Confident or less confident,Citizen of this country,A-B (high efficiency),1,0,0,0,0,0,0,0,0,1,0,0,0,0,0,0,0,0,0,0,I rent the house where I live in (I pay rent every month),"Apartment or flat with more than 10 dwellings – a home in a building with other homes above, below or next to yours",2022 or after,No,No,No,No,No,Yes,4,Not applicable,Not sure,Not applicable,0,0,0,0,0,0,0,0,7.1,1043.92,16.0,5.5,5.7,11.2,1758.37,19.02,0.3,No/Non-religious,Confident — I can understand it with some help,Yes,Yes,32.0,30-44,2_Medium,7,Lives alone
Germany,Saxony-Anhalt,8.0,20.0,15.0,2.0,15.0,15.0,1.0,2.0,20.0,20.0,1.0,2.0,6.0,9.76923076923077,3,Man,"University degree or higher (e.g. Bachelor's, Master's, PhD)","Attending school, university, or other educational/training programmes",1.0,Urban,No,No,No,No,Well or less proficient,Very confident — I can do these tasks easily on my own,Non-EU citizen,C (moderate),1,0,0,0,0,0,0,0,0,1,0,0,0,0,0,0,0,0,0,0,I rent the house where I live in (I pay rent every month),"Apartment or flat with less than 10 dwellings – a home in a building with other homes above, below or next to yours",Before 1945,No,No,No,No,I don't know,I don't know,5,Somewhat likely,Yes,Not sure,0,1,0,0,0,0,0,1,7.1,1045.22,16.0,5.5,5.7,11.2,1919.09,19.17,0.3,No/Non-religious,Confident — I can understand it with some help,No,No,22.0,18-29,1_Low,1,Lives alone
Germany,Freiburg,8.0,20.0,15.0,16.0,16.0,25.0,9.0,9.0,20.0,9.0,4.0,4.0,4.0,12.23076923076923,5,Man,Further education or training after school (not university),"Attending school, university, or other educational/training programmes",3.0,Urban,Prefer not to say,Prefer not to say,No,No,Mother tongue / Very well,Very confident — I can do these tasks easily on my own,Non-EU citizen,A-B (high efficiency),0,0,0,0,0,0,0,1,0,1,0,0,0,0,0,0,0,1,0,0,I rent the house where I live in (I pay rent every month),"Apartment or flat with more than 10 dwellings – a home in a building with other homes above, below or next to yours",2022 or after,No,No,No,No,Yes,Not applicable,4,Not applicable,Not sure,Not applicable,0,1,1,0,0,0,0,2,7.1,1045.22,16.0,5.5,5.7,11.2,1919.09,19.17,0.3,Yes,Confident — I can understand it with some help,No,No,24.0,18-29,2_Medium,1,Other shared
Germany,Stuttgart,25.0,25.0,25.0,12.0,25.0,9.0,1.0,9.0,1.0,1.0,1.0,1.0,1.0,10.461538461538462,4,Man,"University degree or higher (e.g. Bachelor's, Master's, PhD)","Attending school, university, or other educational/training programmes",2.0,Urban,No,No,No,No,Well or less proficient,Confident or less confident,Citizen of this country,I don't know,0,1,0,0,0,0,0,0,0,1,0,0,0,0,0,0,0,0,0,0,I rent the house where I live in (I pay rent every month),Semi-detached house – a house joined to one other house,2016-2021,No,No,No,No,No,No,4,Somewhat likely,Not sure,Yes,0,0,1,0,0,0,0,1,7.1,950.28,16.0,5.5,5.7,11.2,1967.95,31.66,0.3,No/Non-religious,Confident — I can understand it with some help,Yes,Yes,29.0,18-29,1_Low,3,"Couple, no children"
Germany,Saarland,20.0,16.0,12.0,9.0,12.0,16.0,6.0,9.0,9.0,12.0,9.0,16.0,12.0,12.153846153846153,5,Man,Primary or Secondary education,"In paid employment or self-employment (including part-time work, temporary absence from work, or helping in a family business)",2.0,Urban,Prefer not to say,Prefer not to say,Yes or PNS,No,Well or less proficient,Very confident — I can do these tasks easily on my own,Citizen of this country,I don't know,0,0,0,0,0,0,0,1,0,0,1,0,0,0,0,0,0,0,0,0,I rent the house where I live in (I pay rent every month),"Apartment or flat with less than 10 dwellings – a home in a building with other homes above, below or next to yours",1981-2000,No,No,No,No,Yes,Not applicable,4,Not applicable,No,Not applicable,1,0,1,0,0,0,0,2,7.1,938.1,16.0,5.5,5.7,11.2,1921.95,31.71,0.3,No/Non-religious,Confident — I can understand it with some help,Yes,Yes,28.0,18-29,1_Low,2,Other shared
Germany,Kassel,15.0,12.0,5.0,6.0,2.0,20.0,5.0,6.0,10.0,4.0,8.0,25.0,4.0,9.384615384615385,3,Man,Further education or training after school (not university),"In paid employment or self-employment (including part-time work, temporary absence from work, or helping in a family business)",1.0,Rural,No,No,No,No,Well or less proficient,Very confident — I can do these tasks easily on my own,Citizen of this country,I don't know,1,0,0,0,0,0,0,0,0,1,1,0,0,0,0,0,0,0,0,0,I rent the house where I live in (I pay rent every month),"Apartment or flat with less than 10 dwellings – a home in a building with other homes above, below or next to yours",2022 or after,No,No,No,No,Yes,Not applicable,4,Not applicable,Not sure,Not applicable,1,0,0,0,0,0,0,1,7.1,1123.41,16.0,5.5,5.7,11.2,1706.14,44.12,0.3,No/Non-religious,Very confident — I can understand it easily,Yes,Yes,53.0,45+,1_Low,4,Lives alone
Germany,Bremen,25.0,25.0,4.0,5.0,4.0,25.0,1.0,25.0,25.0,1.0,12.0,1.0,1.0,11.846153846153847,4,Man,Primary or Secondary education,"In paid employment or self-employment (including part-time work, temporary absence from work, or helping in a family business)",1.0,Rural,Yes,No,No,No,Well or less proficient,Confident or less confident,Citizen of this country,I don't know,0,1,0,0,0,0,0,0,0,1,0,0,0,0,0,0,0,0,0,0,I rent the house where I live in (I pay rent every month),"Apartment or flat with less than 10 dwellings – a home in a building with other homes above, below or next to yours",2022 or after,No,No,Yes,Yes,No,No,3,Likely,No,No,0,0,0,1,0,0,0,1,7.1,1078.19,16.0,5.5,5.7,11.2,2022.48,10.69,0.3,No/Non-religious,Confident — I can understand it with some help,Yes,Yes,22.0,18-29,3_High,4,"Couple, no children"
Germany,Hamburg,20.0,16.0,6.0,1.0,4.0,1.0,1.0,2.0,6.0,12.0,1.0,1.0,4.0,5.769230769230769,1,Man,"University degree or higher (e.g. Bachelor's, Master's, PhD)","Attending school, university, or other educational/training programmes",1.0,Urban,No,No,No,No,Well or less proficient,Very confident — I can do these tasks easily on my own,Citizen of this country,I don't know,1,0,0,0,0,0,0,0,0,1,0,0,0,0,0,0,0,0,0,0,I rent the house where I live in (I pay rent every month),"Apartment or flat with more than 10 dwellings – a home in a building with other homes above, below or next to yours",2016-2021,No,No,No,No,No,No,5,Very likely,Yes,No,0,0,0,0,0,0,0,0,7.1,1054.27,16.0,5.5,5.7,11.2,1777.36,13.52,0.3,No/Non-religious,Confident — I can understand it with some help,Yes,Yes,25.0,18-29,1_Low,3,Lives alone
Germany,Münster,12.0,15.0,1.0,4.0,1.0,15.0,1.0,9.0,1.0,1.0,1.0,4.0,1.0,5.076923076923077,1,Man,"University degree or higher (e.g. Bachelor's, Master's, PhD)","In paid employment or self-employment (including part-time work, temporary absence from work, or helping in a family business)",2.0,Urban,No,No,No,No,Mother tongue / Very well,Very confident — I can do these tasks easily on my own,EU citizen from another country,D (below average),0,1,0,0,0,0,0,0,1,1,0,0,0,0,0,0,0,0,0,0,I rent the house where I live in (I pay rent every month),"Apartment or flat with less than 10 dwellings – a home in a building with other homes above, below or next to yours",1961-1980,"Yes, twice or more",No,No,No,No,No,4,Unlikely,No,No,1,1,1,1,1,0,0,5,7.1,1001.55,16.0,5.5,5.7,11.2,1792.43,12.98,0.3,No/Non-religious,Confident — I can understand it with some help,No,Yes,25.0,18-29,2_Medium,6,"Couple, no children"
Portugal,Lisbon Metropolitan Area,16.0,16.0,15.0,9.0,8.0,12.0,1.0,16.0,9.0,12.0,9.0,9.0,9.0,10.846153846153847,4,Man,"University degree or higher (e.g. Bachelor's, Master's, PhD)","In paid employment or self-employment (including part-time work, temporary absence from work, or helping in a family business)",3.0,Urban,No,No,No,No,Mother tongue / Very well,Very confident — I can do these tasks easily on my own,Citizen of this country,I don't know,0,0,0,0,0,0,1,0,0,1,0,0,0,0,0,0,0,1,0,0,I own the house or flat where I live and I do not pay a mortgage,Terraced house – a house that is part of a row of houses joined together,2001-2010,No,No,No,No,No,Yes,4,Not applicable,Yes,Not applicable,0,0,0,1,0,0,0,1,7.1,1052.93,16.0,5.5,5.7,11.2,1659.33,23.99,0.3,No/Non-religious,Confident — I can understand it with some help,No,No,28.0,18-29,1_Low,5,Multi-generational / extended
Portugal,Centre,8.0,8.0,6.0,6.0,12.0,3.0,10.0,12.0,9.0,4.0,8.0,6.0,8.0,7.6923076923076925,2,Man,"University degree or higher (e.g. Bachelor's, Master's, PhD)","In paid employment or self-employment (including part-time work, temporary absence from work, or helping in a family business)",1.0,Urban,No,No,No,No,Well or less proficient,Very confident — I can do these tasks easily on my own,Citizen of this country,I don't know,1,0,0,0,0,0,0,0,0,1,0,0,0,0,0,0,0,0,0,0,I own the house or flat where I live and I am paying if with a mortgage,"Apartment or flat with less than 10 dwellings – a home in a building with other homes above, below or next to yours",2022 or after,No,No,No,No,Yes,Not applicable,5,Not applicable,No,Not applicable,1,0,1,0,0,0,0,2,8.1,1000.31,29.0,10.0,15.6,6.3,446.16,91.69,4.2,No/Non-religious,Very confident — I can understand it easily,Yes,Yes,49.0,45+,1_Low,1,Lives alone
Portugal,Centre,25.0,25.0,12.0,6.0,16.0,25.0,25.0,12.0,16.0,15.0,16.0,16.0,25.0,18.0,5,Man,"University degree or higher (e.g. Bachelor's, Master's, PhD)","In paid employment or self-employment (including part-time work, temporary absence from work, or helping in a family business)",1.0,Rural,No,No,No,No,Well or less proficient,Very confident — I can do these tasks easily on my own,Citizen of this country,E-G (poor efficiency),1,0,0,0,0,0,0,0,0,1,0,0,0,0,0,0,0,0,0,0,I own the house or flat where I live and I am paying if with a mortgage,Semi-detached house – a house joined to one other house,2022 or after,No,No,No,No,Yes,Not applicable,5,Not applicable,Yes,Not applicable,1,0,1,0,0,0,0,2,8.1,1000.31,29.0,10.0,15.6,6.3,853.61,285.82,4.2,No/Non-religious,Confident — I can understand it with some help,Yes,Yes,28.0,18-29,1_Low,3,Lives alone
Portugal,Lisbon Metropolitan Area,12.0,16.0,16.0,6.0,12.0,9.0,12.0,12.0,6.0,25.0,4.0,16.0,25.0,13.153846153846153,5,Man,"University degree or higher (e.g. Bachelor's, Master's, PhD)","In paid employment or self-employment (including part-time work, temporary absence from work, or helping in a family business)",2.0,Suburban,No,No,No,No,Well or less proficient,Very confident — I can do these tasks easily on my own,Citizen of this country,A-B (high efficiency),0,1,0,0,0,0,0,0,0,1,0,0,0,1,0,0,0,0,0,0,I own the house or flat where I live and I do not pay a mortgage,Detached house – a house that stands alone and is not joined to any other,2022 or after,No,No,No,No,Yes,Not applicable,5,Not applicable,Yes,Not applicable,0,1,0,0,0,0,0,1,8.1,1000.31,29.0,10.0,15.6,6.3,853.61,285.82,4.2,No/Non-religious,Confident — I can understand it with some help,Yes,Yes,32.0,30-44,1_Low,6,"Couple, no children"
Portugal,Centre,20.0,20.0,6.0,15.0,16.0,1.0,25.0,16.0,1.0,1.0,1.0,16.0,1.0,10.692307692307692,4,Man,Further education or training after school (not university),"In paid employment or self-employment (including part-time work, temporary absence from work, or helping in a family business)",5.0,Urban,No,Yes,No,No,Well or less proficient,Confident or less confident,Citizen of this country,E-G (poor efficiency),0,1,1,0,0,0,0,0,0,1,0,1,0,0,0,0,0,0,0,0,I rent the house where I live in (I pay rent every month),"Apartment or flat with less than 10 dwellings – a home in a building with other homes above, below or next to yours",1961-1980,No,No,No,No,No,No,4,Unlikely,Not sure,Yes,1,1,1,1,0,0,0,4,8.1,1000.31,29.0,10.0,15.6,6.3,446.16,91.69,4.2,Yes,Very confident — I can understand it easily,Yes,Yes,53.0,45+,2_Medium,3,Couple with children
Germany,Stuttgart,20.0,20.0,9.0,25.0,8.0,9.0,8.0,8.0,12.0,8.0,4.0,8.0,15.0,11.846153846153847,4,Woman or Non-binary,"University degree or higher (e.g. Bachelor's, Master's, PhD)","In paid employment or self-employment (including part-time work, temporary absence from work, or helping in a family business)",2.0,Rural,No,No,No,No,Mother tongue / Very well,Very confident — I can do these tasks easily on my own,Citizen of this country,A-B (high efficiency),0,1,0,0,0,0,0,0,0,1,0,0,0,1,0,0,1,0,0,0,I own the house or flat where I live and I am paying if with a mortgage,Semi-detached house – a house joined to one other house,2022 or after,No,No,No,No,No,Yes,4,Not applicable,Yes,Not applicable,0,0,0,1,0,0,0,1,8.1,1000.31,29.0,10.0,15.6,6.3,853.61,285.82,4.2,No/Non-religious,Very confident — I can understand it easily,No,No,34.0,30-44,3_High,7,"Couple, no children"
Portugal,Algarve,12.0,12.0,2.0,4.0,9.0,3.0,20.0,9.0,1.0,25.0,12.0,12.0,25.0,11.23076923076923,4,Woman or Non-binary,Further education or training after school (not university),"In paid employment or self-employment (including part-time work, temporary absence from work, or helping in a family business)",4.0,Suburban,No,No,No,No,Well or less proficient,Very confident — I can do these tasks easily on my own,Citizen of this country,E-G (poor efficiency),0,1,1,0,0,0,0,0,1,1,0,0,0,0,0,0,0,0,0,0,I own the house or flat where I live and I am paying if with a mortgage,Semi-detached house – a house joined to one other house,1981-2000,No,No,No,No,No,Yes,5,Not applicable,Not sure,Not applicable,1,1,0,0,0,0,0,2,7.1,938.1,16.0,5.5,5.7,11.2,1921.95,31.71,0.3,No/Non-religious,Very confident — I can understand it easily,No,No,54.0,45+,3_High,7,Couple with children
Portugal,Centre,15.0,15.0,1.0,3.0,15.0,15.0,5.0,15.0,1.0,9.0,2.0,2.0,9.0,8.23076923076923,2,Woman or Non-binary,"University degree or higher (e.g. Bachelor's, Master's, PhD)","In paid employment or self-employment (including part-time work, temporary absence from work, or helping in a family business)",2.0,Urban,No,No,No,No,Mother tongue / Very well,Very confident — I can do these tasks easily on my own,Citizen of this country,E-G (poor efficiency),0,1,0,0,0,0,0,0,0,1,0,0,0,0,0,0,0,0,0,0,I own the house or flat where I live and I am paying if with a mortgage,"Apartment or flat with less than 10 dwellings – a home in a building with other homes above, below or next to yours",1981-2000,No,No,No,No,No,Yes,4,Not applicable,Yes,Not applicable,1,1,0,1,1,1,0,5,8.1,1069.73,29.0,10.0,15.6,6.3,458.96,285.54,4.2,No/Non-religious,Very confident — I can understand it easily,Yes,Yes,35.0,30-44,1_Low,5,"Couple, no children"
Portugal,Norte,20.0,20.0,12.0,6.0,1.0,9.0,16.0,16.0,4.0,4.0,1.0,9.0,4.0,9.384615384615385,3,Woman or Non-binary,"University degree or higher (e.g. Bachelor's, Master's, PhD)",Other,1.0,Urban,No,No,No,No,Mother tongue / Very well,Very confident — I can do these tasks easily on my own,Citizen of this country,D (below average),1,0,0,0,0,0,0,0,0,1,0,0,0,0,0,0,0,0,0,0,I own the house or flat where I live and I do not pay a mortgage,"Apartment or flat with less than 10 dwellings – a home in a building with other homes above, below or next to yours",1945-1960,No,No,No,No,Yes,Not applicable,3,Not applicable,No,Not applicable,1,1,0,1,0,0,0,3,8.1,1000.31,29.0,10.0,15.6,6.3,853.61,285.82,4.2,No/Non-religious,Very confident — I can understand it easily,Yes,Yes,24.0,18-29,1_Low,2,Lives alone
Portugal,Norte,4.0,4.0,4.0,6.0,12.0,12.0,8.0,12.0,6.0,16.0,9.0,20.0,15.0,9.846153846153847,3,Man,"University degree or higher (e.g. Bachelor's, Master's, PhD)","In paid employment or self-employment (including part-time work, temporary absence from work, or helping in a family business)",4.0,Suburban,No,No,No,No,Well or less proficient,Very confident — I can do these tasks easily on my own,Citizen of this country,A-B (high efficiency),0,1,1,0,0,0,0,0,0,1,1,0,0,0,0,0,1,0,0,0,I own the house or flat where I live and I am paying if with a mortgage,Terraced house – a house that is part of a row of houses joined together,2001-2010,No,No,No,No,Yes,Not applicable,5,Not applicable,Yes,Not applicable,1,1,0,1,0,0,0,3,8.1,914.3,29.0,10.0,15.6,6.3,1038.89,227.41,4.2,No/Non-religious,Very confident — I can understand it easily,Yes,Yes,42.0,30-44,1_Low,8,Couple with children
Portugal,Centre,20.0,25.0,25.0,9.0,16.0,25.0,9.0,25.0,9.0,25.0,16.0,25.0,25.0,19.53846153846154,5,Woman or Non-binary,"University degree or higher (e.g. Bachelor's, Master's, PhD)","In paid employment or self-employment (including part-time work, temporary absence from work, or helping in a family business)",8.0,Urban,Yes,No,No,No,Mother tongue / Very well,Very confident — I can do these tasks easily on my own,Citizen of this country,I don't know,0,0,1,0,1,0,1,0,0,1,0,0,0,0,0,0,0,0,0,0,I own the house or flat where I live and I do not pay a mortgage,"Apartment or flat with less than 10 dwellings – a home in a building with other homes above, below or next to yours",I don't know,No,No,No,No,No,Yes,4,Not applicable,Yes,Not applicable,0,1,0,0,0,0,0,1,8.1,914.3,29.0,10.0,15.6,6.3,1038.89,227.41,4.2,No/Non-religious,Very confident — I can understand it easily,Yes,No,23.0,18-29,1_Low,2,Single parent
Ireland,Southern,4.0,4.0,1.0,2.0,3.0,4.0,4.0,1.0,1.0,1.0,1.0,6.0,1.0,2.5384615384615383,1,Woman or Non-binary,"University degree or higher (e.g. Bachelor's, Master's, PhD)",Other,2.0,Suburban,No,Yes,Yes or PNS,No,Well or less proficient,Confident or less confident,Citizen of this country,I don't know,0,1,0,0,0,0,0,0,0,1,1,0,0,0,0,0,0,0,0,0,I rent the house where I live in (I pay rent every month),"Apartment or flat with less than 10 dwellings – a home in a building with other homes above, below or next to yours",1961-1980,No,"Yes, twice or more",Yes,No,No,No,5,Likely,Yes,No,1,1,1,1,0,1,1,6,8.1,1000.31,29.0,10.0,15.6,6.3,853.61,285.82,4.2,No/Non-religious,Not very confident or worse,No,No,29.0,18-29,2_Medium,4,"Couple, no children"
Portugal,Centre,15.0,15.0,4.0,1.0,12.0,6.0,1.0,1.0,1.0,6.0,1.0,9.0,9.0,6.230769230769231,2,Woman or Non-binary,Primary or Secondary education,"In paid employment or self-employment (including part-time work, temporary absence from work, or helping in a family business)",1.0,Urban,No,No,No,No,Mother tongue / Very well,Very confident — I can do these tasks easily on my own,EU citizen from another country,A-B (high efficiency),1,0,0,0,0,0,0,0,0,1,0,0,0,0,0,0,0,0,0,0,I own the house or flat where I live and I am paying if with a mortgage,"Apartment or flat with more than 10 dwellings – a home in a building with other homes above, below or next to yours",2001-2010,No,No,No,No,I don't know,I don't know,5,Very unlikely,Yes,Yes,0,0,0,0,1,0,0,1,6.9,935.64,21.2,2.8,4.5,5.3,1679.66,0.0,0.2,No/Non-religious,Very confident — I can understand it easily,No,No,44.0,30-44,1_Low,4,Lives alone
Portugal,Lisbon Metropolitan Area,25.0,25.0,16.0,4.0,20.0,25.0,9.0,16.0,4.0,16.0,4.0,9.0,16.0,14.538461538461538,5,Man,"University degree or higher (e.g. Bachelor's, Master's, PhD)","In paid employment or self-employment (including part-time work, temporary absence from work, or helping in a family business)",2.0,Urban,No,No,No,No,Well or less proficient,Very confident — I can do these tasks easily on my own,Citizen of this country,A-B (high efficiency),0,1,0,0,0,0,0,0,0,1,1,0,0,0,0,0,1,0,0,0,I own the house or flat where I live and I am paying if with a mortgage,"Apartment or flat with more than 10 dwellings – a home in a building with other homes above, below or next to yours",2001-2010,No,No,No,No,Yes,Not applicable,5,Not applicable,Yes,Not applicable,0,0,0,0,0,0,0,0,8.1,1000.31,29.0,10.0,15.6,6.3,853.61,285.82,4.2,No/Non-religious,Very confident — I can understand it easily,Yes,Yes,30.0,30-44,2_Medium,5,"Couple, no children"
Germany,Berlin,16.0,16.0,15.0,2.0,12.0,9.0,6.0,2.0,1.0,4.0,2.0,6.0,8.0,7.615384615384615,2,Woman or Non-binary,"University degree or higher (e.g. Bachelor's, Master's, PhD)","In paid employment or self-employment (including part-time work, temporary absence from work, or helping in a family business)",2.0,Suburban,No,Prefer not to say,Yes or PNS,Prefer not to say,Mother tongue / Very well,Very confident — I can do these tasks easily on my own,Citizen of this country,I don't know,0,1,0,0,0,0,0,0,0,1,0,0,0,0,0,0,0,0,0,0,I own the house or flat where I live and I am paying if with a mortgage,"Apartment or flat with more than 10 dwellings – a home in a building with other homes above, below or next to yours",1981-2000,No,"Yes, once",No,No,No,Yes,4,Not applicable,Not sure,Not applicable,1,1,1,1,0,1,0,5,8.1,1000.31,29.0,10.0,15.6,6.3,446.16,91.69,4.2,No/Non-religious,Not very confident or worse,No,No,29.0,18-29,2_Medium,3,"Couple, no children"
Germany,Kassel,20.0,20.0,6.0,20.0,20.0,16.0,9.0,12.0,9.0,2.0,4.0,25.0,1.0,12.615384615384615,5,Man,Primary or Secondary education,"In paid employment or self-employment (including part-time work, temporary absence from work, or helping in a family business)",2.0,Urban,No,No,No,No,Well or less proficient,Very confident — I can do these tasks easily on my own,EU citizen from another country,C (moderate),0,1,0,0,0,0,0,0,0,1,0,0,0,0,0,0,0,1,0,0,I rent the house where I live in (I pay rent every month),"Apartment or flat with less than 10 dwellings – a home in a building with other homes above, below or next to yours",2001-2010,No,No,No,No,No,Yes,4,Not applicable,Not sure,Not applicable,1,0,0,1,0,0,0,2,7.1,1007.25,16.0,5.5,5.7,11.2,1750.33,24.56,0.3,No/Non-religious,Confident — I can understand it with some help,Yes,Yes,26.0,18-29,3_High,6,"Couple, no children"
Portugal,Centre,20.0,20.0,20.0,4.0,9.0,12.0,8.0,9.0,2.0,20.0,16.0,20.0,25.0,14.23076923076923,5,Man,Primary or Secondary education,"Attending school, university, or other educational/training programmes",2.0,Suburban,No,No,Yes or PNS,No,Well or less proficient,Very confident — I can do these tasks easily on my own,Citizen of this country,I don't know,0,1,0,0,0,0,0,0,1,1,0,0,0,0,0,0,0,0,0,0,I rent the house where I live in (I pay rent every month),"Apartment or flat with less than 10 dwellings – a home in a building with other homes above, below or next to yours",2011-2015,No,No,No,No,No,No,4,Very likely,Yes,No,0,0,0,0,0,0,0,0,7.1,1078.19,16.0,5.5,5.7,11.2,2022.48,10.69,0.3,No/Non-religious,Very confident — I can understand it easily,No,No,24.0,18-29,3_High,6,"Couple, no children"
Portugal,Norte,16.0,16.0,10.0,4.0,12.0,8.0,15.0,8.0,10.0,4.0,8.0,8.0,15.0,10.307692307692308,4,Woman or Non-binary,"University degree or higher (e.g. Bachelor's, Master's, PhD)","Attending school, university, or other educational/training programmes",2.0,Suburban,No,No,No,No,Well or less proficient,Very confident — I can do these tasks easily on my own,Citizen of this country,I don't know,0,0,0,0,1,0,0,0,0,1,0,1,0,0,0,0,1,0,0,0,"I live here without paying rent (for example, staying with relatives of friends)",Detached house – a house that stands alone and is not joined to any other,I don't know,No,No,No,No,No,Yes,4,Not applicable,Not sure,Not applicable,1,1,1,1,0,0,0,4,8.1,1000.31,29.0,10.0,15.6,6.3,853.61,285.82,4.2,No/Non-religious,Confident — I can understand it with some help,Yes,Yes,23.0,18-29,1_Low,2,Multi-generational / extended
Ireland,Northern and Western,20.0,25.0,16.0,9.0,20.0,1.0,9.0,1.0,1.0,9.0,1.0,25.0,20.0,12.076923076923077,5,Woman or Non-binary,"University degree or higher (e.g. Bachelor's, Master's, PhD)","In paid employment or self-employment (including part-time work, temporary absence from work, or helping in a family business)",2.0,Suburban,No,Yes,Yes or PNS,No,Mother tongue / Very well,Very confident — I can do these tasks easily on my own,Citizen of this country,I don't know,0,0,0,0,0,0,0,1,0,1,0,0,0,0,0,0,0,0,0,0,I rent the house where I live in (I pay rent every month),"Apartment or flat with more than 10 dwellings – a home in a building with other homes above, below or next to yours",2016-2021,No,No,No,No,Yes,Not applicable,5,Not applicable,Not sure,Not applicable,0,0,0,0,0,0,0,0,8.1,914.3,29.0,10.0,15.6,6.3,1038.89,227.41,4.2,Prefer not to say,Confident — I can understand it with some help,No,No,30.0,30-44,1_Low,2,Other shared
Germany,Dresden,6.0,12.0,4.0,9.0,9.0,12.0,8.0,6.0,4.0,12.0,6.0,12.0,12.0,8.615384615384615,3,Man,Further education or training after school (not university),"In paid employment or self-employment (including part-time work, temporary absence from work, or helping in a family business)",4.0,Rural,No,No,No,No,Mother tongue / Very well,Very confident — I can do these tasks easily on my own,Citizen of this country,D (below average),0,1,1,0,0,0,0,0,0,1,0,0,0,0,0,0,1,0,0,0,I own the house or flat where I live and I do not pay a mortgage,Detached house – a house that stands alone and is not joined to any other,Before 1945,No,No,No,Yes,Yes,Not applicable,2,Not applicable,Yes,Not applicable,1,1,0,1,1,1,0,5,6.9,885.49,21.2,2.8,4.5,5.3,1818.53,0.0,0.2,No/Non-religious,Confident — I can understand it with some help,No,No,42.0,30-44,1_Low,6,Couple with children
Germany,Berlin,16.0,20.0,20.0,1.0,20.0,20.0,1.0,3.0,20.0,8.0,6.0,4.0,16.0,11.923076923076923,5,Woman or Non-binary,"University degree or higher (e.g. Bachelor's, Master's, PhD)","In paid employment or self-employment (including part-time work, temporary absence from work, or helping in a family business)",2.0,Suburban,No,No,No,No,Well or less proficient,Confident or less confident,Citizen of this country,I don't know,0,1,0,0,0,0,0,0,0,1,0,0,0,0,0,0,0,0,1,0,I rent the house where I live in (I pay rent every month),Terraced house – a house that is part of a row of houses joined together,2001-2010,No,No,No,No,No,Yes,4,Not applicable,Yes,Not applicable,0,1,0,0,0,0,0,1,7.1,1076.21,16.0,5.5,5.7,11.2,2012.55,15.31,0.3,No/Non-religious,Confident — I can understand it with some help,Yes,Yes,26.0,18-29,2_Medium,5,"Couple, no children"
Germany,Saxony-Anhalt,8.0,8.0,1.0,2.0,2.0,1.0,1.0,1.0,6.0,12.0,8.0,6.0,6.0,4.769230769230769,1,Man,"University degree or higher (e.g. Bachelor's, Master's, PhD)","In paid employment or self-employment (including part-time work, temporary absence from work, or helping in a family business)",2.0,Urban,No,Yes,No,No,Well or less proficient,Very confident — I can do these tasks easily on my own,Citizen of this country,I don't know,0,0,1,0,0,0,0,0,0,0,0,0,0,0,0,0,0,1,0,0,I rent the house where I live in (I pay rent every month),"Apartment or flat with less than 10 dwellings – a home in a building with other homes above, below or next to yours",1945-1960,"Yes, once",No,No,No,Yes,Not applicable,4,Not applicable,No,Not applicable,1,1,0,0,0,0,1,3,7.1,1007.25,16.0,5.5,5.7,11.2,1750.33,24.56,0.3,Yes,Confident — I can understand it with some help,Yes,Yes,41.0,30-44,2_Medium,3,Single parent
Germany,Cologne,25.0,25.0,9.0,4.0,12.0,1.0,1.0,1.0,2.0,12.0,3.0,16.0,16.0,9.76923076923077,3,Man,"University degree or higher (e.g. Bachelor's, Master's, PhD)","In paid employment or self-employment (including part-time work, temporary absence from work, or helping in a family business)",1.0,Urban,No,Yes,Yes or PNS,No,Mother tongue / Very well,Very confident — I can do these tasks easily on my own,Citizen of this country,E-G (poor efficiency),1,0,0,0,0,0,0,0,0,1,1,0,0,0,0,0,0,0,0,0,I rent the house where I live in (I pay rent every month),"Apartment or flat with more than 10 dwellings – a home in a building with other homes above, below or next to yours",1981-2000,No,No,No,No,No,No,4,Somewhat likely,Yes,Not sure,1,0,0,1,0,1,0,3,7.1,1045.22,16.0,5.5,5.7,11.2,1919.09,19.17,0.3,No/Non-religious,Very confident — I can understand it easily,Yes,Yes,36.0,30-44,1_Low,8,Lives alone
Germany,Tübingen,16.0,16.0,9.0,16.0,25.0,20.0,8.0,16.0,8.0,5.0,4.0,8.0,8.0,12.23076923076923,5,Man,Primary or Secondary education,"Attending school, university, or other educational/training programmes",1.0,Rural,No,No,No,No,Well or less proficient,Very confident — I can do these tasks easily on my own,Citizen of this country,I don't know,1,0,0,0,0,0,0,0,0,1,0,0,0,0,0,0,0,0,0,0,I rent the house where I live in (I pay rent every month),"Apartment or flat with more than 10 dwellings – a home in a building with other homes above, below or next to yours",I don't know,No,No,No,No,No,No,2,Very unlikely,Yes,Not sure,1,1,1,1,0,0,0,4,7.1,1045.22,16.0,5.5,5.7,11.2,1919.09,19.17,0.3,No/Non-religious,Very confident — I can understand it easily,Yes,Yes,35.0,30-44,1_Low,1,Lives alone
Germany,Berlin,20.0,12.0,8.0,4.0,10.0,8.0,10.0,4.0,12.0,15.0,8.0,6.0,20.0,10.538461538461538,4,Man,"University degree or higher (e.g. Bachelor's, Master's, PhD)","Attending school, university, or other educational/training programmes",4.0,Suburban,Yes,No,No,No,Mother tongue / Very well,Very confident — I can do these tasks easily on my own,Citizen of this country,A-B (high efficiency),0,0,0,0,0,0,0,1,0,1,0,0,0,0,0,0,0,1,0,0,I rent the house where I live in (I pay rent every month),"Apartment or flat with more than 10 dwellings – a home in a building with other homes above, below or next to yours",2022 or after,No,No,No,No,Yes,Not applicable,5,Not applicable,No,Not applicable,0,0,0,1,1,0,0,2,7.1,937.6,16.0,5.5,5.7,11.2,2180.2,10.11,0.3,No/Non-religious,Very confident — I can understand it easily,Yes,No,20.0,18-29,3_High,5,Other shared
Germany,Cologne,8.0,8.0,9.0,9.0,8.0,8.0,2.0,4.0,6.0,3.0,4.0,3.0,8.0,6.153846153846154,2,Man,"University degree or higher (e.g. Bachelor's, Master's, PhD)","In paid employment or self-employment (including part-time work, temporary absence from work, or helping in a family business)",2.0,Urban,Yes,No,No,No,Mother tongue / Very well,Very confident — I can do these tasks easily on my own,Non-EU citizen,I don't know,0,1,0,0,0,0,0,0,0,1,0,0,0,0,0,0,0,0,0,0,I rent the house where I live in (I pay rent every month),"Apartment or flat with more than 10 dwellings – a home in a building with other homes above, below or next to yours",1981-2000,No,No,No,No,Yes,Not applicable,4,Not applicable,No,Not applicable,0,0,0,0,1,0,0,1,7.1,1007.25,16.0,5.5,5.7,11.2,1750.33,24.56,0.3,Yes,Confident — I can understand it with some help,No,No,30.0,30-44,3_High,4,"Couple, no children"
Germany,Swabia,12.0,16.0,5.0,6.0,2.0,2.0,2.0,9.0,2.0,2.0,3.0,9.0,3.0,5.615384615384615,1,Man,"University degree or higher (e.g. Bachelor's, Master's, PhD)","In paid employment or self-employment (including part-time work, temporary absence from work, or helping in a family business)",0.0,Urban,No,Yes,No,Yes,Well or less proficient,Very confident — I can do these tasks easily on my own,Citizen of this country,A-B (high efficiency),1,0,0,0,0,0,0,0,0,1,0,0,0,0,0,0,0,0,0,0,I rent the house where I live in (I pay rent every month),"Apartment or flat with more than 10 dwellings – a home in a building with other homes above, below or next to yours",1945-1960,No,No,No,No,Yes,Not applicable,4,Not applicable,No,Not applicable,0,0,0,0,0,0,0,0,7.1,1045.22,16.0,5.5,5.7,11.2,1919.09,19.17,0.3,No/Non-religious,Confident — I can understand it with some help,Yes,Yes,37.0,30-44,2_Medium,3,Lives alone
Germany,Karlsruhe,4.0,2.0,4.0,1.0,1.0,2.0,1.0,4.0,4.0,1.0,3.0,1.0,1.0,2.230769230769231,1,Man,"University degree or higher (e.g. Bachelor's, Master's, PhD)",Unemployed (actively seeking work or available to start work),2.0,Suburban,Yes,No,Yes or PNS,Yes,Mother tongue / Very well,Very confident — I can do these tasks easily on my own,EU citizen from another country,A-B (high efficiency),0,1,0,0,0,0,0,0,0,1,1,0,0,0,0,0,0,0,0,0,I rent the house where I live in (I pay rent every month),"Apartment or flat with less than 10 dwellings – a home in a building with other homes above, below or next to yours",2011-2015,No,No,No,No,I don't know,No,5,Very likely,Yes,Yes,0,0,0,0,0,0,0,0,7.1,1045.22,16.0,5.5,5.7,11.2,1919.09,19.17,0.3,No/Non-religious,Confident — I can understand it with some help,No,No,29.0,18-29,2_Medium,5,"Couple, no children"
Germany,Düsseldorf,25.0,25.0,20.0,3.0,15.0,20.0,15.0,15.0,15.0,15.0,15.0,25.0,20.0,17.53846153846154,5,Man,"University degree or higher (e.g. Bachelor's, Master's, PhD)","In paid employment or self-employment (including part-time work, temporary absence from work, or helping in a family business)",2.0,Suburban,No,No,No,No,Well or less proficient,Very confident — I can do these tasks easily on my own,Citizen of this country,C (moderate),0,1,0,0,0,0,0,0,0,0,0,0,0,0,0,0,1,0,0,0,I rent the house where I live in (I pay rent every month),"Apartment or flat with less than 10 dwellings – a home in a building with other homes above, below or next to yours",2016-2021,No,No,No,No,No,No,5,Unlikely,No,No,0,0,0,0,0,0,0,0,7.1,980.45,16.0,5.5,5.7,11.2,1828.77,45.16,0.3,No/Non-religious,Very confident — I can understand it easily,Yes,Yes,30.0,30-44,3_High,9,"Couple, no children"
Germany,Stuttgart,25.0,25.0,20.0,16.0,4.0,12.0,1.0,6.0,5.0,2.0,1.0,9.0,12.0,10.615384615384615,4,Woman or Non-binary,"University degree or higher (e.g. Bachelor's, Master's, PhD)","Attending school, university, or other educational/training programmes",1.0,Urban,Yes,No,No,No,Mother tongue / Very well,Confident or less confident,EU citizen from another country,I don't know,1,0,0,0,0,0,0,0,0,1,0,0,0,0,0,0,0,0,0,0,I rent the house where I live in (I pay rent every month),"Apartment or flat with more than 10 dwellings – a home in a building with other homes above, below or next to yours",I don't know,No,No,No,No,No,No,1,Very likely,Not sure,Not sure,0,0,1,0,1,0,0,2,7.1,1075.05,16.0,5.5,5.7,11.2,1540.0,38.40000000000001,0.3,No/Non-religious,Not very confident or worse,No,No,21.0,18-29,2_Medium,1,Lives alone
Germany,Münster,25.0,25.0,15.0,4.0,20.0,12.0,10.0,12.0,8.0,4.0,2.0,8.0,5.0,11.538461538461538,4,Woman or Non-binary,Further education or training after school (not university),"In paid employment or self-employment (including part-time work, temporary absence from work, or helping in a family business)",2.0,Rural,Yes,No,Yes or PNS,No,Well or less proficient,Very confident — I can do these tasks easily on my own,Citizen of this country,A-B (high efficiency),0,1,0,0,0,0,0,0,0,0,0,0,0,1,0,0,0,0,0,0,I rent the house where I live in (I pay rent every month),Detached house – a house that stands alone and is not joined to any other,2022 or after,"Yes, once",No,No,No,No,Yes,4,Not applicable,Not sure,Not applicable,0,0,0,0,0,0,0,0,7.1,938.1,16.0,5.5,5.7,11.2,1921.95,31.71,0.3,No/Non-religious,Confident — I can understand it with some help,Yes,Yes,32.0,30-44,1_Low,4,"Couple, no children"
Germany,Upper Bavaria,16.0,20.0,10.0,1.0,9.0,16.0,5.0,6.0,3.0,5.0,5.0,12.0,5.0,8.692307692307692,3,Woman or Non-binary,"University degree or higher (e.g. Bachelor's, Master's, PhD)","In paid employment or self-employment (including part-time work, temporary absence from work, or helping in a family business)",4.0,Rural,No,Yes,No,No,Mother tongue / Very well,Very confident — I can do these tasks easily on my own,Citizen of this country,I don't know,0,1,1,0,0,0,0,0,0,1,1,0,0,0,0,0,0,0,0,0,I rent the house where I live in (I pay rent every month),Detached house – a house that stands alone and is not joined to any other,2001-2010,No,No,No,No,No,No,5,Very likely,No,Yes,0,0,0,0,1,0,0,1,7.1,1052.93,16.0,5.5,5.7,11.2,1659.33,23.99,0.3,Prefer not to say,Very confident — I can understand it easily,Yes,Yes,38.0,30-44,3_High,7,Couple with children
Germany,Karlsruhe,9.0,12.0,5.0,1.0,1.0,9.0,10.0,1.0,6.0,12.0,2.0,12.0,4.0,6.461538461538462,2,Woman or Non-binary,"University degree or higher (e.g. Bachelor's, Master's, PhD)",Other,3.0,Urban,No,No,No,No,Well or less proficient,Very confident — I can do these tasks easily on my own,Citizen of this country,I don't know,0,1,1,0,0,0,0,0,0,1,0,0,0,0,0,0,0,1,0,0,I rent the house where I live in (I pay rent every month),"Apartment or flat with less than 10 dwellings – a home in a building with other homes above, below or next to yours",2011-2015,No,No,No,No,No,No,4,Very likely,Not sure,Not sure,0,0,0,0,0,0,0,0,7.1,1045.22,16.0,5.5,5.7,11.2,1919.09,19.17,0.3,No/Non-religious,Very confident — I can understand it easily,Yes,Yes,33.0,30-44,3_High,9,Couple with children
Germany,Middle Franconia,5.0,5.0,1.0,2.0,5.0,1.0,1.0,1.0,1.0,1.0,1.0,1.0,1.0,2.0,1,Man,"University degree or higher (e.g. Bachelor's, Master's, PhD)","In paid employment or self-employment (including part-time work, temporary absence from work, or helping in a family business)",2.0,Suburban,No,No,No,No,Well or less proficient,Very confident — I can do these tasks easily on my own,Citizen of this country,I don't know,0,1,0,0,0,0,0,0,0,0,1,0,0,0,0,0,0,0,1,0,I rent the house where I live in (I pay rent every month),"Apartment or flat with less than 10 dwellings – a home in a building with other homes above, below or next to yours",1981-2000,No,No,No,No,No,No,5,Very unlikely,Yes,Yes,1,0,0,0,1,0,0,2,7.1,980.45,16.0,5.5,5.7,11.2,1828.77,45.16,0.3,No/Non-religious,Very confident — I can understand it easily,Yes,Yes,32.0,30-44,2_Medium,8,"Couple, no children"
Germany,Düsseldorf,8.0,8.0,2.0,9.0,5.0,3.0,1.0,6.0,1.0,1.0,2.0,1.0,1.0,3.6923076923076925,1,Woman or Non-binary,"University degree or higher (e.g. Bachelor's, Master's, PhD)","In paid employment or self-employment (including part-time work, temporary absence from work, or helping in a family business)",3.0,Urban,No,No,No,No,Well or less proficient,Confident or less confident,Non-EU citizen,I don't know,0,1,1,0,0,0,0,0,0,1,1,0,0,0,0,0,0,0,0,0,I rent the house where I live in (I pay rent every month),"Apartment or flat with less than 10 dwellings – a home in a building with other homes above, below or next to yours",1961-1980,No,No,No,No,No,No,4,Very unlikely,Yes,Yes,0,1,0,0,0,0,0,1,7.1,1045.22,16.0,5.5,5.7,11.2,1919.09,19.17,0.3,No/Non-religious,Very confident — I can understand it easily,No,No,44.0,30-44,2_Medium,7,Couple with children
Germany,Hannover,10.0,8.0,5.0,5.0,9.0,12.0,4.0,12.0,3.0,5.0,5.0,5.0,4.0,6.6923076923076925,2,Man,Further education or training after school (not university),"In paid employment or self-employment (including part-time work, temporary absence from work, or helping in a family business)",1.0,Urban,No,No,No,No,Well or less proficient,Very confident — I can do these tasks easily on my own,Citizen of this country,I don't know,1,0,0,0,0,0,0,0,0,1,1,0,0,0,0,0,0,0,0,0,I own the house or flat where I live and I do not pay a mortgage,"Apartment or flat with less than 10 dwellings – a home in a building with other homes above, below or next to yours",1945-1960,No,No,No,No,No,No,3,Somewhat likely,Yes,Yes,0,1,0,0,0,1,0,2,7.1,1075.05,16.0,5.5,5.7,11.2,1540.0,38.40000000000001,0.3,No/Non-religious,Confident — I can understand it with some help,Yes,Yes,35.0,30-44,1_Low,4,Lives alone
Germany,Thuringia,12.0,12.0,8.0,1.0,9.0,9.0,5.0,1.0,1.0,1.0,1.0,1.0,1.0,4.769230769230769,1,Man,Further education or training after school (not university),"Attending school, university, or other educational/training programmes",5.0,Rural,No,No,No,No,Mother tongue / Very well,Very confident — I can do these tasks easily on my own,Citizen of this country,I don't know,0,0,0,0,1,0,0,0,0,1,0,0,0,0,0,0,0,0,0,0,"I live here without paying rent (for example, staying with relatives of friends)",Detached house – a house that stands alone and is not joined to any other,2001-2010,No,No,No,No,Yes,Not applicable,1,Not applicable,Not sure,Not applicable,0,0,0,0,1,0,0,1,7.1,1043.92,16.0,5.5,5.7,11.2,1758.37,19.02,0.3,No/Non-religious,Another person is in charge of reading and/or paying the energy bill.,No,No,19.0,18-29,1_Low,7,Multi-generational / extended
Germany,Chemnitz,20.0,20.0,20.0,9.0,16.0,8.0,5.0,9.0,8.0,8.0,4.0,20.0,10.0,12.076923076923077,5,Man,"University degree or higher (e.g. Bachelor's, Master's, PhD)","In paid employment or self-employment (including part-time work, temporary absence from work, or helping in a family business)",4.0,Suburban,No,No,No,No,Well or less proficient,Very confident — I can do these tasks easily on my own,Citizen of this country,I don't know,0,0,0,0,0,0,0,1,0,1,1,0,0,0,0,0,0,0,0,0,I rent the house where I live in (I pay rent every month),"Apartment or flat with less than 10 dwellings – a home in a building with other homes above, below or next to yours",2016-2021,No,No,No,No,Yes,Not applicable,5,Not applicable,No,Not applicable,0,0,0,0,0,1,0,1,7.1,1045.22,16.0,5.5,5.7,11.2,1919.09,19.17,0.3,No/Non-religious,Very confident — I can understand it easily,Yes,No,37.0,30-44,2_Medium,4,Other shared
Germany,Münster,12.0,12.0,6.0,2.0,4.0,6.0,8.0,6.0,9.0,20.0,12.0,12.0,20.0,9.923076923076923,3,Man,Primary or Secondary education,"Attending school, university, or other educational/training programmes",1.0,Urban,No,No,No,No,Well or less proficient,Very confident — I can do these tasks easily on my own,Citizen of this country,A-B (high efficiency),1,0,0,0,0,0,0,0,1,1,0,0,0,0,0,0,0,0,0,0,I rent the house where I live in (I pay rent every month),"Apartment or flat with less than 10 dwellings – a home in a building with other homes above, below or next to yours",1981-2000,No,No,Yes,No,No,No,5,Very likely,Not sure,Yes,0,0,0,1,0,0,0,1,7.1,1211.37,16.0,5.5,5.7,11.2,2184.81,12.46,0.3,No/Non-religious,Very confident — I can understand it easily,Yes,Yes,21.0,18-29,1_Low,2,Lives alone
Germany,Hannover,15.0,15.0,8.0,6.0,16.0,8.0,10.0,6.0,1.0,8.0,6.0,9.0,8.0,8.923076923076923,3,Man,"University degree or higher (e.g. Bachelor's, Master's, PhD)","Attending school, university, or other educational/training programmes",3.0,Urban,No,No,No,No,Mother tongue / Very well,Very confident — I can do these tasks easily on my own,Non-EU citizen,I don't know,0,0,0,0,0,0,0,1,0,1,1,0,0,1,0,0,0,0,0,0,I rent the house where I live in (I pay rent every month),"Apartment or flat with less than 10 dwellings – a home in a building with other homes above, below or next to yours",1961-1980,No,No,No,No,I don't know,No,3,Likely,Not sure,No,0,1,0,0,0,0,0,1,7.1,1052.93,16.0,5.5,5.7,11.2,1659.33,23.99,0.3,No/Non-religious,Confident — I can understand it with some help,No,Yes,28.0,18-29,1_Low,4,Other shared
Germany,Kassel,16.0,16.0,9.0,2.0,8.0,9.0,8.0,16.0,5.0,9.0,8.0,4.0,8.0,9.076923076923077,3,Man,"University degree or higher (e.g. Bachelor's, Master's, PhD)","In paid employment or self-employment (including part-time work, temporary absence from work, or helping in a family business)",1.0,Urban,No,Yes,No,No,Well or less proficient,Very confident — I can do these tasks easily on my own,Citizen of this country,I don't know,1,0,0,0,0,0,0,0,0,1,1,0,0,0,0,0,0,0,0,0,I rent the house where I live in (I pay rent every month),"Apartment or flat with less than 10 dwellings – a home in a building with other homes above, below or next to yours",I don't know,No,No,No,No,No,I don't know,4,Somewhat likely,Yes,Not sure,0,0,0,0,0,0,0,0,7.1,1043.92,16.0,5.5,5.7,11.2,1758.37,19.02,0.3,No/Non-religious,Not very confident or worse,Yes,Yes,43.0,30-44,1_Low,6,Lives alone
Germany,Rheinhessen-Palatinate,16.0,2.0,4.0,8.0,12.0,12.0,2.0,6.0,9.0,2.0,9.0,16.0,6.0,8.0,2,Man,Further education or training after school (not university),"In paid employment or self-employment (including part-time work, temporary absence from work, or helping in a family business)",3.0,Suburban,No,No,No,No,Well or less proficient,Very confident — I can do these tasks easily on my own,Citizen of this country,I don't know,0,1,1,0,0,0,0,0,0,0,0,0,0,0,1,0,0,0,0,0,I rent the house where I live in (I pay rent every month),Semi-detached house – a house joined to one other house,2001-2010,No,No,No,No,No,No,2,Somewhat likely,No,Yes,0,0,1,0,0,0,0,1,7.1,1078.19,16.0,5.5,5.7,11.2,2022.48,10.69,0.3,No/Non-religious,Very confident — I can understand it easily,Yes,Yes,29.0,18-29,2_Medium,5,Couple with children
Germany,Düsseldorf,1.0,1.0,1.0,4.0,9.0,16.0,8.0,1.0,1.0,1.0,2.0,1.0,1.0,3.6153846153846154,1,Man,Primary or Secondary education,"Attending school, university, or other educational/training programmes",3.0,Urban,No,No,No,No,Well or less proficient,Very confident — I can do these tasks easily on my own,Citizen of this country,I don't know,0,0,0,0,0,0,0,1,0,1,1,0,0,0,0,0,0,0,0,0,I rent the house where I live in (I pay rent every month),"Apartment or flat with less than 10 dwellings – a home in a building with other homes above, below or next to yours",I don't know,No,No,No,No,No,No,5,Very likely,Yes,No,1,0,0,1,0,0,0,2,7.1,1045.22,16.0,5.5,5.7,11.2,1919.09,19.17,0.3,No/Non-religious,Confident — I can understand it with some help,Yes,Yes,21.0,18-29,3_High,6,Other shared
Germany,Lower Bavaria,12.0,1.0,2.0,16.0,9.0,6.0,12.0,12.0,6.0,16.0,16.0,12.0,20.0,10.76923076923077,4,Man,"University degree or higher (e.g. Bachelor's, Master's, PhD)","In paid employment or self-employment (including part-time work, temporary absence from work, or helping in a family business)",1.0,Urban,No,Yes,Yes or PNS,No,Well or less proficient,Very confident — I can do these tasks easily on my own,Citizen of this country,I don't know,1,0,0,0,0,0,0,0,0,1,1,0,0,0,0,0,0,0,0,0,I rent the house where I live in (I pay rent every month),Terraced house – a house that is part of a row of houses joined together,2001-2010,No,No,No,No,No,No,3,Likely,Yes,Not sure,1,0,0,0,0,0,0,1,7.1,1075.05,16.0,5.5,5.7,11.2,1540.0,38.40000000000001,0.3,No/Non-religious,Very confident — I can understand it easily,Yes,Yes,34.0,30-44,1_Low,8,Lives alone
Germany,Düsseldorf,15.0,15.0,25.0,5.0,15.0,1.0,1.0,15.0,1.0,9.0,4.0,1.0,1.0,8.307692307692308,2,Woman or Non-binary,Further education or training after school (not university),"In paid employment or self-employment (including part-time work, temporary absence from work, or helping in a family business)",2.0,Rural,No,No,Yes or PNS,No,Mother tongue / Very well,Very confident — I can do these tasks easily on my own,EU citizen from another country,I don't know,0,1,0,0,0,0,0,0,1,1,0,0,0,0,0,0,0,0,0,0,I rent the house where I live in (I pay rent every month),Semi-detached house – a house joined to one other house,I don't know,No,No,No,No,No,No,3,Very likely,Not sure,No,0,1,0,0,0,0,0,1,7.1,1045.22,16.0,5.5,5.7,11.2,1919.09,19.17,0.3,No/Non-religious,Confident — I can understand it with some help,No,No,32.0,30-44,2_Medium,7,"Couple, no children"
Germany,Cologne,8.0,10.0,4.0,4.0,4.0,4.0,1.0,4.0,6.0,2.0,2.0,6.0,2.0,4.384615384615385,1,Man,Primary or Secondary education,"In paid employment or self-employment (including part-time work, temporary absence from work, or helping in a family business)",2.0,Suburban,Yes,No,No,No,Mother tongue / Very well,Very confident — I can do these tasks easily on my own,Non-EU citizen,I don't know,1,0,0,0,0,0,0,0,0,1,0,0,0,0,0,0,0,0,0,0,I rent the house where I live in (I pay rent every month),"Apartment or flat with more than 10 dwellings – a home in a building with other homes above, below or next to yours",I don't know,No,No,Yes,No,No,No,4,Somewhat unlikely,No,Not sure,0,0,0,0,1,0,0,1,7.1,1075.05,16.0,5.5,5.7,11.2,1540.0,38.40000000000001,0.3,No/Non-religious,Another person is in charge of reading and/or paying the energy bill.,No,No,19.0,18-29,2_Medium,2,Lives alone
Germany,Hamburg,9.0,9.0,9.0,9.0,9.0,9.0,9.0,9.0,9.0,9.0,9.0,9.0,9.0,9.0,3,Man,"University degree or higher (e.g. Bachelor's, Master's, PhD)","Attending school, university, or other educational/training programmes",3.0,Suburban,No,No,No,No,Mother tongue / Very well,Very confident — I can do these tasks easily on my own,Citizen of this country,E-G (poor efficiency),0,0,0,0,0,0,1,0,0,0,1,0,0,0,0,0,0,0,0,0,"I live here without paying rent (for example, staying with relatives of friends)",Detached house – a house that stands alone and is not joined to any other,2011-2015,No,No,No,No,Yes,Not applicable,5,Not applicable,Yes,Not applicable,0,0,0,1,0,0,0,1,7.1,1045.22,16.0,5.5,5.7,11.2,1919.09,19.17,0.3,No/Non-religious,Very confident — I can understand it easily,Yes,Yes,28.0,18-29,2_Medium,9,Multi-generational / extended
Germany,Detmold,12.0,20.0,15.0,3.0,12.0,12.0,4.0,20.0,4.0,15.0,12.0,4.0,12.0,11.153846153846153,4,Man,"University degree or higher (e.g. Bachelor's, Master's, PhD)","In paid employment or self-employment (including part-time work, temporary absence from work, or helping in a family business)",1.0,Urban,Yes,No,No,Prefer not to say,Mother tongue / Very well,Very confident — I can do these tasks easily on my own,Non-EU citizen,I don't know,1,0,0,0,0,0,0,0,0,0,0,0,0,0,0,0,0,0,0,1,I rent the house where I live in (I pay rent every month),"Apartment or flat with more than 10 dwellings – a home in a building with other homes above, below or next to yours",I don't know,No,"Yes, once",No,No,I don't know,No,3,Unlikely,Not sure,No,1,1,1,1,0,0,0,4,7.1,1001.55,16.0,5.5,5.7,11.2,1792.43,12.98,0.3,Yes,Very confident — I can understand it easily,No,No,32.0,30-44,2_Medium,4,Lives alone
Germany,Darmstadt,20.0,20.0,20.0,9.0,6.0,6.0,1.0,9.0,9.0,16.0,6.0,2.0,8.0,10.153846153846153,4,Man,"University degree or higher (e.g. Bachelor's, Master's, PhD)","Attending school, university, or other educational/training programmes",4.0,Suburban,No,No,Yes or PNS,No,Mother tongue / Very well,Very confident — I can do these tasks easily on my own,Non-EU citizen,I don't know,0,0,0,0,0,0,0,1,0,0,0,0,0,0,0,0,0,0,1,0,I rent the house where I live in (I pay rent every month),"Apartment or flat with less than 10 dwellings – a home in a building with other homes above, below or next to yours",I don't know,No,No,No,No,No,No,3,Very likely,No,Not sure,1,0,0,0,0,0,1,2,7.1,1000.51,16.0,5.5,5.7,11.2,1802.79,18.7,0.3,No/Non-religious,Confident — I can understand it with some help,No,No,23.0,18-29,1_Low,2,Other shared
Germany,Saarland,8.0,8.0,5.0,2.0,6.0,12.0,4.0,12.0,9.0,4.0,3.0,8.0,4.0,6.538461538461538,2,Man,"University degree or higher (e.g. Bachelor's, Master's, PhD)","In paid employment or self-employment (including part-time work, temporary absence from work, or helping in a family business)",2.0,Urban,No,No,No,No,Well or less proficient,Very confident — I can do these tasks easily on my own,Citizen of this country,C (moderate),0,1,0,0,0,0,0,0,0,0,1,0,0,0,0,0,0,0,0,0,I rent the house where I live in (I pay rent every month),"Apartment or flat with more than 10 dwellings – a home in a building with other homes above, below or next to yours",1945-1960,No,"Yes, once",No,No,Yes,Not applicable,3,Not applicable,No,Not applicable,1,0,1,0,0,0,0,2,7.1,974.39,16.0,5.5,5.7,11.2,1727.78,48.24,0.3,No/Non-religious,Not very confident or worse,Yes,Yes,29.0,18-29,3_High,3,"Couple, no children"
Germany,Cologne,20.0,20.0,20.0,10.0,20.0,6.0,10.0,8.0,4.0,5.0,4.0,5.0,5.0,10.538461538461538,4,Man,"University degree or higher (e.g. Bachelor's, Master's, PhD)","In paid employment or self-employment (including part-time work, temporary absence from work, or helping in a family business)",1.0,Suburban,Yes,No,No,No,Mother tongue / Very well,Very confident — I can do these tasks easily on my own,Citizen of this country,A-B (high efficiency),1,0,0,0,0,0,0,0,1,1,1,0,0,0,0,0,0,1,0,0,I rent the house where I live in (I pay rent every month),"Apartment or flat with more than 10 dwellings – a home in a building with other homes above, below or next to yours",2011-2015,No,No,No,No,Yes,Not applicable,5,Not applicable,Yes,Not applicable,0,0,0,0,1,0,0,1,7.1,1123.41,16.0,5.5,5.7,11.2,1706.14,44.12,0.3,Yes,Confident — I can understand it with some help,No,No,23.0,18-29,1_Low,7,Lives alone
Germany,Düsseldorf,20.0,20.0,9.0,1.0,15.0,4.0,2.0,9.0,12.0,1.0,1.0,9.0,16.0,9.153846153846153,3,Man,Primary or Secondary education,Other,1.0,Suburban,No,Yes,No,No,Well or less proficient,Very confident — I can do these tasks easily on my own,Citizen of this country,I don't know,1,0,0,0,0,0,0,0,0,1,1,0,0,0,0,0,0,0,0,0,I rent the house where I live in (I pay rent every month),"Apartment or flat with less than 10 dwellings – a home in a building with other homes above, below or next to yours",1981-2000,No,No,No,No,I don't know,No,5,Very unlikely,No,Not sure,1,0,0,0,1,0,0,2,7.1,1045.22,16.0,5.5,5.7,11.2,1919.09,19.17,0.3,No/Non-religious,Confident — I can understand it with some help,Yes,Yes,32.0,30-44,1_Low,1,Lives alone
Germany,Lower Bavaria,16.0,16.0,12.0,12.0,20.0,4.0,4.0,6.0,4.0,4.0,4.0,4.0,12.0,9.076923076923077,3,Woman or Non-binary,"University degree or higher (e.g. Bachelor's, Master's, PhD)",Unemployed (actively seeking work or available to start work),3.0,Suburban,Prefer not to say,Prefer not to say,No,No,Mother tongue / Very well,Very confident — I can do these tasks easily on my own,Non-EU citizen,I don't know,0,0,0,0,0,0,0,1,0,1,1,0,0,0,0,0,0,0,0,0,I rent the house where I live in (I pay rent every month),"Apartment or flat with less than 10 dwellings – a home in a building with other homes above, below or next to yours",I don't know,No,No,No,No,Yes,Not applicable,5,Not applicable,No,Not applicable,1,0,1,1,0,0,0,3,7.1,1075.05,16.0,5.5,5.7,11.2,1540.0,38.40000000000001,0.3,Prefer not to say,Confident — I can understand it with some help,No,No,30.0,30-44,2_Medium,4,Other shared
Germany,Leipzig,16.0,16.0,16.0,16.0,25.0,9.0,4.0,9.0,9.0,9.0,4.0,9.0,16.0,12.153846153846153,5,Woman or Non-binary,"University degree or higher (e.g. Bachelor's, Master's, PhD)","In paid employment or self-employment (including part-time work, temporary absence from work, or helping in a family business)",1.0,Urban,No,No,No,No,Mother tongue / Very well,Very confident — I can do these tasks easily on my own,Citizen of this country,D (below average),1,0,0,0,0,0,0,0,0,0,0,0,0,0,0,0,0,0,0,1,I rent the house where I live in (I pay rent every month),"Apartment or flat with more than 10 dwellings – a home in a building with other homes above, below or next to yours",2001-2010,No,No,No,No,Yes,Not applicable,4,Not applicable,Not sure,Not applicable,0,0,0,0,0,0,0,0,7.1,1045.22,16.0,5.5,5.7,11.2,1919.09,19.17,0.3,No/Non-religious,Very confident — I can understand it easily,No,No,26.0,18-29,2_Medium,8,Lives alone
Germany,Middle Franconia,25.0,25.0,25.0,3.0,3.0,20.0,8.0,1.0,16.0,25.0,25.0,20.0,20.0,16.615384615384617,5,Man,"University degree or higher (e.g. Bachelor's, Master's, PhD)","In paid employment or self-employment (including part-time work, temporary absence from work, or helping in a family business)",2.0,Urban,No,Yes,No,No,Mother tongue / Very well,Very confident — I can do these tasks easily on my own,Citizen of this country,A-B (high efficiency),0,1,0,0,0,0,0,0,1,0,0,0,0,0,0,0,0,0,0,0,I rent the house where I live in (I pay rent every month),"Apartment or flat with less than 10 dwellings – a home in a building with other homes above, below or next to yours",2016-2021,No,No,No,No,No,No,2,Very likely,No,No,0,1,0,0,0,0,0,1,7.1,1075.74,16.0,5.5,5.7,11.2,1855.38,19.36,0.3,No/Non-religious,Confident — I can understand it with some help,Yes,Yes,31.0,30-44,2_Medium,5,"Couple, no children"
Germany,Stuttgart,4.0,4.0,1.0,20.0,4.0,20.0,5.0,8.0,25.0,3.0,9.0,3.0,4.0,8.461538461538462,3,Man,Primary or Secondary education,"Attending school, university, or other educational/training programmes",2.0,Urban,Yes,Yes,No,No,Well or less proficient,Very confident — I can do these tasks easily on my own,Citizen of this country,I don't know,0,1,0,0,0,0,0,0,0,0,0,0,0,0,0,0,0,1,0,0,I rent the house where I live in (I pay rent every month),"Apartment or flat with less than 10 dwellings – a home in a building with other homes above, below or next to yours",Before 1945,No,"Yes, twice or more",No,No,No,No,2,Not sure,No,No,1,1,1,1,1,1,1,7,7.1,1045.22,16.0,5.5,5.7,11.2,1919.09,19.17,0.3,No/Non-religious,Confident — I can understand it with some help,Yes,Yes,25.0,18-29,1_Low,1,"Couple, no children"
Germany,Rheinhessen-Palatinate,16.0,16.0,5.0,10.0,8.0,8.0,5.0,6.0,2.0,5.0,5.0,20.0,5.0,8.538461538461538,3,Woman or Non-binary,"University degree or higher (e.g. Bachelor's, Master's, PhD)","In paid employment or self-employment (including part-time work, temporary absence from work, or helping in a family business)",2.0,Suburban,No,No,No,No,Mother tongue / Very well,Confident or less confident,Citizen of this country,I don't know,0,0,1,0,0,0,0,0,1,1,0,0,0,0,0,0,0,0,0,0,I own the house or flat where I live and I am paying if with a mortgage,"Apartment or flat with less than 10 dwellings – a home in a building with other homes above, below or next to yours",1961-1980,"Yes, twice or more",No,No,No,No,No,3,Somewhat unlikely,No,No,0,0,0,0,0,0,0,0,7.1,938.1,16.0,5.5,5.7,11.2,1921.95,31.71,0.3,No/Non-religious,Confident — I can understand it with some help,Yes,No,34.0,30-44,3_High,8,Single parent
Germany,Berlin,20.0,20.0,15.0,4.0,20.0,20.0,5.0,6.0,9.0,25.0,16.0,20.0,25.0,15.76923076923077,5,Man,"University degree or higher (e.g. Bachelor's, Master's, PhD)","In paid employment or self-employment (including part-time work, temporary absence from work, or helping in a family business)",3.0,Urban,No,No,No,No,Mother tongue / Very well,Very confident — I can do these tasks easily on my own,Citizen of this country,I don't know,0,0,0,0,0,0,0,1,0,1,1,0,0,0,0,0,0,0,0,0,I rent the house where I live in (I pay rent every month),Terraced house – a house that is part of a row of houses joined together,I don't know,No,No,Yes,No,I don't know,No,5,Very likely,Yes,Yes,0,0,0,0,0,0,0,0,7.1,1045.22,16.0,5.5,5.7,11.2,1919.09,19.17,0.3,No/Non-religious,Very confident — I can understand it easily,Yes,Yes,25.0,18-29,3_High,7,Other shared
Germany,Karlsruhe,8.0,8.0,9.0,3.0,4.0,8.0,6.0,12.0,6.0,2.0,3.0,8.0,4.0,6.230769230769231,2,Woman or Non-binary,"University degree or higher (e.g. Bachelor's, Master's, PhD)","In paid employment or self-employment (including part-time work, temporary absence from work, or helping in a family business)",4.0,Suburban,Yes,No,No,No,Mother tongue / Very well,Very confident — I can do these tasks easily on my own,Non-EU citizen,E-G (poor efficiency),0,1,1,0,0,0,0,0,0,1,0,0,0,0,0,0,0,0,0,0,I rent the house where I live in (I pay rent every month),"Apartment or flat with more than 10 dwellings – a home in a building with other homes above, below or next to yours",2016-2021,"Yes, once","Yes, twice or more",No,No,No,No,5,Very likely,Not sure,No,0,0,0,1,0,0,0,1,7.1,1007.25,16.0,5.5,5.7,11.2,1750.33,24.56,0.3,No/Non-religious,Not very confident or worse,No,No,31.0,30-44,3_High,5,Couple with children
Ireland,Eastern and Midland,12.0,12.0,5.0,12.0,20.0,12.0,20.0,25.0,10.0,15.0,25.0,5.0,15.0,14.461538461538462,5,Woman or Non-binary,"University degree or higher (e.g. Bachelor's, Master's, PhD)","In paid employment or self-employment (including part-time work, temporary absence from work, or helping in a family business)",2.0,Suburban,No,No,No,No,Well or less proficient,Confident or less confident,Citizen of this country,I don't know,0,1,0,0,0,0,0,0,0,1,1,0,0,0,0,0,0,0,0,0,I rent the house where I live in (I pay rent every month),"Apartment or flat with less than 10 dwellings – a home in a building with other homes above, below or next to yours",I don't know,No,No,No,No,No,I don't know,4,Very likely,Not sure,No,0,0,0,0,1,0,1,2,7.1,980.45,16.0,5.5,5.7,11.2,1828.77,45.16,0.3,No/Non-religious,Not very confident or worse,No,No,27.0,18-29,3_High,6,"Couple, no children"
Germany,Stuttgart,10.0,4.0,4.0,10.0,15.0,20.0,15.0,4.0,3.0,4.0,3.0,4.0,10.0,8.153846153846153,2,Woman or Non-binary,"University degree or higher (e.g. Bachelor's, Master's, PhD)","In paid employment or self-employment (including part-time work, temporary absence from work, or helping in a family business)",2.0,Rural,No,No,No,No,Mother tongue / Very well,Very confident — I can do these tasks easily on my own,Citizen of this country,I don't know,0,1,0,0,0,0,0,0,1,1,0,1,0,0,0,0,0,0,0,0,I own the house or flat where I live and I am paying if with a mortgage,Detached house – a house that stands alone and is not joined to any other,2022 or after,No,No,No,No,Yes,Not applicable,4,Not applicable,Not sure,Not applicable,0,1,0,0,0,0,0,1,6.9,907.0,21.2,2.8,4.5,5.3,1820.78,0.0,0.2,No/Non-religious,Very confident — I can understand it easily,No,No,48.0,45+,3_High,8,"Couple, no children"
Germany,Saarland,9.0,12.0,9.0,12.0,15.0,9.0,9.0,12.0,9.0,12.0,16.0,9.0,20.0,11.76923076923077,4,Man,Primary or Secondary education,"Attending school, university, or other educational/training programmes",1.0,Urban,No,No,No,No,Mother tongue / Very well,Confident or less confident,EU citizen from another country,E-G (poor efficiency),1,0,0,0,0,0,0,0,0,1,0,0,0,0,0,0,0,0,0,0,I own the house or flat where I live and I am paying if with a mortgage,"Apartment or flat with more than 10 dwellings – a home in a building with other homes above, below or next to yours",2001-2010,"Yes, once","Yes, once",Yes,No,No,No,4,Unlikely,Yes,Yes,0,1,0,0,0,0,0,1,7.1,938.1,16.0,5.5,5.7,11.2,1921.95,31.71,0.3,No/Non-religious,Very confident — I can understand it easily,No,No,18.0,18-29,2_Medium,2,Lives alone
Germany,Upper Palatinate,25.0,25.0,25.0,4.0,16.0,25.0,9.0,25.0,1.0,4.0,1.0,9.0,16.0,14.23076923076923,5,Woman or Non-binary,Further education or training after school (not university),Unemployed (actively seeking work or available to start work),2.0,Suburban,No,No,No,No,Mother tongue / Very well,Very confident — I can do these tasks easily on my own,Citizen of this country,I don't know,0,1,0,0,0,0,0,0,0,1,0,0,0,0,0,0,0,0,0,0,I rent the house where I live in (I pay rent every month),"Apartment or flat with less than 10 dwellings – a home in a building with other homes above, below or next to yours",2001-2010,"Yes, once","Yes, once",No,No,Yes,Not applicable,5,Not applicable,No,Not applicable,1,1,1,0,0,0,1,4,7.1,1123.41,16.0,5.5,5.7,11.2,1706.14,44.12,0.3,No/Non-religious,Confident — I can understand it with some help,Yes,No,26.0,18-29,2_Medium,8,"Couple, no children"
Germany,Tübingen,20.0,20.0,15.0,2.0,5.0,8.0,16.0,9.0,3.0,6.0,10.0,12.0,5.0,10.076923076923077,3,Man,Further education or training after school (not university),"Attending school, university, or other educational/training programmes",1.0,Urban,Yes,Yes,No,No,Mother tongue / Very well,Very confident — I can do these tasks easily on my own,Citizen of this country,I don't know,1,0,0,0,0,0,0,0,0,1,0,0,0,0,0,0,0,0,0,0,I rent the house where I live in (I pay rent every month),"Apartment or flat with less than 10 dwellings – a home in a building with other homes above, below or next to yours",1945-1960,No,No,No,Yes,Yes,Not applicable,2,Not applicable,No,Not applicable,1,0,0,0,0,0,0,1,7.1,1045.22,16.0,5.5,5.7,11.2,1919.09,19.17,0.3,Yes,Confident — I can understand it with some help,No,No,46.0,45+,1_Low,3,Lives alone
Germany,Cologne,12.0,15.0,10.0,4.0,8.0,9.0,15.0,2.0,6.0,10.0,2.0,2.0,4.0,7.615384615384615,2,Woman or Non-binary,"University degree or higher (e.g. Bachelor's, Master's, PhD)","In paid employment or self-employment (including part-time work, temporary absence from work, or helping in a family business)",2.0,Suburban,No,No,No,No,Well or less proficient,Very confident — I can do these tasks easily on my own,Citizen of this country,I don't know,0,1,0,0,0,0,0,0,1,1,0,0,0,0,0,0,0,0,0,0,I own the house or flat where I live and I am paying if with a mortgage,Detached house – a house that stands alone and is not joined to any other,1981-2000,No,No,No,No,Yes,Not applicable,5,Not applicable,Yes,Not applicable,0,1,0,1,0,0,0,2,7.1,937.6,16.0,5.5,5.7,11.2,2180.2,10.11,0.3,No/Non-religious,Very confident — I can understand it easily,Yes,Yes,28.0,18-29,3_High,9,"Couple, no children"
Germany,Berlin,4.0,4.0,1.0,1.0,1.0,1.0,1.0,1.0,1.0,1.0,1.0,1.0,1.0,1.4615384615384615,1,Man,"University degree or higher (e.g. Bachelor's, Master's, PhD)","Attending school, university, or other educational/training programmes",2.0,Urban,No,No,No,No,Well or less proficient,Very confident — I can do these tasks easily on my own,Citizen of this country,I don't know,0,1,0,0,0,0,0,0,0,1,0,0,0,0,0,0,0,0,0,0,I rent the house where I live in (I pay rent every month),"Apartment or flat with more than 10 dwellings – a home in a building with other homes above, below or next to yours",I don't know,No,No,No,No,No,No,5,Somewhat likely,Yes,Yes,0,1,1,1,0,0,0,3,7.1,1045.22,16.0,5.5,5.7,11.2,1919.09,19.17,0.3,No/Non-religious,Confident — I can understand it with some help,Yes,Yes,26.0,18-29,3_High,6,"Couple, no children"
Germany,Weser-Ems,25.0,20.0,12.0,4.0,9.0,12.0,12.0,16.0,12.0,8.0,3.0,1.0,1.0,10.384615384615385,4,Man,Further education or training after school (not university),"In paid employment or self-employment (including part-time work, temporary absence from work, or helping in a family business)",6.0,Urban,No,No,No,Yes,Mother tongue / Very well,Very confident — I can do these tasks easily on my own,Citizen of this country,I don't know,0,1,1,0,0,0,0,0,1,1,0,0,0,0,0,0,0,0,0,0,I rent the house where I live in (I pay rent every month),"Apartment or flat with more than 10 dwellings – a home in a building with other homes above, below or next to yours",1961-1980,No,No,No,No,I don't know,No,5,Not sure,No,Not sure,0,1,0,1,0,0,0,2,7.1,1007.25,16.0,5.5,5.7,11.2,1750.33,24.56,0.3,No/Non-religious,Very confident — I can understand it easily,No,No,51.0,45+,3_High,3,Couple with children
Germany,Berlin,12.0,16.0,4.0,1.0,6.0,4.0,1.0,1.0,1.0,1.0,1.0,1.0,1.0,3.8461538461538463,1,Man,"University degree or higher (e.g. Bachelor's, Master's, PhD)","In paid employment or self-employment (including part-time work, temporary absence from work, or helping in a family business)",2.0,Urban,No,No,No,No,Well or less proficient,Very confident — I can do these tasks easily on my own,Citizen of this country,I don't know,0,1,0,0,0,0,0,0,1,0,1,0,0,0,0,0,0,0,0,0,I rent the house where I live in (I pay rent every month),"Apartment or flat with less than 10 dwellings – a home in a building with other homes above, below or next to yours",1961-1980,No,No,No,No,No,No,5,Very likely,Yes,Not sure,0,0,0,1,0,0,0,1,7.1,1034.17,16.0,5.5,5.7,11.2,1729.38,11.01,0.3,No/Non-religious,Very confident — I can understand it easily,Yes,No,25.0,18-29,2_Medium,6,"Couple, no children"
Germany,Cologne,12.0,8.0,8.0,2.0,15.0,6.0,6.0,9.0,12.0,6.0,6.0,6.0,3.0,7.615384615384615,2,Man,"University degree or higher (e.g. Bachelor's, Master's, PhD)",Unemployed (actively seeking work or available to start work),3.0,Urban,Yes,No,No,Prefer not to say,Mother tongue / Very well,Confident or less confident,Non-EU citizen,I don't know,0,0,0,0,0,0,0,1,0,1,0,0,0,0,0,0,0,1,0,0,I rent the house where I live in (I pay rent every month),"Apartment or flat with less than 10 dwellings – a home in a building with other homes above, below or next to yours",I don't know,No,No,No,No,No,No,3,Very likely,No,No,0,1,1,0,0,0,0,2,7.1,1007.25,16.0,5.5,5.7,11.2,1750.33,24.56,0.3,Prefer not to say,Confident — I can understand it with some help,No,No,27.0,18-29,1_Low,4,Other shared
Germany,Karlsruhe,8.0,8.0,1.0,3.0,4.0,3.0,1.0,3.0,5.0,16.0,2.0,1.0,1.0,4.3076923076923075,1,Man,Further education or training after school (not university),Unemployed (actively seeking work or available to start work),1.0,Urban,Yes,No,No,No,Well or less proficient,Very confident — I can do these tasks easily on my own,Non-EU citizen,I don't know,1,0,0,0,0,0,0,0,0,1,0,0,0,0,0,0,0,0,0,0,I rent the house where I live in (I pay rent every month),"Apartment or flat with more than 10 dwellings – a home in a building with other homes above, below or next to yours",1961-1980,No,"Yes, once",Yes,Yes,I don't know,I don't know,3,Unlikely,No,Not sure,1,1,0,0,0,0,1,3,7.1,1045.22,16.0,5.5,5.7,11.2,1919.09,19.17,0.3,No/Non-religious,Very confident — I can understand it easily,No,Yes,28.0,18-29,3_High,5,Lives alone
Germany,Stuttgart,20.0,20.0,10.0,6.0,12.0,4.0,6.0,4.0,4.0,9.0,4.0,4.0,16.0,9.153846153846153,3,Woman or Non-binary,Further education or training after school (not university),Unemployed (actively seeking work or available to start work),4.0,Urban,Yes,No,No,No,Well or less proficient,Very confident — I can do these tasks easily on my own,Citizen of this country,I don't know,0,1,1,0,0,0,0,0,1,1,0,0,0,0,0,0,0,0,0,0,I rent the house where I live in (I pay rent every month),"Apartment or flat with more than 10 dwellings – a home in a building with other homes above, below or next to yours",2016-2021,No,No,Yes,No,No,No,5,Somewhat likely,Yes,No,1,1,1,0,0,0,0,3,7.1,980.45,16.0,5.5,5.7,11.2,1828.77,45.16,0.3,Yes,Not very confident or worse,Yes,No,35.0,30-44,2_Medium,6,Couple with children
Germany,Upper Bavaria,10.0,10.0,9.0,6.0,10.0,9.0,1.0,6.0,9.0,4.0,6.0,10.0,9.0,7.615384615384615,2,Woman or Non-binary,"University degree or higher (e.g. Bachelor's, Master's, PhD)","Attending school, university, or other educational/training programmes",2.0,Suburban,No,Yes,No,No,Well or less proficient,Very confident — I can do these tasks easily on my own,Citizen of this country,I don't know,0,1,0,0,0,0,0,0,0,1,0,0,0,0,0,0,0,1,0,0,I rent the house where I live in (I pay rent every month),"Apartment or flat with less than 10 dwellings – a home in a building with other homes above, below or next to yours",2022 or after,No,No,No,No,No,No,3,Very likely,Not sure,No,0,1,0,0,1,0,1,3,7.1,938.1,16.0,5.5,5.7,11.2,1921.95,31.71,0.3,No/Non-religious,Confident — I can understand it with some help,Yes,Yes,24.0,18-29,3_High,9,"Couple, no children"
Germany,Darmstadt,12.0,12.0,12.0,9.0,9.0,6.0,1.0,4.0,6.0,1.0,1.0,1.0,2.0,5.846153846153846,1,Woman or Non-binary,"University degree or higher (e.g. Bachelor's, Master's, PhD)","In paid employment or self-employment (including part-time work, temporary absence from work, or helping in a family business)",3.0,Rural,Yes,No,Yes or PNS,No,Well or less proficient,Very confident — I can do these tasks easily on my own,Citizen of this country,I don't know,0,1,1,0,0,0,0,0,1,1,0,0,0,0,0,0,0,0,0,0,I rent the house where I live in (I pay rent every month),Semi-detached house – a house joined to one other house,I don't know,No,No,No,No,No,I don't know,5,Very likely,Not sure,Yes,0,0,0,1,0,0,0,1,7.1,1045.22,16.0,5.5,5.7,11.2,1919.09,19.17,0.3,No/Non-religious,Another person is in charge of reading and/or paying the energy bill.,No,No,42.0,30-44,3_High,9,Couple with children
Germany,Tübingen,3.0,6.0,5.0,4.0,9.0,1.0,5.0,8.0,1.0,8.0,5.0,20.0,10.0,6.538461538461538,2,Woman or Non-binary,"University degree or higher (e.g. Bachelor's, Master's, PhD)","In paid employment or self-employment (including part-time work, temporary absence from work, or helping in a family business)",2.0,Rural,No,No,No,No,Well or less proficient,Very confident — I can do these tasks easily on my own,Citizen of this country,A-B (high efficiency),0,1,0,0,0,0,0,0,0,1,0,0,0,1,0,0,0,0,0,0,I rent the house where I live in (I pay rent every month),"Apartment or flat with less than 10 dwellings – a home in a building with other homes above, below or next to yours",I don't know,No,No,No,No,Yes,Not applicable,5,Not applicable,Not sure,Not applicable,0,0,1,0,0,0,0,1,7.1,974.39,16.0,5.5,5.7,11.2,1727.78,48.24,0.3,No/Non-religious,Confident — I can understand it with some help,Yes,No,31.0,30-44,3_High,7,"Couple, no children"
Germany,Düsseldorf,25.0,25.0,12.0,12.0,20.0,12.0,16.0,12.0,12.0,25.0,12.0,16.0,25.0,17.23076923076923,5,Man,Further education or training after school (not university),"In paid employment or self-employment (including part-time work, temporary absence from work, or helping in a family business)",1.0,Rural,No,No,No,No,Mother tongue / Very well,Confident or less confident,Citizen of this country,I don't know,1,0,0,0,0,0,0,0,0,1,0,0,0,1,0,0,0,0,0,0,I own the house or flat where I live and I am paying if with a mortgage,"Apartment or flat with less than 10 dwellings – a home in a building with other homes above, below or next to yours",2022 or after,No,No,No,No,No,No,5,Very likely,Yes,Yes,0,1,0,0,0,0,0,1,7.1,937.6,16.0,5.5,5.7,11.2,2180.2,10.11,0.3,No/Non-religious,Confident — I can understand it with some help,Yes,Yes,37.0,30-44,1_Low,5,Lives alone
Germany,Lower Bavaria,9.0,12.0,4.0,9.0,9.0,1.0,4.0,4.0,1.0,4.0,1.0,1.0,1.0,4.615384615384615,1,Woman or Non-binary,"University degree or higher (e.g. Bachelor's, Master's, PhD)","In paid employment or self-employment (including part-time work, temporary absence from work, or helping in a family business)",2.0,Urban,Yes,No,No,No,Mother tongue / Very well,Very confident — I can do these tasks easily on my own,EU citizen from another country,C (moderate),0,0,0,0,1,0,0,0,0,1,0,0,0,0,0,0,0,0,0,0,I own the house or flat where I live and I do not pay a mortgage,"Apartment or flat with more than 10 dwellings – a home in a building with other homes above, below or next to yours",1945-1960,No,No,No,No,No,Yes,5,Not applicable,Not sure,Not applicable,1,1,0,1,1,0,0,4,7.1,1075.05,16.0,5.5,5.7,11.2,1540.0,38.40000000000001,0.3,No/Non-religious,Very confident — I can understand it easily,No,No,48.0,45+,1_Low,4,Multi-generational / extended
Germany,Karlsruhe,16.0,20.0,1.0,9.0,20.0,9.0,9.0,9.0,4.0,4.0,4.0,4.0,4.0,8.692307692307692,3,Woman or Non-binary,"University degree or higher (e.g. Bachelor's, Master's, PhD)","In paid employment or self-employment (including part-time work, temporary absence from work, or helping in a family business)",2.0,Rural,No,No,No,No,Well or less proficient,Very confident — I can do these tasks easily on my own,Citizen of this country,I don't know,0,1,0,0,0,0,0,0,0,1,0,0,0,0,0,0,0,0,0,0,I rent the house where I live in (I pay rent every month),Semi-detached house – a house joined to one other house,2022 or after,No,No,No,No,Yes,Not applicable,4,Not applicable,Yes,Not applicable,0,0,0,0,0,0,0,0,7.1,1045.22,16.0,5.5,5.7,11.2,1919.09,19.17,0.3,No/Non-religious,Not very confident or worse,Yes,Yes,31.0,30-44,3_High,9,"Couple, no children"
Germany,Bremen,15.0,15.0,2.0,1.0,4.0,1.0,1.0,1.0,1.0,1.0,1.0,1.0,1.0,3.4615384615384617,1,Woman or Non-binary,Further education or training after school (not university),"In paid employment or self-employment (including part-time work, temporary absence from work, or helping in a family business)",2.0,Urban,No,No,No,No,Well or less proficient,Very confident — I can do these tasks easily on my own,Citizen of this country,I don't know,0,1,0,0,0,0,0,0,0,1,0,0,0,0,0,0,0,0,0,0,I rent the house where I live in (I pay rent every month),"Apartment or flat with more than 10 dwellings – a home in a building with other homes above, below or next to yours",1961-1980,No,No,No,No,No,No,5,Somewhat likely,Yes,Not sure,0,1,0,1,0,0,0,2,7.1,980.45,16.0,5.5,5.7,11.2,1828.77,45.16,0.3,No/Non-religious,Confident — I can understand it with some help,Yes,Yes,25.0,18-29,2_Medium,5,"Couple, no children"
Germany,Münster,12.0,16.0,20.0,6.0,6.0,8.0,3.0,4.0,2.0,16.0,6.0,12.0,8.0,9.153846153846153,3,Man,"University degree or higher (e.g. Bachelor's, Master's, PhD)","In paid employment or self-employment (including part-time work, temporary absence from work, or helping in a family business)",4.0,Urban,Yes,No,No,No,Well or less proficient,Very confident — I can do these tasks easily on my own,Non-EU citizen,E-G (poor efficiency),0,0,1,0,0,0,0,0,0,1,1,0,0,0,0,0,0,0,0,0,I own the house or flat where I live and I am paying if with a mortgage,Terraced house – a house that is part of a row of houses joined together,1945-1960,"Yes, once",No,No,No,Yes,Not applicable,4,Not applicable,No,Not applicable,0,1,0,0,0,0,0,1,7.1,1054.27,16.0,5.5,5.7,11.2,1777.36,13.52,0.3,No/Non-religious,Very confident — I can understand it easily,No,No,41.0,30-44,3_High,7,Single parent
Germany,Lower Bavaria,12.0,20.0,6.0,2.0,4.0,12.0,8.0,20.0,4.0,12.0,2.0,6.0,8.0,8.923076923076923,3,Woman or Non-binary,Primary or Secondary education,"In paid employment or self-employment (including part-time work, temporary absence from work, or helping in a family business)",2.0,Urban,No,No,No,No,Mother tongue / Very well,Confident or less confident,Citizen of this country,E-G (poor efficiency),0,1,0,0,0,0,0,0,1,1,0,0,0,0,0,0,0,0,0,0,I rent the house where I live in (I pay rent every month),"Apartment or flat with less than 10 dwellings – a home in a building with other homes above, below or next to yours",1961-1980,No,No,No,No,I don't know,Yes,4,Not applicable,No,Not applicable,0,1,0,0,0,0,0,1,7.1,1052.93,16.0,5.5,5.7,11.2,1659.33,23.99,0.3,No/Non-religious,Very confident — I can understand it easily,Yes,Yes,28.0,18-29,2_Medium,4,"Couple, no children"
Germany,Stuttgart,12.0,8.0,8.0,8.0,12.0,8.0,4.0,6.0,1.0,4.0,4.0,4.0,8.0,6.6923076923076925,2,Man,Primary or Secondary education,"In paid employment or self-employment (including part-time work, temporary absence from work, or helping in a family business)",5.0,Suburban,No,No,No,No,Well or less proficient,Confident or less confident,Citizen of this country,A-B (high efficiency),0,0,1,0,1,0,0,0,0,1,0,0,0,0,0,0,0,0,0,0,"I live here without paying rent (for example, staying with relatives of friends)",Semi-detached house – a house joined to one other house,2016-2021,No,No,No,No,No,Yes,4,Not applicable,Yes,Not applicable,1,0,1,1,0,0,0,3,7.1,1045.22,16.0,5.5,5.7,11.2,1919.09,19.17,0.3,No/Non-religious,Not very confident or worse,Yes,Yes,20.0,18-29,1_Low,6,Single parent
Germany,Lower Bavaria,25.0,25.0,4.0,8.0,20.0,16.0,4.0,8.0,8.0,8.0,6.0,8.0,10.0,11.538461538461538,4,Man,Further education or training after school (not university),"Attending school, university, or other educational/training programmes",4.0,Rural,Yes,No,No,No,Mother tongue / Very well,Very confident — I can do these tasks easily on my own,Citizen of this country,I don't know,0,1,0,0,1,0,0,0,0,1,1,0,0,0,0,0,0,0,0,0,I own the house or flat where I live and I am paying if with a mortgage,Detached house – a house that stands alone and is not joined to any other,2022 or after,No,No,No,No,Yes,Not applicable,5,Not applicable,No,Not applicable,0,0,0,0,0,0,0,0,7.1,938.1,16.0,5.5,5.7,11.2,1921.95,31.71,0.3,No/Non-religious,Very confident — I can understand it easily,No,No,22.0,18-29,3_High,5,"Couple, no children"
Germany,Münster,16.0,16.0,12.0,4.0,20.0,12.0,8.0,8.0,2.0,4.0,4.0,20.0,5.0,10.076923076923077,4,Man,"University degree or higher (e.g. Bachelor's, Master's, PhD)","In paid employment or self-employment (including part-time work, temporary absence from work, or helping in a family business)",1.0,Suburban,No,No,No,No,Well or less proficient,Very confident — I can do these tasks easily on my own,Citizen of this country,E-G (poor efficiency),1,0,0,0,0,0,0,0,0,1,1,0,0,0,0,0,0,0,0,0,I own the house or flat where I live and I am paying if with a mortgage,"Apartment or flat with more than 10 dwellings – a home in a building with other homes above, below or next to yours",2022 or after,No,No,No,No,No,Yes,4,Not applicable,Yes,Not applicable,0,0,0,1,0,0,0,1,7.1,1045.22,16.0,5.5,5.7,11.2,1919.09,19.17,0.3,No/Non-religious,Confident — I can understand it with some help,No,No,38.0,30-44,3_High,6,Lives alone
Germany,Berlin,20.0,20.0,4.0,1.0,8.0,1.0,1.0,1.0,1.0,4.0,1.0,1.0,1.0,4.923076923076923,1,Man,"University degree or higher (e.g. Bachelor's, Master's, PhD)","In paid employment or self-employment (including part-time work, temporary absence from work, or helping in a family business)",3.0,Suburban,No,Yes,No,No,Mother tongue / Very well,Very confident — I can do these tasks easily on my own,Citizen of this country,I don't know,0,1,1,0,0,0,0,0,0,1,0,0,0,0,0,0,0,0,1,0,I own the house or flat where I live and I do not pay a mortgage,Detached house – a house that stands alone and is not joined to any other,1981-2000,No,No,No,No,No,Yes,4,Not applicable,Yes,Not applicable,0,0,0,0,0,0,0,0,7.1,1052.93,16.0,5.5,5.7,11.2,1659.33,23.99,0.3,No/Non-religious,Very confident — I can understand it easily,Yes,Yes,30.0,30-44,2_Medium,6,Couple with children
Germany,Münster,15.0,15.0,1.0,16.0,8.0,5.0,4.0,1.0,5.0,4.0,4.0,4.0,9.0,7.0,2,Man,"University degree or higher (e.g. Bachelor's, Master's, PhD)",Unemployed (actively seeking work or available to start work),2.0,Urban,No,No,No,Yes,Mother tongue / Very well,Very confident — I can do these tasks easily on my own,EU citizen from another country,E-G (poor efficiency),0,1,0,0,0,0,0,0,1,1,0,0,0,0,0,0,0,0,0,0,I own the house or flat where I live and I am paying if with a mortgage,"Apartment or flat with more than 10 dwellings – a home in a building with other homes above, below or next to yours",1945-1960,No,No,No,No,No,I don't know,4,Very likely,Not sure,Not sure,1,1,0,0,0,0,0,2,7.1,1007.25,16.0,5.5,5.7,11.2,1750.33,24.56,0.3,No/Non-religious,Confident — I can understand it with some help,No,No,31.0,30-44,3_High,6,"Couple, no children"
Germany,Saarland,5.0,5.0,9.0,8.0,25.0,15.0,9.0,16.0,9.0,8.0,8.0,16.0,9.0,10.923076923076923,4,Man,"University degree or higher (e.g. Bachelor's, Master's, PhD)","In paid employment or self-employment (including part-time work, temporary absence from work, or helping in a family business)",3.0,Rural,No,No,No,No,Mother tongue / Very well,Very confident — I can do these tasks easily on my own,Citizen of this country,I don't know,0,0,1,0,0,0,0,0,0,0,0,0,0,0,1,0,0,0,0,0,I own the house or flat where I live and I am paying if with a mortgage,Detached house – a house that stands alone and is not joined to any other,2022 or after,No,No,No,No,No,No,5,Somewhat likely,Yes,Yes,0,0,0,0,0,0,0,0,7.1,1052.93,16.0,5.5,5.7,11.2,1659.33,23.99,0.3,No/Non-religious,Very confident — I can understand it easily,Yes,Yes,37.0,30-44,3_High,9,Single parent
Germany,Saarland,16.0,25.0,9.0,6.0,12.0,1.0,4.0,4.0,1.0,1.0,1.0,1.0,1.0,6.3076923076923075,2,Man,"University degree or higher (e.g. Bachelor's, Master's, PhD)","In paid employment or self-employment (including part-time work, temporary absence from work, or helping in a family business)",1.0,Suburban,No,No,No,No,Well or less proficient,Very confident — I can do these tasks easily on my own,Citizen of this country,E-G (poor efficiency),1,0,0,0,0,0,0,0,0,0,1,0,0,0,0,0,0,0,0,0,I own the house or flat where I live and I am paying if with a mortgage,Detached house – a house that stands alone and is not joined to any other,1961-1980,No,No,No,No,Yes,Not applicable,5,Not applicable,Yes,Not applicable,1,0,0,1,0,0,0,2,7.1,1123.41,16.0,5.5,5.7,11.2,1706.14,44.12,0.3,No/Non-religious,Very confident — I can understand it easily,Yes,Yes,30.0,30-44,3_High,7,Lives alone
Germany,Trier,9.0,12.0,3.0,2.0,6.0,6.0,10.0,8.0,8.0,1.0,6.0,6.0,4.0,6.230769230769231,2,Man,"University degree or higher (e.g. Bachelor's, Master's, PhD)","Attending school, university, or other educational/training programmes",3.0,Suburban,No,No,No,No,Well or less proficient,Very confident — I can do these tasks easily on my own,Citizen of this country,D (below average),0,0,1,0,0,0,0,1,1,1,0,0,0,0,0,0,0,0,0,0,I own the house or flat where I live and I am paying if with a mortgage,Semi-detached house – a house joined to one other house,1961-1980,No,No,No,No,Yes,Not applicable,1,Not applicable,No,Not applicable,0,0,0,1,0,0,0,1,7.1,1123.41,16.0,5.5,5.7,11.2,1706.14,44.12,0.3,No/Non-religious,Very confident — I can understand it easily,Yes,Yes,32.0,30-44,2_Medium,5,Single parent
Germany,Upper Bavaria,16.0,12.0,6.0,5.0,12.0,4.0,4.0,9.0,4.0,1.0,1.0,4.0,1.0,6.076923076923077,1,Woman or Non-binary,"University degree or higher (e.g. Bachelor's, Master's, PhD)","In paid employment or self-employment (including part-time work, temporary absence from work, or helping in a family business)",4.0,Suburban,No,No,No,No,Mother tongue / Very well,Very confident — I can do these tasks easily on my own,Non-EU citizen,I don't know,0,1,1,0,0,0,0,0,0,1,0,0,0,0,0,0,0,0,0,0,I own the house or flat where I live and I am paying if with a mortgage,"Apartment or flat with less than 10 dwellings – a home in a building with other homes above, below or next to yours",I don't know,No,No,No,No,No,Yes,3,Not applicable,Not sure,Not applicable,0,0,0,0,0,0,0,0,7.1,985.58,16.0,5.5,5.7,11.2,1886.69,26.53,0.3,No/Non-religious,Not very confident or worse,No,No,36.0,30-44,3_High,8,Couple with children
Germany,Upper Bavaria,8.0,8.0,1.0,2.0,12.0,16.0,5.0,10.0,3.0,9.0,5.0,8.0,5.0,7.076923076923077,2,Man,"University degree or higher (e.g. Bachelor's, Master's, PhD)","In paid employment or self-employment (including part-time work, temporary absence from work, or helping in a family business)",4.0,Rural,No,Yes,No,No,Well or less proficient,Very confident — I can do these tasks easily on my own,Citizen of this country,A-B (high efficiency),0,1,1,0,0,0,0,0,0,1,0,0,0,0,0,0,0,0,0,0,I own the house or flat where I live and I am paying if with a mortgage,Detached house – a house that stands alone and is not joined to any other,2022 or after,No,"Yes, once",No,No,No,Yes,3,Not applicable,Yes,Not applicable,0,0,0,0,0,0,0,0,7.1,1045.22,16.0,5.5,5.7,11.2,1919.09,19.17,0.3,Prefer not to say,Very confident — I can understand it easily,Yes,Yes,37.0,30-44,3_High,8,Couple with children
Germany,Dresden,12.0,12.0,12.0,9.0,8.0,12.0,6.0,6.0,12.0,16.0,12.0,6.0,12.0,10.384615384615385,4,Man,Primary or Secondary education,"Attending school, university, or other educational/training programmes",4.0,Urban,Yes,No,No,No,Well or less proficient,Very confident — I can do these tasks easily on my own,Citizen of this country,I don't know,0,0,0,0,1,0,0,0,0,0,0,0,0,0,1,0,0,0,0,0,"I live here without paying rent (for example, staying with relatives of friends)",Terraced house – a house that is part of a row of houses joined together,1961-1980,No,No,No,No,Yes,Not applicable,4,Not applicable,No,Not applicable,0,0,0,0,0,0,0,0,7.1,1045.22,16.0,5.5,5.7,11.2,1919.09,19.17,0.3,No/Non-religious,Very confident — I can understand it easily,Yes,Yes,18.0,18-29,3_High,8,Multi-generational / extended
Germany,Swabia,20.0,20.0,20.0,16.0,9.0,16.0,4.0,16.0,20.0,9.0,4.0,16.0,20.0,14.615384615384615,5,Man,Further education or training after school (not university),"In paid employment or self-employment (including part-time work, temporary absence from work, or helping in a family business)",2.0,Rural,No,No,No,No,Well or less proficient,Confident or less confident,Citizen of this country,E-G (poor efficiency),0,1,0,0,0,0,0,0,0,0,1,0,0,0,0,0,0,0,0,0,I own the house or flat where I live and I do not pay a mortgage,"Apartment or flat with less than 10 dwellings – a home in a building with other homes above, below or next to yours",1981-2000,No,No,No,No,Yes,Not applicable,4,Not applicable,Yes,Not applicable,0,1,0,0,0,0,0,1,7.1,1076.21,16.0,5.5,5.7,11.2,2012.55,15.31,0.3,No/Non-religious,Very confident — I can understand it easily,Yes,Yes,40.0,30-44,1_Low,9,"Couple, no children"
Germany,Brandenburg,6.0,6.0,20.0,1.0,1.0,12.0,5.0,3.0,2.0,8.0,5.0,3.0,4.0,5.846153846153846,1,Woman or Non-binary,Primary or Secondary education,"In paid employment or self-employment (including part-time work, temporary absence from work, or helping in a family business)",2.0,Urban,No,No,Yes or PNS,No,Well or less proficient,Very confident — I can do these tasks easily on my own,Citizen of this country,E-G (poor efficiency),0,1,0,0,0,0,0,0,0,0,1,0,0,0,0,0,0,0,0,0,I own the house or flat where I live and I am paying if with a mortgage,Detached house – a house that stands alone and is not joined to any other,1981-2000,No,"Yes, once",No,No,Yes,Not applicable,3,Not applicable,Yes,Not applicable,1,0,0,0,0,0,1,2,7.1,1045.22,16.0,5.5,5.7,11.2,1919.09,19.17,0.3,No/Non-religious,Very confident — I can understand it easily,Yes,Yes,27.0,18-29,3_High,9,"Couple, no children"
Germany,Arnsberg,20.0,20.0,6.0,15.0,15.0,16.0,5.0,6.0,3.0,5.0,3.0,12.0,8.0,10.307692307692308,4,Man,Further education or training after school (not university),"Attending school, university, or other educational/training programmes",2.0,Suburban,No,Prefer not to say,Yes or PNS,No,Well or less proficient,Confident or less confident,Citizen of this country,I don't know,0,0,0,0,1,0,0,0,0,1,0,0,0,0,0,0,0,0,0,0,I own the house or flat where I live and I do not pay a mortgage,Detached house – a house that stands alone and is not joined to any other,2001-2010,No,No,No,No,Yes,Not applicable,4,Not applicable,Yes,Not applicable,0,0,0,0,0,0,0,0,7.1,1113.34,16.0,5.5,5.7,11.2,1875.22,14.89,0.3,No/Non-religious,Another person is in charge of reading and/or paying the energy bill.,Yes,Yes,21.0,18-29,1_Low,4,Multi-generational / extended
Germany,Hannover,16.0,16.0,10.0,9.0,12.0,8.0,6.0,9.0,10.0,12.0,8.0,16.0,15.0,11.307692307692308,4,Man,Further education or training after school (not university),"In paid employment or self-employment (including part-time work, temporary absence from work, or helping in a family business)",3.0,Suburban,No,Yes,No,No,Mother tongue / Very well,Very confident — I can do these tasks easily on my own,Citizen of this country,I don't know,0,1,1,0,0,0,0,0,0,1,1,0,0,0,0,0,0,0,0,0,I own the house or flat where I live and I am paying if with a mortgage,Detached house – a house that stands alone and is not joined to any other,2022 or after,No,No,No,No,Yes,Not applicable,5,Not applicable,Yes,Not applicable,0,0,0,0,0,0,0,0,7.1,1106.0,16.0,5.5,5.7,11.2,1911.57,18.55,0.3,No/Non-religious,Very confident — I can understand it easily,Yes,Yes,41.0,30-44,3_High,9,Couple with children
Germany,Stuttgart,8.0,8.0,5.0,8.0,9.0,4.0,4.0,3.0,2.0,10.0,4.0,3.0,5.0,5.615384615384615,1,Man,"University degree or higher (e.g. Bachelor's, Master's, PhD)","In paid employment or self-employment (including part-time work, temporary absence from work, or helping in a family business)",1.0,Urban,No,No,No,No,Well or less proficient,Confident or less confident,Citizen of this country,I don't know,1,0,0,0,0,0,0,0,0,1,0,0,1,1,0,0,0,0,0,0,I own the house or flat where I live and I do not pay a mortgage,"Apartment or flat with less than 10 dwellings – a home in a building with other homes above, below or next to yours",2011-2015,No,No,No,No,Yes,Not applicable,4,Not applicable,Yes,Not applicable,0,1,0,1,1,1,0,4,7.1,1043.92,16.0,5.5,5.7,11.2,1758.37,19.02,0.3,Yes,Confident — I can understand it with some help,Yes,Yes,63.0,45+,3_High,7,Lives alone
Germany,Brandenburg,12.0,12.0,10.0,4.0,12.0,16.0,4.0,12.0,1.0,4.0,5.0,20.0,4.0,8.923076923076923,3,Man,Further education or training after school (not university),"In paid employment or self-employment (including part-time work, temporary absence from work, or helping in a family business)",4.0,Rural,No,No,No,No,Well or less proficient,Very confident — I can do these tasks easily on my own,Citizen of this country,I don't know,0,1,1,0,0,0,0,0,0,1,0,0,0,1,0,0,0,0,0,0,I own the house or flat where I live and I am paying if with a mortgage,"Apartment or flat with less than 10 dwellings – a home in a building with other homes above, below or next to yours",2016-2021,No,No,No,No,No,No,3,Not sure,Yes,Not sure,0,0,0,1,0,0,0,1,7.1,938.1,16.0,5.5,5.7,11.2,1921.95,31.71,0.3,No/Non-religious,Confident — I can understand it with some help,Yes,Yes,42.0,30-44,2_Medium,8,Couple with children
Germany,Düsseldorf,16.0,16.0,10.0,3.0,6.0,3.0,4.0,6.0,1.0,4.0,1.0,1.0,1.0,5.538461538461538,1,Man,"University degree or higher (e.g. Bachelor's, Master's, PhD)","In paid employment or self-employment (including part-time work, temporary absence from work, or helping in a family business)",4.0,Rural,No,No,No,No,Well or less proficient,Very confident — I can do these tasks easily on my own,Citizen of this country,A-B (high efficiency),0,1,1,0,0,0,0,0,0,1,0,0,0,1,0,0,0,0,0,0,I own the house or flat where I live and I am paying if with a mortgage,Detached house – a house that stands alone and is not joined to any other,2022 or after,No,No,No,No,No,Yes,5,Not applicable,Yes,Not applicable,0,0,0,0,1,0,0,1,7.1,1113.34,16.0,5.5,5.7,11.2,1875.22,14.89,0.3,No/Non-religious,Very confident — I can understand it easily,Yes,Yes,45.0,45+,3_High,9,Couple with children
Germany,Arnsberg,15.0,15.0,1.0,9.0,2.0,1.0,1.0,8.0,1.0,1.0,1.0,1.0,1.0,4.384615384615385,1,Man,Further education or training after school (not university),"In paid employment or self-employment (including part-time work, temporary absence from work, or helping in a family business)",4.0,Suburban,No,Yes,No,Yes,Mother tongue / Very well,Very confident — I can do these tasks easily on my own,Citizen of this country,D (below average),0,1,1,0,0,0,0,0,0,0,1,0,0,0,0,0,0,0,0,0,I own the house or flat where I live and I do not pay a mortgage,Detached house – a house that stands alone and is not joined to any other,2001-2010,No,"Yes, once",No,No,I don't know,Yes,3,Not applicable,Not sure,Not applicable,1,0,0,0,1,0,0,2,7.1,1075.05,16.0,5.5,5.7,11.2,1540.0,38.40000000000001,0.3,No/Non-religious,Confident — I can understand it with some help,Yes,Yes,26.0,18-29,2_Medium,8,Couple with children
Germany,Cologne,25.0,25.0,16.0,9.0,9.0,4.0,4.0,4.0,4.0,16.0,9.0,16.0,25.0,12.76923076923077,5,Man,"University degree or higher (e.g. Bachelor's, Master's, PhD)","In paid employment or self-employment (including part-time work, temporary absence from work, or helping in a family business)",3.0,Rural,No,No,No,No,Well or less proficient,Very confident — I can do these tasks easily on my own,Citizen of this country,A-B (high efficiency),0,1,0,0,0,0,0,0,0,1,0,0,0,0,0,0,0,0,0,0,I own the house or flat where I live and I am paying if with a mortgage,Detached house – a house that stands alone and is not joined to any other,2022 or after,No,No,No,No,No,No,4,Likely,Yes,No,0,0,0,0,0,0,0,0,7.1,1106.0,16.0,5.5,5.7,11.2,1911.57,18.55,0.3,No/Non-religious,Very confident — I can understand it easily,Yes,Yes,42.0,30-44,3_High,9,"Couple, no children"
Germany,Middle Franconia,8.0,8.0,1.0,12.0,8.0,4.0,1.0,2.0,2.0,1.0,4.0,20.0,1.0,5.538461538461538,1,Man,"University degree or higher (e.g. Bachelor's, Master's, PhD)","In paid employment or self-employment (including part-time work, temporary absence from work, or helping in a family business)",4.0,Urban,Yes,No,No,No,Well or less proficient,Very confident — I can do these tasks easily on my own,EU citizen from another country,A-B (high efficiency),0,1,1,0,0,0,0,0,0,1,0,0,0,0,0,0,0,1,0,0,I own the house or flat where I live and I am paying if with a mortgage,Terraced house – a house that is part of a row of houses joined together,2022 or after,No,No,No,No,No,Yes,5,Not applicable,Not sure,Not applicable,0,1,1,1,0,0,0,3,7.1,1045.22,16.0,5.5,5.7,11.2,1919.09,19.17,0.3,No/Non-religious,Confident — I can understand it with some help,No,No,45.0,45+,3_High,7,Couple with children
Germany,Rheinhessen-Palatinate,16.0,6.0,15.0,20.0,20.0,16.0,9.0,15.0,6.0,9.0,16.0,9.0,20.0,13.615384615384615,5,Man,"University degree or higher (e.g. Bachelor's, Master's, PhD)","In paid employment or self-employment (including part-time work, temporary absence from work, or helping in a family business)",2.0,Urban,No,No,No,No,Well or less proficient,Very confident — I can do these tasks easily on my own,Citizen of this country,C (moderate),0,1,0,0,0,0,0,0,1,1,0,0,0,0,0,0,0,0,0,0,I own the house or flat where I live and I do not pay a mortgage,"Apartment or flat with less than 10 dwellings – a home in a building with other homes above, below or next to yours",1981-2000,No,No,No,No,Yes,Not applicable,5,Not applicable,Yes,Not applicable,0,0,0,1,0,0,0,1,7.1,1045.22,16.0,5.5,5.7,11.2,1919.09,19.17,0.3,No/Non-religious,Very confident — I can understand it easily,Yes,Yes,28.0,18-29,1_Low,9,"Couple, no children"
Germany,Cologne,4.0,4.0,1.0,1.0,6.0,1.0,3.0,4.0,1.0,9.0,4.0,3.0,3.0,3.3846153846153846,1,Man,Primary or Secondary education,"Attending school, university, or other educational/training programmes",6.0,Suburban,No,Yes,No,No,Well or less proficient,Very confident — I can do these tasks easily on my own,Citizen of this country,I don't know,0,0,0,0,1,0,0,0,0,1,0,0,0,0,0,0,0,0,0,0,"I live here without paying rent (for example, staying with relatives of friends)",Terraced house – a house that is part of a row of houses joined together,2001-2010,No,No,No,No,No,Yes,5,Not applicable,No,Not applicable,0,0,0,1,0,0,0,1,7.1,1045.22,16.0,5.5,5.7,11.2,1919.09,19.17,0.3,No/Non-religious,Confident — I can understand it with some help,Yes,Yes,18.0,18-29,3_High,1,Multi-generational / extended
Germany,Weser-Ems,8.0,8.0,1.0,9.0,9.0,4.0,4.0,8.0,1.0,1.0,1.0,16.0,1.0,5.461538461538462,1,Man,"University degree or higher (e.g. Bachelor's, Master's, PhD)","In paid employment or self-employment (including part-time work, temporary absence from work, or helping in a family business)",3.0,Rural,No,No,No,No,Well or less proficient,Very confident — I can do these tasks easily on my own,Citizen of this country,A-B (high efficiency),0,0,0,0,1,0,0,0,0,0,0,0,0,1,0,0,0,0,0,0,I own the house or flat where I live and I do not pay a mortgage,Detached house – a house that stands alone and is not joined to any other,2016-2021,No,No,No,No,Yes,Not applicable,4,Not applicable,Not sure,Not applicable,1,0,0,1,0,0,0,2,7.1,1045.22,16.0,5.5,5.7,11.2,1919.09,19.17,0.3,No/Non-religious,Confident — I can understand it with some help,Yes,Yes,26.0,18-29,1_Low,2,Multi-generational / extended
