country,region,hazard_fuel_repair_cost,hazard_car_resale,hazard_tax_fines,hazard_zez_restriction,hazard_journey_complex,hazard_pollution_exposure,composite_score,composite_level,gender,education,activity_status,household_size,location,ethnic_minority,disability,lgbtiqa,political_group,english_proficiency,digital_confidence,citizenship,hh_lives_alone,hh_has_partner,hh_children_under_25,hh_children_25_plus,hh_parent_grandparent,hh_disabled_member,hh_other_relatives,hh_non_relatives,car_access,newest_car_fuel,planning_purchase,planned_car_type,ev_charging_better,aware_ev_programmes,ev_likelihood,transport_mode,need_car_for_job,travel_distance,travel_frequency,commute_1hr,public_transit_qual,use_more_if_lowemis,macro_modal_split_cars,macro_cant_afford_transport,macro_cars_per_1000,macro_alt_motor_energy,macro_cars_by_age,macro_new_cars_by_motor,macro_hh_expend_transport,macro_fuel_price,macro_road_transport_expend,religious_minority,is_native_born,speaks_national_language,newest_car_year_band,age,age_group,weekly_spend_band,income_band,household_type,ev_perception,num_cars
Italy,Trentino-South Tyrol,20,25,25,12,9,20,18.5,5,Woman,"University degree or higher (e.g. Bachelor's, Master's, PhD)","Attending school, university, or other educational/training programmes",1,Suburban,No,No,No,No,Well,Very confident — I can do these tasks easily on my own,Citizen of this country,1,0,0,0,0,0,0,0,Yes,Hybrid (fuel and electric),I am not considering to buy a new car in the next 2 -3 years,Not applicable,Not applicable,Yes,Somewhat likely,Walking,Not applicable,Between 1 km and 5 km,Three or more days per week,Yes,Good,No difference,16.7,2.1,701,2590,41340516,1592098,14.7,1789.28,6199893248,No/Non-religious,Yes,Yes,2020+,23.0,18-29,1_Low,1,Lives alone,4,2
Italy,Campania,20,20,6,4,2,1,8.833333333333334,2,Man,Further education or training after school (not university),Unemployed (actively seeking work or available to start work),5,Urban,No,No,No,No,Mother tongue / Very well,Very confident — I can do these tasks easily on my own,Citizen of this country,0,0,0,0,1,0,0,0,Yes,Diesel,I am considering to buy a new car in the next 2 -3 years,Hybrid (fuel and electric),"Yes, definitely",Not sure,Somewhat likely,"Car (private, company, leased car or taxi, car share)",Sometimes,Less than 1 km,Three or more days per week,No,Very poor,Possibly,16.7,2.1,701,2590,41340516,1592098,14.7,1789.28,6199893248,No/Non-religious,Yes,Yes,2020+,29.0,18-29,3_High,2,Multi-generational / extended,3,1
Italy,Abruzzo,20,10,10,9,16,25,15.0,4,Man,Primary or Secondary education,"Attending school, university, or other educational/training programmes",3,Urban,No,No,No,No,Well,Confident — I can do most tasks but sometimes need help,Citizen of this country,0,0,0,0,0,0,1,0,Yes,Diesel,I am considering to buy a new car in the next 2 -3 years,Hybrid (fuel and electric),"Yes, definitely",Yes,Very likely,"Collective public transport (bus, tram, train, metro, ferry etc.)",Not applicable,Between 1 km and 5 km,Three or more days per week,Yes,Very good,"Yes, definitely",16.7,2.1,701,2590,41340516,1592098,14.7,1789.28,6199893248,No/Non-religious,Yes,Yes,2020+,23.0,18-29,1_Low,2,Multi-generational / extended,4,2
Italy,Lombardy,16,16,6,4,4,9,9.166666666666666,2,Man,"University degree or higher (e.g. Bachelor's, Master's, PhD)","In paid employment or self-employment (including part-time work, temporary absence from work, or helping in a family business)",2,Urban,No,No,No,No,Mother tongue / Very well,Very confident — I can do these tasks easily on my own,Citizen of this country,0,1,0,0,0,0,0,0,Yes,Hybrid (fuel and electric),I am not considering to buy a new car in the next 2 -3 years,Not applicable,Not applicable,No,Unlikely,"Car (private, company, leased car or taxi, car share)",Never,More than 15 km,Three or more days per week,No,Good,No difference,16.7,2.1,701,2590,41340516,1592098,14.7,1789.28,6199893248,No/Non-religious,Yes,Yes,2010-2019,53.0,45-59,2_Medium,3,"Couple, no children",2,2
Italy,Basilicata,16,12,6,12,12,9,11.166666666666666,2,Woman,"University degree or higher (e.g. Bachelor's, Master's, PhD)",Unemployed (actively seeking work or available to start work),2,Rural,No,No,No,No,Well,Very confident — I can do these tasks easily on my own,Citizen of this country,0,0,0,0,1,0,0,0,Yes,Diesel,I cannot afford a new car in the next 2-3 years,Not applicable,Not applicable,No,Unlikely,"Collective public transport (bus, tram, train, metro, ferry etc.)",Not applicable,Between 1 km and 5 km,Never I mostly work from home,"No, I am working/studying full-time from home and do not commute",Very poor,No difference,16.7,2.1,701,2590,41340516,1592098,14.7,1789.28,6199893248,No/Non-religious,Yes,Yes,2020+,25.0,18-29,2_Medium,1,Multi-generational / extended,5,1
Italy,Sardinia,16,25,20,16,15,20,18.666666666666668,5,Man,Primary or Secondary education,Unemployed (actively seeking work or available to start work),1,Suburban,No,No,No,No,Well,Very confident — I can do these tasks easily on my own,Citizen of this country,1,0,0,0,0,0,0,0,No,Not applicable,I am considering to buy a new car in the next 2 -3 years,Hybrid (fuel and electric),"Yes, definitely",Not sure,Likely,"Car (private, company, leased car or taxi, car share)",Never,Between 5km and 15 km,Never I mostly work from home,"No, I am working/studying full-time from home and do not commute",Average,"Yes, definitely",16.7,2.1,701,2590,41340516,1592098,14.7,1789.28,6199893248,No/Non-religious,Yes,Yes,Not applicable,31.0,30-44,1_Low,1,Lives alone,5,0
Italy,Sardinia,20,12,10,6,4,12,10.666666666666666,2,Woman,"University degree or higher (e.g. Bachelor's, Master's, PhD)","In paid employment or self-employment (including part-time work, temporary absence from work, or helping in a family business)",2,Rural,No,Yes,No,Prefer not to say,Well,Very confident — I can do these tasks easily on my own,Citizen of this country,0,1,0,0,0,0,0,0,Yes,Petrol,I am considering to buy a new car in the next 2 -3 years,Petrol,Maybe,Not sure,Somewhat likely,"Car (private, company, leased car or taxi, car share)",Sometimes,Between 5km and 15 km,Never I mostly work from home,"No, I am working/studying full-time from home and do not commute",Very poor,No difference,16.7,2.1,701,2590,41340516,1592098,14.7,1789.28,6199893248,No/Non-religious,Yes,Yes,pre-2010,47.0,45-59,2_Medium,2,"Couple, no children",4,1
Italy,Marche,6,9,9,12,6,12,9.0,2,Man,"University degree or higher (e.g. Bachelor's, Master's, PhD)","In paid employment or self-employment (including part-time work, temporary absence from work, or helping in a family business)",3,Urban,No,No,No,No,Well,Very confident — I can do these tasks easily on my own,Citizen of this country,0,0,0,0,1,0,0,0,Yes,Petrol,I am not considering to buy a new car in the next 2 -3 years,Not applicable,Not applicable,Not sure,Somewhat likely,"Car (private, company, leased car or taxi, car share)",Sometimes,Between 1 km and 5 km,Three or more days per week,Yes,Poor,Possibly,16.7,2.1,701,2590,41340516,1592098,14.7,1789.28,6199893248,No/Non-religious,Yes,Yes,2020+,36.0,30-44,1_Low,5,Multi-generational / extended,3,2
Italy,Lazio,10,20,20,12,12,20,15.666666666666666,4,Woman,Further education or training after school (not university),"In paid employment or self-employment (including part-time work, temporary absence from work, or helping in a family business)",1,Rural,No,No,No,No,Mother tongue / Very well,Confident — I can do most tasks but sometimes need help,Citizen of this country,1,0,0,0,0,0,0,0,Yes,Petrol,I am not considering to buy a new car in the next 2 -3 years,Not applicable,Not applicable,Not sure,Somewhat likely,Walking,Not applicable,Between 5km and 15 km,Never I mostly work from home,"No, I am working/studying full-time from home and do not commute",Poor,Possibly,16.7,2.1,701,2590,41340516,1592098,14.7,1789.28,6199893248,No/Non-religious,Yes,Yes,2010-2019,46.0,45-59,1_Low,1,Lives alone,3,1
Italy,Abruzzo,12,10,20,12,1,1,9.333333333333334,2,Man,Further education or training after school (not university),"Attending school, university, or other educational/training programmes",2,Urban,No,No,No,No,Well,Very confident — I can do these tasks easily on my own,Citizen of this country,0,1,0,0,0,0,0,0,No,Not applicable,I cannot afford a new car in the next 2-3 years,Not applicable,Not applicable,Yes,Likely,"Collective public transport (bus, tram, train, metro, ferry etc.)",Not applicable,More than 15 km,Three or more days per week,Yes,Very good,No difference,16.7,2.1,701,2590,41340516,1592098,14.7,1789.28,6199893248,No/Non-religious,Yes,Yes,Not applicable,29.0,18-29,3_High,2,"Couple, no children",3,0
Italy,Calabria,15,8,12,20,16,6,12.833333333333334,3,Man,Further education or training after school (not university),"In paid employment or self-employment (including part-time work, temporary absence from work, or helping in a family business)",5,Rural,No,No,No,No,Mother tongue / Very well,Very confident — I can do these tasks easily on my own,Citizen of this country,0,0,0,0,1,0,1,0,Yes,Diesel,I am considering to buy a new car in the next 2 -3 years,Diesel,"Yes, definitely",Yes,Somewhat likely,"Car (private, company, leased car or taxi, car share)",Sometimes,Less than 1 km,Never I mostly work from home,"No, I am working/studying full-time from home and do not commute",Poor,No difference,16.7,2.1,701,2590,41340516,1592098,14.7,1789.28,6199893248,No/Non-religious,Yes,Yes,2010-2019,29.0,18-29,1_Low,4,Multi-generational / extended,3,3
Italy,Lombardy,25,9,20,25,20,25,20.666666666666668,5,Woman,"University degree or higher (e.g. Bachelor's, Master's, PhD)","In paid employment or self-employment (including part-time work, temporary absence from work, or helping in a family business)",3,Urban,No,No,No,Prefer not to say,Well,Confident — I can do most tasks but sometimes need help,Citizen of this country,0,0,0,0,0,0,0,1,Yes,Other or unknown,I cannot afford a new car in the next 2-3 years,Not applicable,Not applicable,No,Somewhat likely,"Collective public transport (bus, tram, train, metro, ferry etc.)",Not applicable,Between 1 km and 5 km,Three or more days per week,Yes,Average,"Yes, definitely",16.7,2.1,701,2590,41340516,1592098,14.7,1789.28,6199893248,No/Non-religious,Yes,No,2020+,28.0,18-29,2_Medium,3,Other shared,3,1
Spain,Community of Madrid,16,16,16,25,20,9,17.0,4,Man,"University degree or higher (e.g. Bachelor's, Master's, PhD)","In paid employment or self-employment (including part-time work, temporary absence from work, or helping in a family business)",24000,Suburban,Yes,No,No,No,Well,Very confident — I can do these tasks easily on my own,Citizen of this country,0,1,0,0,0,0,0,0,Yes,Diesel,I cannot afford a new car in the next 2-3 years,Not applicable,Not applicable,Yes,Unlikely,"Car (private, company, leased car or taxi, car share)",Always,More than 15 km,Three or more days per week,No,Average,No difference,16.1,2.9,544,5,26700972,1067172,13.0,1528.212325,14672504154,No/Non-religious,Yes,Yes,pre-2010,25.0,18-29,3_High,3,"Couple, no children",3,1
Spain,Catalonia,16,16,16,20,25,9,17.0,5,Man,"University degree or higher (e.g. Bachelor's, Master's, PhD)","In paid employment or self-employment (including part-time work, temporary absence from work, or helping in a family business)",6,Urban,No,No,No,No,Well,Very confident — I can do these tasks easily on my own,Citizen of this country,0,0,1,0,0,0,0,0,Yes,Hybrid (fuel and electric),I am considering to buy a new car in the next 2 -3 years,Hybrid (fuel and electric),"Yes, definitely",Yes,Very likely,"Collective public transport (bus, tram, train, metro, ferry etc.)",Not applicable,Between 5km and 15 km,Three or more days per week,Yes,Good,No difference,16.1,2.9,544,5,26700972,1067172,13.0,1528.212325,14672504154,No/Non-religious,No,No,2020+,50.0,45-59,1_Low,3,Single parent,3,2
Spain,Community of Madrid,25,4,2,25,16,4,12.666666666666666,3,Man,"University degree or higher (e.g. Bachelor's, Master's, PhD)","Attending school, university, or other educational/training programmes",2,Urban,No,No,No,No,Mother tongue / Very well,Very confident — I can do these tasks easily on my own,Citizen of this country,0,1,0,0,0,0,0,0,Yes,Petrol,I am not considering to buy a new car in the next 2 -3 years,Not applicable,Not applicable,Yes,Somewhat likely,Walking,Not applicable,Between 1 km and 5 km,Three or more days per week,Yes,Very good,No difference,16.1,2.9,544,5,26700972,1067172,13.0,1528.212325,14672504154,No/Non-religious,Yes,No,2020+,25.0,18-29,1_Low,3,"Couple, no children",5,1
Spain,Catalonia,12,16,25,25,25,16,19.833333333333332,5,Woman,"University degree or higher (e.g. Bachelor's, Master's, PhD)","Attending school, university, or other educational/training programmes",3,Suburban,No,No,No,No,Well,Very confident — I can do these tasks easily on my own,Citizen of this country,0,0,0,0,1,0,0,0,No,Not applicable,I am considering to buy a new car in the next 2 -3 years,I don't know,Maybe,No,Likely,"Collective public transport (bus, tram, train, metro, ferry etc.)",Not applicable,More than 15 km,Three or more days per week,No,Very poor,No difference,16.1,2.9,544,5,26700972,1067172,13.0,1528.212325,14672504154,No/Non-religious,Yes,Yes,Not applicable,23.0,18-29,1_Low,3,Multi-generational / extended,4,0
Italy,Tuscany,16,9,12,16,12,16,13.5,3,Woman,"University degree or higher (e.g. Bachelor's, Master's, PhD)","In paid employment or self-employment (including part-time work, temporary absence from work, or helping in a family business)",4,Rural,No,No,No,No,Well,Very confident — I can do these tasks easily on my own,Citizen of this country,0,0,0,0,1,0,1,0,Yes,Other or unknown,I am not considering to buy a new car in the next 2 -3 years,Not applicable,Not applicable,Yes,Unlikely,"Car (private, company, leased car or taxi, car share)",Always,More than 15 km,Three or more days per week,No,Poor,No difference,16.7,2.1,701,2590,41340516,1592098,14.7,1789.28,6199893248,No/Non-religious,Yes,Yes,2020+,25.0,18-29,3_High,6,Multi-generational / extended,1,3
Spain,Valencian Community,15,12,25,25,25,1,17.166666666666668,5,Man,Further education or training after school (not university),Unemployed (actively seeking work or available to start work),3,Suburban,No,Yes,No,No,Mother tongue / Very well,Very confident — I can do these tasks easily on my own,Citizen of this country,0,0,0,0,1,0,0,0,Yes,Petrol,I am considering to buy a new car in the next 2 -3 years,Petrol,No difference,No,Unlikely,"Car (private, company, leased car or taxi, car share)",Always,More than 15 km,Three or more days per week,No,Very poor,No difference,16.1,2.9,544,5,26700972,1067172,13.0,1528.212325,14672504154,No/Non-religious,No,Yes,pre-2010,30.0,30-44,2_Medium,2,Multi-generational / extended,1,2
Spain,Community of Madrid,20,12,1,1,4,20,9.666666666666666,2,Man,Further education or training after school (not university),"Attending school, university, or other educational/training programmes",3,Urban,No,No,No,No,Well,Very confident — I can do these tasks easily on my own,Citizen of this country,0,0,0,0,1,0,0,0,Yes,Hybrid (fuel and electric),I am considering to buy a new car in the next 2 -3 years,Petrol,"Yes, definitely",Yes,Somewhat likely,"Collective public transport (bus, tram, train, metro, ferry etc.)",Not applicable,Between 1 km and 5 km,Three or more days per week,Yes,Average,"Yes, definitely",16.1,2.9,544,5,26700972,1067172,13.0,1528.212325,14672504154,No/Non-religious,Yes,Yes,2020+,19.0,18-29,2_Medium,4,Multi-generational / extended,3,2
Spain,Andalusia,25,25,20,15,20,16,20.166666666666668,5,Woman,"University degree or higher (e.g. Bachelor's, Master's, PhD)","In paid employment or self-employment (including part-time work, temporary absence from work, or helping in a family business)",2,Urban,No,No,No,No,Well,Very confident — I can do these tasks easily on my own,Citizen of this country,0,0,0,0,0,0,0,1,No,Not applicable,I am considering to buy a new car in the next 2 -3 years,Hybrid (fuel and electric),Maybe,Not sure,Likely,Walking,Not applicable,Between 1 km and 5 km,Three or more days per week,No,Average,No difference,16.1,2.9,544,5,26700972,1067172,13.0,1528.212325,14672504154,No/Non-religious,Yes,Yes,Not applicable,27.0,18-29,1_Low,3,Other shared,3,0
Spain,Community of Madrid,4,1,4,12,6,4,5.166666666666667,1,Man,Further education or training after school (not university),"In paid employment or self-employment (including part-time work, temporary absence from work, or helping in a family business)",2,Urban,No,No,No,No,Well,Very confident — I can do these tasks easily on my own,Citizen of this country,1,0,0,0,0,0,0,0,Yes,Petrol,I cannot afford a new car in the next 2-3 years,Not applicable,Not applicable,Yes,Unlikely,"Collective public transport (bus, tram, train, metro, ferry etc.)",Not applicable,Between 5km and 15 km,Never I mostly work from home,Yes,Good,No difference,16.1,2.9,544,5,26700972,1067172,13.0,1528.212325,14672504154,No/Non-religious,Yes,Yes,pre-2010,48.0,45-59,2_Medium,4,Lives alone,3,1
Spain,Catalonia,20,9,16,4,8,2,9.833333333333334,2,Man,Primary or Secondary education,"Attending school, university, or other educational/training programmes",4,Suburban,No,No,No,No,Well,Very confident — I can do these tasks easily on my own,Citizen of this country,0,0,0,0,1,0,0,0,Yes,Diesel,I am considering to buy a new car in the next 2 -3 years,Diesel,Maybe,Yes,Somewhat likely,"Collective public transport (bus, tram, train, metro, ferry etc.)",Not applicable,More than 15 km,Twice per week,No,Poor,"Yes, definitely",16.1,2.9,544,5,26700972,1067172,13.0,1528.212325,14672504154,No/Non-religious,Yes,No,2010-2019,19.0,18-29,2_Medium,7,Multi-generational / extended,3,3
Italy,Lombardy,16,6,16,9,8,12,11.166666666666666,2,Man,"University degree or higher (e.g. Bachelor's, Master's, PhD)","In paid employment or self-employment (including part-time work, temporary absence from work, or helping in a family business)",3,Suburban,No,No,No,No,Well,Very confident — I can do these tasks easily on my own,Citizen of this country,0,1,1,0,0,0,0,0,Yes,Petrol,I am considering to buy a new car in the next 2 -3 years,Electric,Not applicable,Not sure,Very likely,"Car (private, company, leased car or taxi, car share)",Sometimes,More than 15 km,Three or more days per week,No,Poor,No difference,16.7,2.1,701,2590,41340516,1592098,14.7,1789.28,6199893248,No/Non-religious,Yes,Yes,2020+,33.0,30-44,2_Medium,4,Couple with children,4,1
Spain,Galicia,16,15,16,25,12,6,15.0,4,Man,Primary or Secondary education,"Attending school, university, or other educational/training programmes",3,Urban,No,No,Yes,No,Well,Very confident — I can do these tasks easily on my own,Citizen of this country,0,0,0,0,1,0,1,0,Yes,Hybrid (fuel and electric),I am considering to buy a new car in the next 2 -3 years,Hybrid (fuel and electric),"Yes, definitely",Yes,Somewhat likely,"Collective public transport (bus, tram, train, metro, ferry etc.)",Not applicable,Between 1 km and 5 km,Three or more days per week,Yes,Average,Possibly,16.1,2.9,544,5,26700972,1067172,13.0,1528.212325,14672504154,No/Non-religious,Yes,Yes,2020+,24.0,18-29,3_High,3,Multi-generational / extended,3,2
Spain,Community of Madrid,6,16,20,20,25,8,15.833333333333334,4,Woman,"University degree or higher (e.g. Bachelor's, Master's, PhD)","In paid employment or self-employment (including part-time work, temporary absence from work, or helping in a family business)",4,Suburban,No,No,No,No,Mother tongue / Very well,Very confident — I can do these tasks easily on my own,Citizen of this country,0,0,0,0,1,0,1,0,Yes,Hybrid (fuel and electric),I cannot afford a new car in the next 2-3 years,Not applicable,Not applicable,Yes,Somewhat unlikely,"Collective public transport (bus, tram, train, metro, ferry etc.)",Not applicable,More than 15 km,Three or more days per week,No,Average,Possibly,16.1,2.9,544,5,26700972,1067172,13.0,1528.212325,14672504154,No/Non-religious,Yes,Yes,2020+,27.0,18-29,2_Medium,3,Multi-generational / extended,4,1
Spain,Community of Madrid,1,1,1,1,1,16,3.5,1,Woman,"University degree or higher (e.g. Bachelor's, Master's, PhD)","In paid employment or self-employment (including part-time work, temporary absence from work, or helping in a family business)",3,Suburban,Yes,No,Yes,No,Mother tongue / Very well,Very confident — I can do these tasks easily on my own,EU citizen from another country,0,0,0,0,0,0,0,0,No,Not applicable,I am not considering to buy a new car in the next 2 -3 years,Not applicable,Not applicable,Yes,Likely,"Collective public transport (bus, tram, train, metro, ferry etc.)",Not applicable,More than 15 km,Never I mostly work from home,"No, I am working/studying full-time from home and do not commute",Good,No difference,16.1,2.9,544,5,26700972,1067172,13.0,1528.212325,14672504154,No/Non-religious,No,Yes,Not applicable,27.0,18-29,2_Medium,2,Other shared,3,0
Spain,Community of Madrid,12,12,12,16,16,16,14.0,3,Man,"University degree or higher (e.g. Bachelor's, Master's, PhD)","In paid employment or self-employment (including part-time work, temporary absence from work, or helping in a family business)",3,Urban,No,No,No,No,Well,Very confident — I can do these tasks easily on my own,Citizen of this country,0,0,0,0,0,0,1,0,Yes,Hybrid (fuel and electric),I am not considering to buy a new car in the next 2 -3 years,Not applicable,Not applicable,Not sure,Likely,"Collective public transport (bus, tram, train, metro, ferry etc.)",Not applicable,More than 15 km,Three or more days per week,No,Average,No difference,16.1,2.9,544,5,26700972,1067172,13.0,1528.212325,14672504154,No/Non-religious,Yes,Yes,2010-2019,33.0,30-44,2_Medium,4,Multi-generational / extended,3,1
Spain,Catalonia,16,6,1,20,16,12,11.833333333333334,3,Man,Primary or Secondary education,"In paid employment or self-employment (including part-time work, temporary absence from work, or helping in a family business)",4,Suburban,Yes,No,No,No,Well,Very confident — I can do these tasks easily on my own,EU citizen from another country,0,0,1,0,1,0,0,0,No,Not applicable,I am considering to buy a new car in the next 2 -3 years,Diesel,"Yes, definitely",Yes,Somewhat likely,"Collective public transport (bus, tram, train, metro, ferry etc.)",Not applicable,More than 15 km,Three or more days per week,No,Average,No difference,16.1,2.9,544,5,26700972,1067172,13.0,1528.212325,14672504154,No/Non-religious,No,Yes,Not applicable,24.0,18-29,1_Low,3,Single parent,3,0
Italy,Campania,4,16,16,16,16,16,14.0,3,Man,"University degree or higher (e.g. Bachelor's, Master's, PhD)","Attending school, university, or other educational/training programmes",4,Urban,Yes,No,No,No,Mother tongue / Very well,Very confident — I can do these tasks easily on my own,Non-EU citizen,1,0,0,0,0,0,0,0,No,Not applicable,I am considering to buy a new car in the next 2 -3 years,Hybrid (fuel and electric),"Yes, definitely",No,Likely,"Collective public transport (bus, tram, train, metro, ferry etc.)",Not applicable,Between 1 km and 5 km,Three or more days per week,Yes,Good,Possibly,16.7,2.1,701,2590,41340516,1592098,14.7,1789.28,6199893248,No/Non-religious,No,No,Not applicable,27.0,18-29,2_Medium,1,Lives alone,4,0
Spain,Catalonia,16,4,15,2,2,2,6.833333333333333,1,Man,"University degree or higher (e.g. Bachelor's, Master's, PhD)","In paid employment or self-employment (including part-time work, temporary absence from work, or helping in a family business)",3,Suburban,No,No,No,No,Mother tongue / Very well,Very confident — I can do these tasks easily on my own,Non-EU citizen,0,1,0,0,0,0,0,0,Yes,Petrol,I am not considering to buy a new car in the next 2 -3 years,Not applicable,Not applicable,Yes,Somewhat likely,"Collective public transport (bus, tram, train, metro, ferry etc.)",Not applicable,Between 5km and 15 km,Twice per week,No,Poor,"Yes, definitely",16.1,2.9,544,5,26700972,1067172,13.0,1528.212325,14672504154,No/Non-religious,No,Yes,2010-2019,32.0,30-44,1_Low,4,"Couple, no children",4,1
Spain,Community of Madrid,5,2,2,2,2,6,3.1666666666666665,1,Man,Further education or training after school (not university),"In paid employment or self-employment (including part-time work, temporary absence from work, or helping in a family business)",4,Urban,Yes,No,No,No,Mother tongue / Very well,Very confident — I can do these tasks easily on my own,EU citizen from another country,0,0,0,0,0,0,0,1,No,Not applicable,I am not considering to buy a new car in the next 2 -3 years,Not applicable,Not applicable,Not sure,Very unlikely,"Collective public transport (bus, tram, train, metro, ferry etc.)",Not applicable,Between 5km and 15 km,Three or more days per week,Yes,Very good,No difference,16.1,2.9,544,5,26700972,1067172,13.0,1528.212325,14672504154,No/Non-religious,No,Yes,Not applicable,36.0,30-44,2_Medium,2,Other shared,5,0
Spain,Valencian Community,16,6,12,15,6,12,11.166666666666666,2,Man,Primary or Secondary education,"Attending school, university, or other educational/training programmes",4,Rural,No,No,Yes,No,Mother tongue / Very well,Very confident — I can do these tasks easily on my own,Citizen of this country,0,0,1,0,1,0,0,0,Yes,Petrol,I am not considering to buy a new car in the next 2 -3 years,Not applicable,Not applicable,Yes,Likely,"Collective public transport (bus, tram, train, metro, ferry etc.)",Not applicable,More than 15 km,Three or more days per week,No,Average,Possibly,16.1,2.9,544,5,26700972,1067172,13.0,1528.212325,14672504154,No/Non-religious,Yes,Yes,2020+,22.0,18-29,2_Medium,3,Single parent,4,2
Spain,Galicia,12,1,9,15,16,8,10.166666666666666,2,Man,Further education or training after school (not university),"In paid employment or self-employment (including part-time work, temporary absence from work, or helping in a family business)",1,Urban,No,No,No,No,Well,Very confident — I can do these tasks easily on my own,Citizen of this country,1,0,0,0,0,0,0,0,Yes,Diesel,I am not considering to buy a new car in the next 2 -3 years,Not applicable,Not applicable,Yes,Unlikely,"Collective public transport (bus, tram, train, metro, ferry etc.)",Not applicable,Between 1 km and 5 km,Once per week,Yes,Poor,No difference,16.1,2.9,544,5,26700972,1067172,13.0,1528.212325,14672504154,No/Non-religious,Yes,Yes,pre-2010,39.0,30-44,1_Low,3,Lives alone,5,1
Italy,Tuscany,25,16,16,16,16,9,16.333333333333332,4,Man,Primary or Secondary education,"In paid employment or self-employment (including part-time work, temporary absence from work, or helping in a family business)",2,Urban,No,No,No,No,Mother tongue / Very well,Very confident — I can do these tasks easily on my own,Citizen of this country,0,1,0,0,0,0,0,0,Yes,Diesel,I cannot afford a new car in the next 2-3 years,Not applicable,Not applicable,Yes,Somewhat likely,"Car (private, company, leased car or taxi, car share)",Sometimes,Between 5km and 15 km,Three or more days per week,Yes,Good,No difference,16.7,2.1,701,2590,41340516,1592098,14.7,1789.28,6199893248,No/Non-religious,Yes,Yes,2020+,28.0,18-29,2_Medium,4,"Couple, no children",5,1
Spain,Community of Madrid,16,2,9,25,20,9,13.5,3,Man,Further education or training after school (not university),Other,2,Urban,No,No,No,No,Mother tongue / Very well,Very confident — I can do these tasks easily on my own,Citizen of this country,0,1,0,0,0,0,0,0,Yes,Petrol,I am considering to buy a new car in the next 2 -3 years,Hybrid (fuel and electric),"Yes, definitely",Yes,Very likely,"Car (private, company, leased car or taxi, car share)",Sometimes,More than 15 km,Three or more days per week,Yes,Good,No difference,16.1,2.9,544,5,26700972,1067172,13.0,1528.212325,14672504154,No/Non-religious,No,Yes,2020+,26.0,18-29,3_High,6,"Couple, no children",3,2
Spain,Andalusia,12,4,20,10,4,4,9.0,2,Man,Further education or training after school (not university),"In paid employment or self-employment (including part-time work, temporary absence from work, or helping in a family business)",2,Urban,No,No,No,No,Well,Very confident — I can do these tasks easily on my own,Citizen of this country,0,0,0,0,1,0,0,0,Yes,Petrol,I am not considering to buy a new car in the next 2 -3 years,Not applicable,Not applicable,Yes,Unlikely,Walking,Not applicable,Between 1 km and 5 km,Three or more days per week,Yes,Poor,No difference,16.1,2.9,544,5,26700972,1067172,13.0,1528.212325,14672504154,No/Non-religious,Yes,Yes,pre-2010,28.0,18-29,1_Low,3,Multi-generational / extended,2,1
Italy,Umbria,12,6,6,12,12,8,9.333333333333334,2,Man,Primary or Secondary education,"In paid employment or self-employment (including part-time work, temporary absence from work, or helping in a family business)",1,Urban,No,No,No,No,Well,Very confident — I can do these tasks easily on my own,Citizen of this country,1,0,0,0,0,0,0,0,Yes,Petrol,I am considering to buy a new car in the next 2 -3 years,Hybrid (fuel and electric),Maybe,Not sure,Somewhat likely,"Car (private, company, leased car or taxi, car share)",Always,Between 5km and 15 km,Three or more days per week,Yes,Average,No difference,16.7,2.1,701,2590,41340516,1592098,14.7,1789.28,6199893248,No/Non-religious,Yes,Yes,2020+,67.0,60+,2_Medium,4,Lives alone,3,1
Spain,Catalonia,25,25,25,25,25,1,21.0,5,Woman,Primary or Secondary education,Unemployed (actively seeking work or available to start work),2,Urban,No,No,Yes,No,Well,Very confident — I can do these tasks easily on my own,Citizen of this country,0,0,1,0,0,0,0,0,Yes,Diesel,I cannot afford a new car in the next 2-3 years,Not applicable,Not applicable,Not sure,Not sure,Walking,Not applicable,Between 1 km and 5 km,Never I mostly work from home,"No, I am working/studying full-time from home and do not commute",Average,No difference,16.1,2.9,544,5,26700972,1067172,13.0,1528.212325,14672504154,No/Non-religious,Yes,Yes,pre-2010,41.0,30-44,2_Medium,2,Single parent,3,1
Spain,Valencian Community,16,15,16,25,25,4,16.833333333333332,4,Woman,Primary or Secondary education,"Attending school, university, or other educational/training programmes",3,Suburban,No,No,No,No,Well,Very confident — I can do these tasks easily on my own,Citizen of this country,0,0,0,0,1,0,0,0,Yes,Diesel,I cannot afford a new car in the next 2-3 years,Not applicable,Not applicable,Not sure,Somewhat unlikely,Walking,Not applicable,Between 1 km and 5 km,Three or more days per week,Yes,Very good,No difference,16.1,2.9,544,5,26700972,1067172,13.0,1528.212325,14672504154,No/Non-religious,Yes,Yes,2010-2019,32.0,30-44,2_Medium,2,Multi-generational / extended,3,1
Italy,Sicily,20,15,16,15,8,16,15.0,4,Man,Primary or Secondary education,"Attending school, university, or other educational/training programmes",4,Suburban,No,No,No,No,Well,Very confident — I can do these tasks easily on my own,Citizen of this country,0,0,0,0,1,0,0,0,Yes,Diesel,I am considering to buy a new car in the next 2 -3 years,Hybrid (fuel and electric),"Yes, definitely",Yes,Somewhat likely,"Collective public transport (bus, tram, train, metro, ferry etc.)",Not applicable,Between 5km and 15 km,Twice per week,Yes,Average,No difference,16.7,2.1,701,2590,41340516,1592098,14.7,1789.28,6199893248,No/Non-religious,Yes,Yes,pre-2010,28.0,18-29,2_Medium,1,Multi-generational / extended,3,2
Spain,Andalusia,9,20,20,20,16,20,17.5,5,Man,"University degree or higher (e.g. Bachelor's, Master's, PhD)","In paid employment or self-employment (including part-time work, temporary absence from work, or helping in a family business)",4,Urban,No,No,No,No,Well,Very confident — I can do these tasks easily on my own,Citizen of this country,0,1,0,0,1,0,1,0,Yes,Petrol,I am considering to buy a new car in the next 2 -3 years,Diesel,"Yes, definitely",Not sure,Likely,"Car (private, company, leased car or taxi, car share)",Sometimes,Between 1 km and 5 km,Three or more days per week,Yes,Good,No difference,16.1,2.9,544,5,26700972,1067172,13.0,1528.212325,14672504154,No/Non-religious,Yes,Yes,2020+,22.0,18-29,3_High,3,"Couple, no children",2,2
Spain,Castile and León,12,20,9,16,4,9,11.666666666666666,3,Woman,"University degree or higher (e.g. Bachelor's, Master's, PhD)","In paid employment or self-employment (including part-time work, temporary absence from work, or helping in a family business)",4,Rural,No,No,No,No,Well,Confident — I can do most tasks but sometimes need help,Citizen of this country,0,1,1,0,0,0,0,0,Yes,Petrol,I am considering to buy a new car in the next 2 -3 years,Hybrid (fuel and electric),"Yes, definitely",Yes,Very likely,"Car (private, company, leased car or taxi, car share)",Always,Between 1 km and 5 km,Three or more days per week,Yes,Very poor,"Yes, definitely",16.1,2.9,544,5,26700972,1067172,13.0,1528.212325,14672504154,No/Non-religious,Yes,Yes,2020+,46.0,45-59,3_High,8,Couple with children,5,2
Spain,Community of Madrid,16,6,12,20,2,9,10.833333333333334,2,Man,"University degree or higher (e.g. Bachelor's, Master's, PhD)","In paid employment or self-employment (including part-time work, temporary absence from work, or helping in a family business)",2,Urban,No,No,No,No,Mother tongue / Very well,Very confident — I can do these tasks easily on my own,Citizen of this country,0,0,0,0,1,0,0,0,Yes,Petrol,I am not considering to buy a new car in the next 2 -3 years,Not applicable,Not applicable,Yes,Somewhat unlikely,"Car (private, company, leased car or taxi, car share)",Sometimes,Between 1 km and 5 km,Twice per week,Yes,Very good,No difference,16.1,2.9,544,5,26700972,1067172,13.0,1528.212325,14672504154,No/Non-religious,Yes,Yes,2010-2019,25.0,18-29,1_Low,5,Multi-generational / extended,4,2
Spain,Andalusia,20,12,9,25,6,8,13.333333333333334,3,Man,Primary or Secondary education,"In paid employment or self-employment (including part-time work, temporary absence from work, or helping in a family business)",3,Urban,No,No,No,No,Not very well,Very confident — I can do these tasks easily on my own,Citizen of this country,0,1,1,0,0,0,0,0,Yes,Diesel,I am considering to buy a new car in the next 2 -3 years,Petrol,Maybe,Yes,Somewhat unlikely,"Car (private, company, leased car or taxi, car share)",Sometimes,Between 1 km and 5 km,Three or more days per week,Yes,Very poor,No difference,16.1,2.9,544,5,26700972,1067172,13.0,1528.212325,14672504154,No/Non-religious,Yes,Yes,pre-2010,61.0,60+,2_Medium,4,Couple with children,2,1
Spain,Catalonia,25,16,25,25,20,16,21.166666666666668,5,Woman,"University degree or higher (e.g. Bachelor's, Master's, PhD)",Unemployed (actively seeking work or available to start work),2,Urban,No,Yes,No,No,Well,Very confident — I can do these tasks easily on my own,Citizen of this country,0,1,0,0,0,0,0,0,Yes,Petrol,I am considering to buy a new car in the next 2 -3 years,Electric,Not applicable,Not sure,Very likely,"Car (private, company, leased car or taxi, car share)",Always,Between 1 km and 5 km,Never I mostly work from home,"No, I am working/studying full-time from home and do not commute",Poor,"Yes, definitely",16.1,2.9,544,5,26700972,1067172,13.0,1528.212325,14672504154,No/Non-religious,Yes,Yes,pre-2010,36.0,30-44,2_Medium,2,"Couple, no children",4,1
Italy,Lombardy,16,16,8,4,1,1,7.666666666666667,1,Man,"University degree or higher (e.g. Bachelor's, Master's, PhD)","In paid employment or self-employment (including part-time work, temporary absence from work, or helping in a family business)",4,Rural,No,No,No,No,Mother tongue / Very well,Very confident — I can do these tasks easily on my own,Citizen of this country,0,1,1,0,0,0,0,0,Yes,Petrol,I cannot afford a new car in the next 2-3 years,Not applicable,Not applicable,Yes,Very unlikely,"Car (private, company, leased car or taxi, car share)",Always,More than 15 km,Three or more days per week,No,Poor,No difference,16.7,2.1,701,2590,41340516,1592098,14.7,1789.28,6199893248,No/Non-religious,Yes,Yes,2010-2019,42.0,30-44,3_High,6,Couple with children,3,2
Spain,Galicia,20,8,10,16,8,4,11.0,2,Man,Primary or Secondary education,"Attending school, university, or other educational/training programmes",5,Suburban,No,No,No,No,Well,Very confident — I can do these tasks easily on my own,Citizen of this country,0,0,0,0,1,0,0,0,Yes,Diesel,I cannot afford a new car in the next 2-3 years,Not applicable,Not applicable,Yes,Very likely,"Collective public transport (bus, tram, train, metro, ferry etc.)",Not applicable,More than 15 km,Three or more days per week,Yes,Average,No difference,16.1,2.9,544,5,26700972,1067172,13.0,1528.212325,14672504154,No/Non-religious,Yes,Yes,2010-2019,19.0,18-29,1_Low,7,Multi-generational / extended,4,2
Spain,Castile and León,9,9,1,4,4,9,6.0,1,Man,"University degree or higher (e.g. Bachelor's, Master's, PhD)","In paid employment or self-employment (including part-time work, temporary absence from work, or helping in a family business)",2,Urban,No,No,No,No,Mother tongue / Very well,Very confident — I can do these tasks easily on my own,EU citizen from another country,0,0,0,0,1,0,0,0,Yes,Petrol,I am considering to buy a new car in the next 2 -3 years,Hybrid (fuel and electric),Maybe,Yes,Somewhat likely,Walking,Not applicable,Between 1 km and 5 km,Twice per week,Yes,Good,Possibly,16.1,2.9,544,5,26700972,1067172,13.0,1528.212325,14672504154,No/Non-religious,No,Yes,2010-2019,43.0,30-44,3_High,3,Multi-generational / extended,3,1
Spain,Andalusia,20,15,4,4,9,16,11.333333333333334,2,Man,Further education or training after school (not university),Unemployed (actively seeking work or available to start work),3,Urban,No,No,No,Yes,Well,Very confident — I can do these tasks easily on my own,Citizen of this country,0,0,0,0,1,0,0,0,Yes,Diesel,I cannot afford a new car in the next 2-3 years,Not applicable,Not applicable,No,Very likely,Walking,Not applicable,Between 1 km and 5 km,Three or more days per week,Yes,Average,No difference,16.1,2.9,544,5,26700972,1067172,13.0,1528.212325,14672504154,No/Non-religious,Yes,Yes,2020+,28.0,18-29,2_Medium,1,Multi-generational / extended,4,1
Spain,Canary Islands,25,15,9,9,9,1,11.333333333333334,2,Man,"University degree or higher (e.g. Bachelor's, Master's, PhD)",Unemployed (actively seeking work or available to start work),2,Urban,No,No,No,No,Mother tongue / Very well,Very confident — I can do these tasks easily on my own,Citizen of this country,0,1,0,0,0,0,0,0,Yes,Petrol,I cannot afford a new car in the next 2-3 years,Not applicable,Not applicable,Not sure,Likely,Walking,Not applicable,Between 1 km and 5 km,Three or more days per week,Yes,Average,No difference,16.1,2.9,544,5,26700972,1067172,13.0,1528.212325,14672504154,No/Non-religious,Yes,Yes,pre-2010,29.0,18-29,3_High,2,"Couple, no children",4,1
Spain,Andalusia,9,15,9,2,9,9,8.833333333333334,2,Woman,"University degree or higher (e.g. Bachelor's, Master's, PhD)","In paid employment or self-employment (including part-time work, temporary absence from work, or helping in a family business)",1,Urban,No,No,Yes,No,Well,Very confident — I can do these tasks easily on my own,Citizen of this country,1,0,0,0,0,0,0,0,Yes,Petrol,I am considering to buy a new car in the next 2 -3 years,Hybrid (fuel and electric),Maybe,Yes,Somewhat unlikely,"Car (private, company, leased car or taxi, car share)",Sometimes,Between 1 km and 5 km,Never I mostly work from home,"No, I am working/studying full-time from home and do not commute",Average,Possibly,16.1,2.9,544,5,26700972,1067172,13.0,1528.212325,14672504154,No/Non-religious,Yes,Yes,pre-2010,53.0,45-59,1_Low,2,Lives alone,3,1
Spain,Community of Madrid,25,16,25,25,25,9,20.833333333333332,5,Man,"University degree or higher (e.g. Bachelor's, Master's, PhD)",Unemployed (actively seeking work or available to start work),5,Urban,No,Yes,No,No,Mother tongue / Very well,Confident — I can do most tasks but sometimes need help,Citizen of this country,0,0,1,0,1,1,1,0,Yes,Petrol,I am considering to buy a new car in the next 2 -3 years,Hybrid (fuel and electric),"Yes, definitely",Yes,Somewhat likely,"Collective public transport (bus, tram, train, metro, ferry etc.)",Not applicable,More than 15 km,Three or more days per week,Yes,Good,No difference,16.1,2.9,544,5,26700972,1067172,13.0,1528.212325,14672504154,No/Non-religious,Yes,Yes,2010-2019,23.0,18-29,2_Medium,3,Single parent,3,2
Italy,Lazio,20,16,16,16,25,20,18.833333333333332,5,Woman,"University degree or higher (e.g. Bachelor's, Master's, PhD)","In paid employment or self-employment (including part-time work, temporary absence from work, or helping in a family business)",3,Urban,No,Prefer not to say,No,No,Mother tongue / Very well,Very confident — I can do these tasks easily on my own,Citizen of this country,0,1,0,1,0,0,0,0,Yes,Petrol,I am considering to buy a new car in the next 2 -3 years,Hybrid (fuel and electric),"Yes, definitely",Yes,Likely,"Collective public transport (bus, tram, train, metro, ferry etc.)",Not applicable,Between 5km and 15 km,Three or more days per week,Yes,Average,"Yes, definitely",16.7,2.1,701,2590,41340516,1592098,14.7,1789.28,6199893248,No/Non-religious,Yes,Yes,2020+,66.0,60+,2_Medium,6,Couple with children,4,2
Italy,Campania,12,15,20,25,6,6,14.0,3,Man,Primary or Secondary education,Unemployed (actively seeking work or available to start work),2,Urban,No,No,No,No,Well,Very confident — I can do these tasks easily on my own,Citizen of this country,0,0,0,0,1,0,0,0,No,Not applicable,I cannot afford a new car in the next 2-3 years,Not applicable,Not applicable,Yes,Not sure,Walking,Not applicable,Between 1 km and 5 km,Never I mostly work from home,"No, I am working/studying full-time from home and do not commute",Very poor,No difference,16.7,2.1,701,2590,41340516,1592098,14.7,1789.28,6199893248,No/Non-religious,Yes,Yes,Not applicable,48.0,45-59,1_Low,3,Multi-generational / extended,3,0
Spain,Catalonia,25,25,16,25,25,16,22.0,5,Man,"University degree or higher (e.g. Bachelor's, Master's, PhD)","Attending school, university, or other educational/training programmes",1,Urban,No,No,No,No,Well,Very confident — I can do these tasks easily on my own,Citizen of this country,1,0,0,0,0,0,0,0,Yes,Petrol,I am considering to buy a new car in the next 2 -3 years,Hybrid (fuel and electric),"Yes, definitely",Yes,Likely,"Collective public transport (bus, tram, train, metro, ferry etc.)",Not applicable,Between 1 km and 5 km,Three or more days per week,Yes,Good,Possibly,16.1,2.9,544,5,26700972,1067172,13.0,1528.212325,14672504154,No/Non-religious,Yes,Yes,2020+,19.0,18-29,1_Low,3,Lives alone,4,1
Spain,Andalusia,12,6,20,16,6,12,12.0,3,Man,Further education or training after school (not university),"In paid employment or self-employment (including part-time work, temporary absence from work, or helping in a family business)",3,Urban,No,No,No,No,Mother tongue / Very well,Very confident — I can do these tasks easily on my own,Non-EU citizen,0,0,0,0,0,0,0,1,Yes,Diesel,I cannot afford a new car in the next 2-3 years,Not applicable,Not applicable,Not sure,Unlikely,Walking,Not applicable,Less than 1 km,Never I mostly work from home,"No, I am working/studying full-time from home and do not commute",Average,Possibly,16.1,2.9,544,5,26700972,1067172,13.0,1528.212325,14672504154,No/Non-religious,No,No,2010-2019,43.0,30-44,1_Low,2,Other shared,4,1
Italy,Emilia-Romagna,20,16,25,20,9,12,17.0,4,Man,Further education or training after school (not university),"In paid employment or self-employment (including part-time work, temporary absence from work, or helping in a family business)",1,Suburban,No,No,No,No,Mother tongue / Very well,Very confident — I can do these tasks easily on my own,Citizen of this country,1,0,0,0,0,0,0,0,Yes,Petrol,I cannot afford a new car in the next 2-3 years,Not applicable,Not applicable,Not sure,Somewhat likely,"Car (private, company, leased car or taxi, car share)",Sometimes,More than 15 km,Once per week,No,Poor,No difference,16.7,2.1,701,2590,41340516,1592098,14.7,1789.28,6199893248,No/Non-religious,Yes,Yes,2020+,35.0,30-44,3_High,2,Lives alone,3,1
Spain,Andalusia,15,6,20,25,6,8,13.333333333333334,3,Man,"University degree or higher (e.g. Bachelor's, Master's, PhD)","In paid employment or self-employment (including part-time work, temporary absence from work, or helping in a family business)",1,Urban,No,No,No,No,Well,Very confident — I can do these tasks easily on my own,Citizen of this country,1,0,0,0,0,0,0,0,No,Not applicable,I am not considering to buy a new car in the next 2 -3 years,Not applicable,Not applicable,Yes,Somewhat unlikely,"Collective public transport (bus, tram, train, metro, ferry etc.)",Not applicable,Between 1 km and 5 km,Never I mostly work from home,"No, I am working/studying full-time from home and do not commute",Good,No difference,16.1,2.9,544,5,26700972,1067172,13.0,1528.212325,14672504154,No/Non-religious,Yes,Yes,Not applicable,28.0,18-29,1_Low,4,Lives alone,5,0
Italy,Lazio,16,5,20,25,4,25,15.833333333333334,4,Man,Further education or training after school (not university),Unemployed (actively seeking work or available to start work),3,Suburban,No,Yes,No,No,Well,Very confident — I can do these tasks easily on my own,Citizen of this country,0,0,0,0,1,0,0,0,No,Not applicable,I am considering to buy a new car in the next 2 -3 years,Electric,Not applicable,Yes,Very likely,"Collective public transport (bus, tram, train, metro, ferry etc.)",Not applicable,Between 5km and 15 km,Three or more days per week,No,Poor,"Yes, definitely",16.7,2.1,701,2590,41340516,1592098,14.7,1789.28,6199893248,No/Non-religious,Yes,Yes,Not applicable,28.0,18-29,2_Medium,1,Multi-generational / extended,5,0
Spain,Andalusia,12,15,20,12,9,16,14.0,3,Woman,"University degree or higher (e.g. Bachelor's, Master's, PhD)","In paid employment or self-employment (including part-time work, temporary absence from work, or helping in a family business)",2,Rural,No,No,No,No,Well,Very confident — I can do these tasks easily on my own,Non-EU citizen,0,0,1,0,0,0,0,0,Yes,Petrol,I am considering to buy a new car in the next 2 -3 years,Hybrid (fuel and electric),"Yes, definitely",No,Very likely,"Car (private, company, leased car or taxi, car share)",Always,More than 15 km,Three or more days per week,Yes,Average,No difference,16.1,2.9,544,5,26700972,1067172,13.0,1528.212325,14672504154,No/Non-religious,No,No,pre-2010,35.0,30-44,2_Medium,2,Single parent,5,1
Spain,Catalonia,12,6,12,20,16,25,15.166666666666666,4,Man,Primary or Secondary education,"Attending school, university, or other educational/training programmes",4,Suburban,No,No,No,No,Mother tongue / Very well,Very confident — I can do these tasks easily on my own,Citizen of this country,0,0,0,0,0,0,1,0,Yes,Hybrid (fuel and electric),I am considering to buy a new car in the next 2 -3 years,Hybrid (fuel and electric),"Yes, definitely",Not sure,Likely,"Collective public transport (bus, tram, train, metro, ferry etc.)",Not applicable,Between 5km and 15 km,Three or more days per week,Yes,Good,No difference,16.1,2.9,544,5,26700972,1067172,13.0,1528.212325,14672504154,No/Non-religious,Yes,No,2010-2019,20.0,18-29,2_Medium,6,Multi-generational / extended,4,2
Italy,Tuscany,15,8,20,12,9,9,12.166666666666666,3,Woman,Primary or Secondary education,"In paid employment or self-employment (including part-time work, temporary absence from work, or helping in a family business)",3,Urban,No,No,No,No,Not very well,Very confident — I can do these tasks easily on my own,Citizen of this country,0,0,0,0,0,0,1,0,Yes,Other or unknown,I cannot afford a new car in the next 2-3 years,Not applicable,Not applicable,Not sure,Unlikely,"Car (private, company, leased car or taxi, car share)",Always,More than 15 km,Three or more days per week,No,Poor,No difference,16.7,2.1,701,2590,41340516,1592098,14.7,1789.28,6199893248,No/Non-religious,Yes,Yes,2010-2019,55.0,45-59,3_High,4,Multi-generational / extended,3,1
Italy,Veneto,25,25,25,25,25,25,25.0,5,Woman,"University degree or higher (e.g. Bachelor's, Master's, PhD)","In paid employment or self-employment (including part-time work, temporary absence from work, or helping in a family business)",4,Suburban,No,No,Yes,No,Mother tongue / Very well,Very confident — I can do these tasks easily on my own,Citizen of this country,0,0,0,0,1,0,0,0,Yes,Petrol,I am considering to buy a new car in the next 2 -3 years,I don't know,Maybe,Yes,Very likely,"Car (private, company, leased car or taxi, car share)",Sometimes,More than 15 km,Once per week,No,Poor,"Yes, definitely",16.7,2.1,701,2590,41340516,1592098,14.7,1789.28,6199893248,No/Non-religious,Yes,Yes,2020+,25.0,18-29,1_Low,6,Multi-generational / extended,5,3
Italy,Umbria,15,6,9,4,4,1,6.5,1,Man,"University degree or higher (e.g. Bachelor's, Master's, PhD)","In paid employment or self-employment (including part-time work, temporary absence from work, or helping in a family business)",2,Urban,No,Prefer not to say,No,No,Well,Very confident — I can do these tasks easily on my own,Citizen of this country,0,1,0,0,0,0,0,0,Yes,Petrol,I cannot afford a new car in the next 2-3 years,Not applicable,Not applicable,Yes,Unlikely,"Car (private, company, leased car or taxi, car share)",Sometimes,Between 1 km and 5 km,Never I mostly work from home,"No, I am working/studying full-time from home and do not commute",Poor,No difference,16.7,2.1,701,2590,41340516,1592098,14.7,1789.28,6199893248,No/Non-religious,Yes,Yes,pre-2010,41.0,30-44,2_Medium,1,"Couple, no children",2,1
Spain,Canary Islands,16,16,16,20,20,20,18.0,5,Woman,"University degree or higher (e.g. Bachelor's, Master's, PhD)","In paid employment or self-employment (including part-time work, temporary absence from work, or helping in a family business)",3,Rural,No,No,No,No,Mother tongue / Very well,Very confident — I can do these tasks easily on my own,Citizen of this country,0,0,1,0,1,0,0,0,Yes,Petrol,I am considering to buy a new car in the next 2 -3 years,Hybrid (fuel and electric),"Yes, definitely",Yes,Likely,"Car (private, company, leased car or taxi, car share)",Always,More than 15 km,Three or more days per week,No,Very poor,"Yes, definitely",16.1,2.9,544,5,26700972,1067172,13.0,1528.212325,14672504154,No/Non-religious,Yes,Yes,2010-2019,31.0,30-44,2_Medium,3,Single parent,4,2
Spain,Andalusia,25,25,16,15,9,16,17.666666666666668,5,Man,"University degree or higher (e.g. Bachelor's, Master's, PhD)",Unemployed (actively seeking work or available to start work),4,Urban,No,No,No,No,Well,Very confident — I can do these tasks easily on my own,Citizen of this country,0,0,0,0,1,0,0,0,Yes,Petrol,I cannot afford a new car in the next 2-3 years,Not applicable,Not applicable,Yes,Somewhat likely,"Collective public transport (bus, tram, train, metro, ferry etc.)",Not applicable,Between 1 km and 5 km,Once per week,Yes,Poor,Possibly,16.1,2.9,544,5,26700972,1067172,13.0,1528.212325,14672504154,No/Non-religious,Yes,Yes,2020+,23.0,18-29,1_Low,4,Multi-generational / extended,3,2
Spain,Catalonia,2,1,1,9,6,1,3.3333333333333335,1,Woman,Further education or training after school (not university),"In paid employment or self-employment (including part-time work, temporary absence from work, or helping in a family business)",3,Urban,No,No,No,No,Well,Very confident — I can do these tasks easily on my own,Citizen of this country,0,0,1,0,0,0,0,0,Yes,Hybrid (fuel and electric),I cannot afford a new car in the next 2-3 years,Not applicable,Not applicable,Yes,Somewhat likely,Walking,Not applicable,Between 1 km and 5 km,Three or more days per week,Yes,Good,Possibly,16.1,2.9,544,5,26700972,1067172,13.0,1528.212325,14672504154,No/Non-religious,Yes,Yes,2010-2019,34.0,30-44,2_Medium,5,Single parent,4,1
Italy,Sicily,16,12,12,25,12,6,13.833333333333334,3,Man,Primary or Secondary education,"Attending school, university, or other educational/training programmes",5,Urban,No,No,No,No,Well,Very confident — I can do these tasks easily on my own,Citizen of this country,0,0,0,0,1,0,1,0,Yes,Hybrid (fuel and electric),I am considering to buy a new car in the next 2 -3 years,Electric,Not applicable,Yes,Very likely,"Car (private, company, leased car or taxi, car share)",Always,Between 5km and 15 km,Three or more days per week,No,Poor,No difference,16.7,2.1,701,2590,41340516,1592098,14.7,1789.28,6199893248,No/Non-religious,Yes,Yes,2020+,24.0,18-29,2_Medium,9,Multi-generational / extended,4,3
Italy,Lazio,16,12,12,6,6,16,11.333333333333334,2,Man,"University degree or higher (e.g. Bachelor's, Master's, PhD)","In paid employment or self-employment (including part-time work, temporary absence from work, or helping in a family business)",3,Urban,No,No,No,No,Well,Very confident — I can do these tasks easily on my own,Citizen of this country,0,1,1,0,0,0,0,0,Yes,Diesel,I am not considering to buy a new car in the next 2 -3 years,Not applicable,Not applicable,Not sure,Likely,"Collective public transport (bus, tram, train, metro, ferry etc.)",Not applicable,More than 15 km,Twice per week,Yes,Good,"Yes, definitely",16.7,2.1,701,2590,41340516,1592098,14.7,1789.28,6199893248,No/Non-religious,Yes,Yes,2020+,52.0,45-59,2_Medium,5,Couple with children,4,2
Spain,Catalonia,6,8,4,16,6,9,8.166666666666666,1,Man,"University degree or higher (e.g. Bachelor's, Master's, PhD)","Attending school, university, or other educational/training programmes",4,Suburban,No,No,No,No,Mother tongue / Very well,Very confident — I can do these tasks easily on my own,Citizen of this country,0,0,0,1,0,0,0,0,Yes,Diesel,I am considering to buy a new car in the next 2 -3 years,Hybrid (fuel and electric),"Yes, definitely",Yes,Very likely,"Car (private, company, leased car or taxi, car share)",Sometimes,Between 5km and 15 km,Three or more days per week,Yes,Average,"Yes, definitely",16.1,2.9,544,5,26700972,1067172,13.0,1528.212325,14672504154,No/Non-religious,Yes,Yes,2020+,21.0,18-29,1_Low,6,Single parent,4,3
Spain,Basque Country,12,9,16,20,9,9,12.5,3,Woman,"University degree or higher (e.g. Bachelor's, Master's, PhD)","In paid employment or self-employment (including part-time work, temporary absence from work, or helping in a family business)",2,Urban,No,No,Yes,No,Mother tongue / Very well,Very confident — I can do these tasks easily on my own,Citizen of this country,0,0,0,0,0,0,1,0,No,Not applicable,I am not considering to buy a new car in the next 2 -3 years,Not applicable,Not applicable,Yes,Somewhat likely,"Collective public transport (bus, tram, train, metro, ferry etc.)",Not applicable,More than 15 km,Three or more days per week,Yes,Good,No difference,16.1,2.9,544,5,26700972,1067172,13.0,1528.212325,14672504154,No/Non-religious,Yes,No,Not applicable,29.0,18-29,1_Low,2,Multi-generational / extended,3,0
Italy,Friuli-Venezia Giulia,20,16,15,5,5,25,14.333333333333334,4,Woman,"University degree or higher (e.g. Bachelor's, Master's, PhD)","In paid employment or self-employment (including part-time work, temporary absence from work, or helping in a family business)",2,Suburban,No,No,No,No,Well,Very confident — I can do these tasks easily on my own,Citizen of this country,0,1,0,0,0,0,0,0,Yes,Other or unknown,I am considering to buy a new car in the next 2 -3 years,I don't know,Maybe,Not sure,Not sure,Walking,Not applicable,Between 1 km and 5 km,Three or more days per week,Yes,Poor,"Yes, definitely",16.7,2.1,701,2590,41340516,1592098,14.7,1789.28,6199893248,No/Non-religious,Yes,Yes,2020+,53.0,45-59,2_Medium,4,"Couple, no children",3,1
Italy,Veneto,16,15,16,20,20,16,17.166666666666668,5,Man,"University degree or higher (e.g. Bachelor's, Master's, PhD)","In paid employment or self-employment (including part-time work, temporary absence from work, or helping in a family business)",5,Suburban,Yes,No,No,No,Mother tongue / Very well,Very confident — I can do these tasks easily on my own,Non-EU citizen,0,1,1,0,0,0,0,0,Yes,Hybrid (fuel and electric),I am considering to buy a new car in the next 2 -3 years,Electric,Not applicable,Yes,Very likely,"Car (private, company, leased car or taxi, car share)",Always,More than 15 km,Three or more days per week,No,Poor,Possibly,16.7,2.1,701,2590,41340516,1592098,14.7,1789.28,6199893248,No/Non-religious,No,No,2020+,40.0,30-44,2_Medium,3,Couple with children,5,2
Spain,Catalonia,16,6,25,20,16,10,15.5,4,Woman,Further education or training after school (not university),"Attending school, university, or other educational/training programmes",3,Rural,No,No,Yes,No,Mother tongue / Very well,Very confident — I can do these tasks easily on my own,Citizen of this country,0,0,0,0,1,0,0,0,Yes,Petrol,I am considering to buy a new car in the next 2 -3 years,Hybrid (fuel and electric),"Yes, definitely",Yes,Very unlikely,"Collective public transport (bus, tram, train, metro, ferry etc.)",Not applicable,Between 5km and 15 km,Three or more days per week,Yes,Poor,Possibly,16.1,2.9,544,5,26700972,1067172,13.0,1528.212325,14672504154,No/Non-religious,Yes,No,2010-2019,19.0,18-29,1_Low,2,Multi-generational / extended,4,2
Spain,Andalusia,20,25,16,15,12,25,18.833333333333332,5,Man,Further education or training after school (not university),"Attending school, university, or other educational/training programmes",3,Urban,Yes,No,Yes,No,Mother tongue / Very well,Very confident — I can do these tasks easily on my own,Non-EU citizen,0,0,0,0,0,0,0,1,No,Not applicable,I cannot afford a new car in the next 2-3 years,Not applicable,Not applicable,Not sure,Somewhat likely,Walking,Not applicable,Between 1 km and 5 km,Three or more days per week,Yes,Very good,No difference,16.1,2.9,544,5,26700972,1067172,13.0,1528.212325,14672504154,No/Non-religious,No,No,Not applicable,19.0,18-29,1_Low,4,Other shared,3,0
Spain,Catalonia,16,12,12,12,12,12,12.666666666666666,3,Man,"University degree or higher (e.g. Bachelor's, Master's, PhD)","Attending school, university, or other educational/training programmes",4,Urban,No,No,No,No,Well,Very confident — I can do these tasks easily on my own,Citizen of this country,0,0,0,0,1,0,1,0,Yes,Hybrid (fuel and electric),I am not considering to buy a new car in the next 2 -3 years,Not applicable,Not applicable,Not sure,Very likely,"Collective public transport (bus, tram, train, metro, ferry etc.)",Not applicable,Between 1 km and 5 km,Three or more days per week,Yes,Very good,No difference,16.1,2.9,544,5,26700972,1067172,13.0,1528.212325,14672504154,No/Non-religious,Yes,Yes,2010-2019,21.0,18-29,1_Low,9,Multi-generational / extended,4,3
Spain,Catalonia,4,9,12,10,12,12,9.833333333333334,2,Man,"University degree or higher (e.g. Bachelor's, Master's, PhD)","In paid employment or self-employment (including part-time work, temporary absence from work, or helping in a family business)",4,Urban,No,No,No,No,Mother tongue / Very well,Very confident — I can do these tasks easily on my own,Citizen of this country,0,0,1,0,0,0,0,0,Yes,Petrol,I am considering to buy a new car in the next 2 -3 years,Hybrid (fuel and electric),"Yes, definitely",Not sure,Likely,Moped or motorbike (including electric),Not applicable,Between 1 km and 5 km,Twice per week,Yes,Good,No difference,16.1,2.9,544,5,26700972,1067172,13.0,1528.212325,14672504154,No/Non-religious,Yes,Yes,2010-2019,39.0,30-44,1_Low,7,Single parent,4,1
Spain,Andalusia,9,16,9,9,12,20,12.5,3,Man,Further education or training after school (not university),"In paid employment or self-employment (including part-time work, temporary absence from work, or helping in a family business)",4,Urban,No,No,Yes,No,Well,Very confident — I can do these tasks easily on my own,Citizen of this country,0,1,1,0,0,0,0,0,Yes,Diesel,I am considering to buy a new car in the next 2 -3 years,Hybrid (fuel and electric),"Yes, definitely",Yes,Very likely,"Collective public transport (bus, tram, train, metro, ferry etc.)",Not applicable,Between 1 km and 5 km,Once per week,No,Poor,No difference,16.1,2.9,544,5,26700972,1067172,13.0,1528.212325,14672504154,No/Non-religious,Yes,Yes,2010-2019,38.0,30-44,2_Medium,6,Couple with children,4,1
Italy,Emilia-Romagna,16,16,16,6,12,20,14.333333333333334,4,Woman,"University degree or higher (e.g. Bachelor's, Master's, PhD)","In paid employment or self-employment (including part-time work, temporary absence from work, or helping in a family business)",4,Suburban,No,No,No,No,Mother tongue / Very well,Confident — I can do most tasks but sometimes need help,Citizen of this country,0,1,1,0,0,0,0,0,Yes,Hybrid (fuel and electric),I cannot afford a new car in the next 2-3 years,Not applicable,Not applicable,Yes,Likely,"Car (private, company, leased car or taxi, car share)",Always,More than 15 km,Three or more days per week,Yes,Poor,Possibly,16.7,2.1,701,2590,41340516,1592098,14.7,1789.28,6199893248,No/Non-religious,Yes,Yes,2020+,44.0,30-44,1_Low,7,Couple with children,5,2
Spain,Community of Madrid,25,4,25,25,25,25,21.5,5,Woman,"University degree or higher (e.g. Bachelor's, Master's, PhD)","In paid employment or self-employment (including part-time work, temporary absence from work, or helping in a family business)",2,Suburban,No,Yes,Yes,No,Well,Very confident — I can do these tasks easily on my own,Citizen of this country,0,1,0,0,0,0,0,0,Yes,Other or unknown,I am not considering to buy a new car in the next 2 -3 years,Not applicable,Not applicable,Not sure,Likely,"Collective public transport (bus, tram, train, metro, ferry etc.)",Not applicable,More than 15 km,Three or more days per week,No,Average,No difference,16.1,2.9,544,5,26700972,1067172,13.0,1528.212325,14672504154,No/Non-religious,Yes,Yes,2020+,44.0,30-44,2_Medium,4,"Couple, no children",5,1
Spain,Galicia,9,4,9,8,8,9,7.833333333333333,1,Man,"University degree or higher (e.g. Bachelor's, Master's, PhD)","In paid employment or self-employment (including part-time work, temporary absence from work, or helping in a family business)",1,Suburban,No,No,No,No,Mother tongue / Very well,Very confident — I can do these tasks easily on my own,Citizen of this country,1,0,0,0,0,0,0,0,Yes,Petrol,I am considering to buy a new car in the next 2 -3 years,Hybrid (fuel and electric),No difference,Yes,Unlikely,Walking,Not applicable,Between 1 km and 5 km,Three or more days per week,Yes,Average,No difference,16.1,2.9,544,5,26700972,1067172,13.0,1528.212325,14672504154,No/Non-religious,Yes,Yes,pre-2010,43.0,30-44,1_Low,2,Lives alone,3,1
Spain,Community of Madrid,12,16,9,20,4,6,11.166666666666666,2,Man,Further education or training after school (not university),"In paid employment or self-employment (including part-time work, temporary absence from work, or helping in a family business)",2,Suburban,No,No,No,No,Well,Very confident — I can do these tasks easily on my own,Citizen of this country,0,1,0,0,0,0,0,0,Yes,Diesel,I cannot afford a new car in the next 2-3 years,Not applicable,Not applicable,Yes,Somewhat likely,"Collective public transport (bus, tram, train, metro, ferry etc.)",Not applicable,Between 1 km and 5 km,Never I mostly work from home,Yes,Good,Possibly,16.1,2.9,544,5,26700972,1067172,13.0,1528.212325,14672504154,No/Non-religious,Yes,No,2010-2019,30.0,30-44,1_Low,3,"Couple, no children",4,1
Spain,Andalusia,25,12,25,25,12,12,18.5,5,Man,"University degree or higher (e.g. Bachelor's, Master's, PhD)",Unemployed (actively seeking work or available to start work),2,Urban,No,No,Yes,Yes,Well,Confident — I can do most tasks but sometimes need help,Citizen of this country,0,0,1,0,0,0,0,0,No,Not applicable,I am not considering to buy a new car in the next 2 -3 years,Not applicable,Not applicable,Yes,Somewhat unlikely,"Collective public transport (bus, tram, train, metro, ferry etc.)",Not applicable,Between 5km and 15 km,Three or more days per week,Yes,Average,"Yes, definitely",16.1,2.9,544,5,26700972,1067172,13.0,1528.212325,14672504154,No/Non-religious,Yes,Yes,Not applicable,43.0,30-44,1_Low,3,Single parent,4,0
Italy,Lombardy,9,2,2,25,20,20,13.0,3,Woman,"University degree or higher (e.g. Bachelor's, Master's, PhD)","In paid employment or self-employment (including part-time work, temporary absence from work, or helping in a family business)",2,Urban,No,No,Yes,No,Mother tongue / Very well,Very confident — I can do these tasks easily on my own,Citizen of this country,0,1,0,0,0,0,0,0,No,Not applicable,I am considering to buy a new car in the next 2 -3 years,Hybrid (fuel and electric),Maybe,Yes,Somewhat unlikely,"Collective public transport (bus, tram, train, metro, ferry etc.)",Not applicable,Between 1 km and 5 km,Twice per week,Yes,Very good,No difference,16.7,2.1,701,2590,41340516,1592098,14.7,1789.28,6199893248,No/Non-religious,Yes,No,Not applicable,30.0,30-44,2_Medium,9,"Couple, no children",4,0
Italy,Piedmont,25,20,25,25,9,25,21.5,5,Woman,"University degree or higher (e.g. Bachelor's, Master's, PhD)","In paid employment or self-employment (including part-time work, temporary absence from work, or helping in a family business)",2,Urban,No,No,Prefer not to say,No,Mother tongue / Very well,Very confident — I can do these tasks easily on my own,EU citizen from another country,0,1,0,0,0,0,0,0,Yes,Other or unknown,I am considering to buy a new car in the next 2 -3 years,Hybrid (fuel and electric),Maybe,No,Likely,"Collective public transport (bus, tram, train, metro, ferry etc.)",Not applicable,Between 1 km and 5 km,Once per week,Yes,Average,Possibly,16.7,2.1,701,2590,41340516,1592098,14.7,1789.28,6199893248,No/Non-religious,No,No,2020+,33.0,30-44,2_Medium,1,"Couple, no children",3,1
Spain,Canary Islands,3,1,1,1,1,1,1.3333333333333333,1,Woman,"University degree or higher (e.g. Bachelor's, Master's, PhD)","In paid employment or self-employment (including part-time work, temporary absence from work, or helping in a family business)",5,Suburban,No,No,No,Yes,Well,Very confident — I can do these tasks easily on my own,Citizen of this country,0,1,1,0,0,0,1,0,Yes,Petrol,I am considering to buy a new car in the next 2 -3 years,Petrol,No difference,Not sure,Unlikely,"Car (private, company, leased car or taxi, car share)",Always,More than 15 km,Three or more days per week,Yes,Average,Possibly,16.1,2.9,544,5,26700972,1067172,13.0,1528.212325,14672504154,No/Non-religious,No,Yes,pre-2010,42.0,30-44,2_Medium,4,Couple with children,1,2
Spain,Castile and León,16,16,16,20,4,8,13.333333333333334,3,Man,"University degree or higher (e.g. Bachelor's, Master's, PhD)",Unemployed (actively seeking work or available to start work),1,Rural,No,No,No,No,Well,Very confident — I can do these tasks easily on my own,Citizen of this country,1,0,0,0,0,0,0,0,No,Not applicable,I am considering to buy a new car in the next 2 -3 years,Hybrid (fuel and electric),"Yes, definitely",No,Very likely,Walking,Not applicable,Less than 1 km,Never I mostly work from home,Yes,Very poor,"Yes, definitely",16.1,2.9,544,5,26700972,1067172,13.0,1528.212325,14672504154,No/Non-religious,Yes,Yes,Not applicable,34.0,30-44,1_Low,1,Lives alone,3,0
Italy,Piedmont,20,15,12,16,9,15,14.5,4,Man,"University degree or higher (e.g. Bachelor's, Master's, PhD)","In paid employment or self-employment (including part-time work, temporary absence from work, or helping in a family business)",1,Urban,No,No,No,No,Well,Very confident — I can do these tasks easily on my own,Citizen of this country,0,1,0,0,0,0,0,0,Yes,Petrol,I cannot afford a new car in the next 2-3 years,Not applicable,Not applicable,Not sure,Somewhat likely,"Car (private, company, leased car or taxi, car share)",Sometimes,Between 5km and 15 km,Three or more days per week,Yes,Average,No difference,16.7,2.1,701,2590,41340516,1592098,14.7,1789.28,6199893248,No/Non-religious,Yes,Yes,2010-2019,30.0,30-44,2_Medium,3,"Couple, no children",4,1
Italy,Lombardy,25,2,16,10,2,15,11.666666666666666,3,Man,Primary or Secondary education,"Attending school, university, or other educational/training programmes",2,Suburban,No,Prefer not to say,Yes,No,Well,Very confident — I can do these tasks easily on my own,Citizen of this country,0,0,0,0,1,0,0,0,Yes,Diesel,I cannot afford a new car in the next 2-3 years,Not applicable,Not applicable,Not sure,Not sure,"Car (private, company, leased car or taxi, car share)",Sometimes,More than 15 km,Three or more days per week,Yes,Very good,"Yes, definitely",16.7,2.1,701,2590,41340516,1592098,14.7,1789.28,6199893248,No/Non-religious,Yes,Yes,pre-2010,21.0,18-29,2_Medium,2,Multi-generational / extended,5,1
Spain,Castile and León,16,8,9,12,9,16,11.666666666666666,3,Woman,"University degree or higher (e.g. Bachelor's, Master's, PhD)","Attending school, university, or other educational/training programmes",5,Urban,Yes,No,Yes,No,Mother tongue / Very well,Very confident — I can do these tasks easily on my own,Citizen of this country,0,0,0,0,1,0,1,0,No,Not applicable,I am considering to buy a new car in the next 2 -3 years,Petrol,No difference,Yes,Somewhat likely,"Collective public transport (bus, tram, train, metro, ferry etc.)",Not applicable,Between 5km and 15 km,Three or more days per week,Yes,Very good,"Yes, definitely",16.1,2.9,544,5,26700972,1067172,13.0,1528.212325,14672504154,No/Non-religious,No,Yes,Not applicable,26.0,18-29,1_Low,4,Multi-generational / extended,5,0
Italy,Emilia-Romagna,12,9,9,16,6,4,9.333333333333334,2,Man,Primary or Secondary education,"Attending school, university, or other educational/training programmes",4,Suburban,No,No,No,No,Well,Confident — I can do most tasks but sometimes need help,Non-EU citizen,0,0,1,0,1,0,0,0,Yes,Diesel,I am not considering to buy a new car in the next 2 -3 years,Not applicable,Not applicable,Not sure,Somewhat likely,"Car (private, company, leased car or taxi, car share)",Sometimes,Between 5km and 15 km,Three or more days per week,Yes,Average,Possibly,16.7,2.1,701,2590,41340516,1592098,14.7,1789.28,6199893248,No/Non-religious,No,No,2020+,27.0,18-29,1_Low,3,Single parent,3,1
Spain,Galicia,20,15,25,25,25,9,19.833333333333332,5,Woman,"University degree or higher (e.g. Bachelor's, Master's, PhD)","In paid employment or self-employment (including part-time work, temporary absence from work, or helping in a family business)",2,Suburban,No,No,No,No,Mother tongue / Very well,Very confident — I can do these tasks easily on my own,Non-EU citizen,0,1,0,0,0,0,0,0,Yes,Diesel,I am considering to buy a new car in the next 2 -3 years,Hybrid (fuel and electric),"Yes, definitely",Yes,Very likely,"Car (private, company, leased car or taxi, car share)",Always,Between 5km and 15 km,Three or more days per week,No,Poor,Possibly,16.1,2.9,544,5,26700972,1067172,13.0,1528.212325,14672504154,No/Non-religious,No,No,2020+,35.0,30-44,3_High,5,"Couple, no children",4,1
Spain,Catalonia,25,10,16,20,15,20,17.666666666666668,5,Man,Further education or training after school (not university),Unemployed (actively seeking work or available to start work),2,Urban,No,No,No,No,Not very well,Very confident — I can do these tasks easily on my own,Citizen of this country,0,1,0,0,0,0,0,0,Yes,Petrol,I am considering to buy a new car in the next 2 -3 years,Hybrid (fuel and electric),Maybe,Not sure,Very likely,"Collective public transport (bus, tram, train, metro, ferry etc.)",Not applicable,Between 1 km and 5 km,Three or more days per week,Yes,Good,No difference,16.1,2.9,544,5,26700972,1067172,13.0,1528.212325,14672504154,No/Non-religious,Yes,Yes,pre-2010,35.0,30-44,1_Low,2,"Couple, no children",5,1
Spain,Catalonia,16,12,25,12,12,16,15.5,4,Man,Further education or training after school (not university),"Attending school, university, or other educational/training programmes",6,Urban,No,No,No,Yes,Well,Very confident — I can do these tasks easily on my own,Citizen of this country,0,0,0,0,1,0,1,0,Yes,Diesel,I am considering to buy a new car in the next 2 -3 years,Diesel,Maybe,Yes,Somewhat likely,"Collective public transport (bus, tram, train, metro, ferry etc.)",Not applicable,Between 1 km and 5 km,Three or more days per week,Yes,Good,"Yes, definitely",16.1,2.9,544,5,26700972,1067172,13.0,1528.212325,14672504154,No/Non-religious,Yes,No,2010-2019,19.0,18-29,1_Low,5,Multi-generational / extended,4,2
Italy,Molise,20,10,15,6,9,12,12.0,3,Woman,"University degree or higher (e.g. Bachelor's, Master's, PhD)","In paid employment or self-employment (including part-time work, temporary absence from work, or helping in a family business)",1,Rural,No,No,Yes,No,Mother tongue / Very well,Very confident — I can do these tasks easily on my own,Citizen of this country,1,0,0,0,0,0,0,0,Yes,Diesel,I cannot afford a new car in the next 2-3 years,Not applicable,Not applicable,No,Somewhat unlikely,"Car (private, company, leased car or taxi, car share)",Sometimes,Between 5km and 15 km,Never I mostly work from home,"No, I am working/studying full-time from home and do not commute",Very poor,No difference,16.7,2.1,701,2590,41340516,1592098,14.7,1789.28,6199893248,No/Non-religious,Yes,Yes,2020+,38.0,30-44,2_Medium,2,Lives alone,3,2
Spain,Region of Murcia,20,2,25,25,25,25,20.333333333333332,5,Man,"University degree or higher (e.g. Bachelor's, Master's, PhD)","In paid employment or self-employment (including part-time work, temporary absence from work, or helping in a family business)",3,Urban,No,Yes,No,No,Well,Very confident — I can do these tasks easily on my own,Citizen of this country,0,0,0,1,0,0,0,0,Yes,Other or unknown,I am considering to buy a new car in the next 2 -3 years,Petrol,"Yes, definitely",Not sure,Likely,"Car (private, company, leased car or taxi, car share)",Always,More than 15 km,Three or more days per week,No,Very poor,"Yes, definitely",16.1,2.9,544,5,26700972,1067172,13.0,1528.212325,14672504154,No/Non-religious,Yes,Yes,2020+,60.0,60+,3_High,6,Single parent,2,3
Spain,Andalusia,12,8,12,8,2,12,9.0,2,Woman,"University degree or higher (e.g. Bachelor's, Master's, PhD)","In paid employment or self-employment (including part-time work, temporary absence from work, or helping in a family business)",2,Rural,No,No,Yes,No,Mother tongue / Very well,Confident — I can do most tasks but sometimes need help,EU citizen from another country,0,1,0,0,0,0,0,0,Yes,Diesel,I am not considering to buy a new car in the next 2 -3 years,Not applicable,Not applicable,Not sure,Very likely,"Car (private, company, leased car or taxi, car share)",Sometimes,Less than 1 km,Never I mostly work from home,"No, I am working/studying full-time from home and do not commute",Poor,"Yes, definitely",16.1,2.9,544,5,26700972,1067172,13.0,1528.212325,14672504154,No/Non-religious,No,No,2010-2019,39.0,30-44,2_Medium,3,"Couple, no children",5,1
Italy,Lazio,8,15,6,25,25,25,17.333333333333332,5,Man,"University degree or higher (e.g. Bachelor's, Master's, PhD)","In paid employment or self-employment (including part-time work, temporary absence from work, or helping in a family business)",2,Urban,No,No,Yes,No,Mother tongue / Very well,Very confident — I can do these tasks easily on my own,Citizen of this country,0,1,0,0,0,0,0,0,Yes,Petrol,I am considering to buy a new car in the next 2 -3 years,Hybrid (fuel and electric),"Yes, definitely",Yes,Likely,"Collective public transport (bus, tram, train, metro, ferry etc.)",Not applicable,Between 5km and 15 km,Three or more days per week,Yes,Average,No difference,16.7,2.1,701,2590,41340516,1592098,14.7,1789.28,6199893248,No/Non-religious,Yes,Yes,2020+,35.0,30-44,2_Medium,3,"Couple, no children",5,2
Italy,Lazio,12,6,3,1,1,9,5.333333333333333,1,Woman,Further education or training after school (not university),"Attending school, university, or other educational/training programmes",4,Suburban,Prefer not to say,No,No,No,Well,Very confident — I can do these tasks easily on my own,Non-EU citizen,0,0,0,0,0,0,0,1,No,Not applicable,I am considering to buy a new car in the next 2 -3 years,Electric,Not applicable,No,Very likely,"Collective public transport (bus, tram, train, metro, ferry etc.)",Not applicable,More than 15 km,Three or more days per week,No,Very poor,"Yes, definitely",16.7,2.1,701,2590,41340516,1592098,14.7,1789.28,6199893248,Prefer not to say,No,No,Not applicable,23.0,18-29,3_High,1,Other shared,5,0
Italy,Lombardy,25,9,9,1,1,2,7.833333333333333,1,Woman,"University degree or higher (e.g. Bachelor's, Master's, PhD)","In paid employment or self-employment (including part-time work, temporary absence from work, or helping in a family business)",3,Urban,No,No,No,No,Well,Very confident — I can do these tasks easily on my own,Citizen of this country,0,0,0,0,1,0,0,0,Yes,Hybrid (fuel and electric),I am considering to buy a new car in the next 2 -3 years,Hybrid (fuel and electric),"Yes, definitely",Not sure,Very likely,"Collective public transport (bus, tram, train, metro, ferry etc.)",Not applicable,Between 5km and 15 km,Three or more days per week,Yes,Good,No difference,16.7,2.1,701,2590,41340516,1592098,14.7,1789.28,6199893248,No/Non-religious,Yes,Yes,2020+,32.0,30-44,2_Medium,4,Multi-generational / extended,4,1
Italy,Emilia-Romagna,15,15,15,20,25,25,19.166666666666668,5,Woman,Further education or training after school (not university),"In paid employment or self-employment (including part-time work, temporary absence from work, or helping in a family business)",3,Urban,No,No,No,No,Well,Very confident — I can do these tasks easily on my own,Citizen of this country,0,0,0,1,0,0,0,0,Yes,Hybrid (fuel and electric),I am considering to buy a new car in the next 2 -3 years,Electric,Not applicable,Yes,Very likely,"Car (private, company, leased car or taxi, car share)",Sometimes,More than 15 km,Three or more days per week,Yes,Poor,No difference,16.7,2.1,701,2590,41340516,1592098,14.7,1789.28,6199893248,No/Non-religious,Yes,Yes,2020+,54.0,45-59,3_High,6,Single parent,4,1
Spain,Andalusia,15,25,25,25,25,12,21.166666666666668,5,Woman,"University degree or higher (e.g. Bachelor's, Master's, PhD)","In paid employment or self-employment (including part-time work, temporary absence from work, or helping in a family business)",5,Urban,No,No,No,No,Mother tongue / Very well,Very confident — I can do these tasks easily on my own,Non-EU citizen,0,1,1,0,0,0,0,0,Yes,Diesel,I am considering to buy a new car in the next 2 -3 years,Petrol,Maybe,No,Likely,"Car (private, company, leased car or taxi, car share)",Always,Between 5km and 15 km,Three or more days per week,Yes,Poor,No difference,16.1,2.9,544,5,26700972,1067172,13.0,1528.212325,14672504154,No/Non-religious,No,No,pre-2010,44.0,30-44,3_High,3,Couple with children,4,1
Spain,La Rioja,12,10,8,12,8,16,11.0,2,Man,"University degree or higher (e.g. Bachelor's, Master's, PhD)","In paid employment or self-employment (including part-time work, temporary absence from work, or helping in a family business)",3,Urban,No,No,Yes,Prefer not to say,Well,Very confident — I can do these tasks easily on my own,Citizen of this country,0,0,0,0,1,0,0,0,Yes,Hybrid (fuel and electric),I am not considering to buy a new car in the next 2 -3 years,Not applicable,Not applicable,Yes,Likely,Walking,Not applicable,Between 1 km and 5 km,Three or more days per week,Yes,Poor,Possibly,16.1,2.9,544,5,26700972,1067172,13.0,1528.212325,14672504154,No/Non-religious,Yes,Yes,2020+,28.0,18-29,1_Low,5,Multi-generational / extended,4,1
Spain,Catalonia,20,6,15,5,5,25,12.666666666666666,3,Man,"University degree or higher (e.g. Bachelor's, Master's, PhD)","In paid employment or self-employment (including part-time work, temporary absence from work, or helping in a family business)",3,Urban,Yes,No,No,No,Well,Very confident — I can do these tasks easily on my own,Citizen of this country,1,0,1,0,0,0,0,0,Yes,Other or unknown,I am considering to buy a new car in the next 2 -3 years,Electric,Not applicable,Yes,Very unlikely,"Car (private, company, leased car or taxi, car share)",Always,More than 15 km,Three or more days per week,No,Very poor,Possibly,16.1,2.9,544,5,26700972,1067172,13.0,1528.212325,14672504154,No/Non-religious,Yes,No,2020+,46.0,45-59,1_Low,6,Lives alone,5,2
Spain,Valencian Community,16,6,4,1,1,1,4.833333333333333,1,Woman,Further education or training after school (not university),"Attending school, university, or other educational/training programmes",4,Urban,Prefer not to say,No,No,Yes,Mother tongue / Very well,Very confident — I can do these tasks easily on my own,Citizen of this country,0,0,0,0,0,0,0,1,Yes,Diesel,I am considering to buy a new car in the next 2 -3 years,Hybrid (fuel and electric),"Yes, definitely",Not sure,Likely,Walking,Not applicable,Between 1 km and 5 km,Three or more days per week,Yes,Very good,No difference,16.1,2.9,544,5,26700972,1067172,13.0,1528.212325,14672504154,No/Non-religious,Yes,Yes,2010-2019,19.0,18-29,1_Low,7,Other shared,4,2
Spain,Catalonia,15,3,20,20,20,20,16.333333333333332,4,Man,"University degree or higher (e.g. Bachelor's, Master's, PhD)","Attending school, university, or other educational/training programmes",3,Urban,No,No,No,No,Well,Very confident — I can do these tasks easily on my own,Non-EU citizen,0,0,0,0,0,0,0,1,No,Not applicable,I am considering to buy a new car in the next 2 -3 years,Petrol,"Yes, definitely",Not sure,Likely,"Collective public transport (bus, tram, train, metro, ferry etc.)",Not applicable,Between 5km and 15 km,Once per week,Yes,Very good,"Yes, definitely",16.1,2.9,544,5,26700972,1067172,13.0,1528.212325,14672504154,No/Non-religious,No,No,Not applicable,26.0,18-29,1_Low,3,Other shared,5,0
Spain,Andalusia,25,25,25,15,4,9,17.166666666666668,5,Woman,"University degree or higher (e.g. Bachelor's, Master's, PhD)","In paid employment or self-employment (including part-time work, temporary absence from work, or helping in a family business)",4,Suburban,No,No,No,No,Well,Very confident — I can do these tasks easily on my own,Citizen of this country,0,1,1,0,0,0,0,0,No,Not applicable,I am not considering to buy a new car in the next 2 -3 years,Not applicable,Not applicable,Not sure,Somewhat unlikely,"Car (private, company, leased car or taxi, car share)",Always,Between 1 km and 5 km,Three or more days per week,Yes,Poor,No difference,16.1,2.9,544,5,26700972,1067172,13.0,1528.212325,14672504154,No/Non-religious,Yes,Yes,Not applicable,38.0,30-44,3_High,5,Couple with children,3,0
Italy,Piedmont,8,6,9,2,10,16,8.5,1,Man,"University degree or higher (e.g. Bachelor's, Master's, PhD)","In paid employment or self-employment (including part-time work, temporary absence from work, or helping in a family business)",2,Urban,No,No,No,No,Mother tongue / Very well,Very confident — I can do these tasks easily on my own,Citizen of this country,0,1,0,0,0,0,0,0,No,Not applicable,I cannot afford a new car in the next 2-3 years,Not applicable,Not applicable,Yes,Somewhat likely,Moped or motorbike (including electric),Not applicable,Between 5km and 15 km,Three or more days per week,Yes,Good,"Yes, definitely",16.7,2.1,701,2590,41340516,1592098,14.7,1789.28,6199893248,No/Non-religious,Yes,Yes,Not applicable,33.0,30-44,1_Low,3,"Couple, no children",4,0
Italy,Marche,16,6,20,4,16,16,13.0,3,Man,Primary or Secondary education,"In paid employment or self-employment (including part-time work, temporary absence from work, or helping in a family business)",4,Urban,No,No,No,No,Well,Very confident — I can do these tasks easily on my own,Citizen of this country,0,0,0,0,1,0,1,0,Yes,Hybrid (fuel and electric),I am not considering to buy a new car in the next 2 -3 years,Not applicable,Not applicable,No,Somewhat unlikely,"Car (private, company, leased car or taxi, car share)",Always,More than 15 km,Three or more days per week,No,Average,Possibly,16.7,2.1,701,2590,41340516,1592098,14.7,1789.28,6199893248,No/Non-religious,Yes,Yes,2020+,24.0,18-29,1_Low,4,Multi-generational / extended,3,3
Spain,Balearic Islands,12,9,6,3,1,2,5.5,1,Man,Primary or Secondary education,"In paid employment or self-employment (including part-time work, temporary absence from work, or helping in a family business)",4,Urban,No,No,No,No,Well,Very confident — I can do these tasks easily on my own,Citizen of this country,0,1,1,0,0,0,0,0,Yes,Petrol,I am considering to buy a new car in the next 2 -3 years,Hybrid (fuel and electric),Maybe,Yes,Somewhat likely,Bicycle (including electric bicycle or electric scooter),Not applicable,Less than 1 km,Three or more days per week,Yes,Good,Possibly,16.1,2.9,544,5,26700972,1067172,13.0,1528.212325,14672504154,No/Non-religious,Yes,No,2010-2019,54.0,45-59,2_Medium,4,Couple with children,3,2
Spain,Castile and León,25,12,20,15,16,15,17.166666666666668,5,Man,Primary or Secondary education,Unemployed (actively seeking work or available to start work),3,Rural,No,No,No,No,Not very well,Confident — I can do most tasks but sometimes need help,Citizen of this country,0,1,1,0,0,0,0,0,Yes,Diesel,I am not considering to buy a new car in the next 2 -3 years,Not applicable,Not applicable,Not sure,Somewhat likely,"Car (private, company, leased car or taxi, car share)",Sometimes,Between 5km and 15 km,Three or more days per week,No,Average,No difference,16.1,2.9,544,5,26700972,1067172,13.0,1528.212325,14672504154,No/Non-religious,Yes,No,2020+,32.0,30-44,3_High,2,Couple with children,3,1
Spain,Valencian Community,16,16,16,16,16,16,16.0,4,Man,"University degree or higher (e.g. Bachelor's, Master's, PhD)","In paid employment or self-employment (including part-time work, temporary absence from work, or helping in a family business)",3,Urban,No,No,No,No,Well,Very confident — I can do these tasks easily on my own,Citizen of this country,0,0,0,0,1,0,0,0,Yes,Diesel,I am considering to buy a new car in the next 2 -3 years,I don't know,"Yes, definitely",Yes,Very likely,"Car (private, company, leased car or taxi, car share)",Sometimes,Between 5km and 15 km,Three or more days per week,Yes,Good,Possibly,16.1,2.9,544,5,26700972,1067172,13.0,1528.212325,14672504154,No/Non-religious,Yes,Yes,2010-2019,29.0,18-29,2_Medium,3,Multi-generational / extended,5,2
Italy,Sardinia,20,1,20,16,9,16,13.666666666666666,3,Man,Primary or Secondary education,Other,3,Rural,No,No,No,No,Not very well,Very confident — I can do these tasks easily on my own,Citizen of this country,0,0,0,0,1,1,0,0,Yes,Petrol,I cannot afford a new car in the next 2-3 years,Not applicable,Not applicable,Yes,Somewhat likely,"Car (private, company, leased car or taxi, car share)",Sometimes,Between 5km and 15 km,Never I mostly work from home,"No, I am working/studying full-time from home and do not commute",Poor,No difference,16.7,2.1,701,2590,41340516,1592098,14.7,1789.28,6199893248,No/Non-religious,Yes,Yes,pre-2010,36.0,30-44,2_Medium,2,Multi-generational / extended,3,1
Italy,Piedmont,12,15,6,15,8,6,10.333333333333334,2,Man,Further education or training after school (not university),"In paid employment or self-employment (including part-time work, temporary absence from work, or helping in a family business)",4,Urban,No,No,No,No,Well,Very confident — I can do these tasks easily on my own,Citizen of this country,0,1,1,1,0,0,0,0,Yes,Petrol,I am considering to buy a new car in the next 2 -3 years,Hybrid (fuel and electric),"Yes, definitely",Yes,Likely,"Car (private, company, leased car or taxi, car share)",Sometimes,More than 15 km,Three or more days per week,No,Average,"Yes, definitely",16.7,2.1,701,2590,41340516,1592098,14.7,1789.28,6199893248,No/Non-religious,Yes,Yes,2010-2019,50.0,45-59,3_High,7,Couple with children,4,2
Spain,Extremadura,5,20,5,5,5,5,7.5,1,Woman,"University degree or higher (e.g. Bachelor's, Master's, PhD)","In paid employment or self-employment (including part-time work, temporary absence from work, or helping in a family business)",3,Suburban,No,No,No,No,Mother tongue / Very well,Very confident — I can do these tasks easily on my own,Citizen of this country,0,0,1,0,0,0,0,0,Yes,Diesel,I am considering to buy a new car in the next 2 -3 years,Electric,Not applicable,Not sure,Very likely,"Car (private, company, leased car or taxi, car share)",Sometimes,Between 5km and 15 km,Three or more days per week,Yes,Average,Possibly,16.1,2.9,544,5,26700972,1067172,13.0,1528.212325,14672504154,No/Non-religious,No,No,2010-2019,35.0,30-44,3_High,4,Single parent,5,1
Spain,Andalusia,20,12,20,15,12,10,14.833333333333334,4,Woman,Primary or Secondary education,"Attending school, university, or other educational/training programmes",2,Urban,No,No,No,Prefer not to say,Mother tongue / Very well,Very confident — I can do these tasks easily on my own,Citizen of this country,0,0,0,0,1,0,0,0,Yes,Diesel,I cannot afford a new car in the next 2-3 years,Not applicable,Not applicable,No,Somewhat likely,"Collective public transport (bus, tram, train, metro, ferry etc.)",Not applicable,Between 1 km and 5 km,Never I mostly work from home,Yes,Poor,No difference,16.1,2.9,544,5,26700972,1067172,13.0,1528.212325,14672504154,Prefer not to say,Yes,No,2020+,19.0,18-29,1_Low,2,Multi-generational / extended,4,2
Spain,Andalusia,15,25,20,20,20,12,18.666666666666668,5,Non-binary,Further education or training after school (not university),Unemployed (actively seeking work or available to start work),2,Urban,Yes,Yes,Yes,Yes,Mother tongue / Very well,Very confident — I can do these tasks easily on my own,Non-EU citizen,0,0,0,0,0,0,0,1,No,Not applicable,I cannot afford a new car in the next 2-3 years,Not applicable,Not applicable,Not sure,Unlikely,"Collective public transport (bus, tram, train, metro, ferry etc.)",Not applicable,Less than 1 km,Never I mostly work from home,"No, I am working/studying full-time from home and do not commute",Good,No difference,16.1,2.9,544,5,26700972,1067172,13.0,1528.212325,14672504154,No/Non-religious,No,No,Not applicable,31.0,30-44,1_Low,1,Other shared,5,0
Spain,Andalusia,25,10,25,25,4,9,16.333333333333332,4,Woman,"University degree or higher (e.g. Bachelor's, Master's, PhD)",Unemployed (actively seeking work or available to start work),3,Urban,No,No,No,No,Well,Very confident — I can do these tasks easily on my own,Citizen of this country,0,0,0,0,1,0,0,0,Yes,Diesel,I cannot afford a new car in the next 2-3 years,Not applicable,Not applicable,Not sure,Very unlikely,Walking,Not applicable,Less than 1 km,Never I mostly work from home,Yes,Average,No difference,16.1,2.9,544,5,26700972,1067172,13.0,1528.212325,14672504154,No/Non-religious,Yes,Yes,pre-2010,33.0,30-44,2_Medium,1,Multi-generational / extended,2,1
Italy,Friuli-Venezia Giulia,20,12,16,4,9,4,10.833333333333334,2,Man,Primary or Secondary education,Other,2,Rural,No,No,No,No,Mother tongue / Very well,Confident — I can do most tasks but sometimes need help,Citizen of this country,0,1,0,0,0,0,0,0,Yes,Petrol,I am considering to buy a new car in the next 2 -3 years,Hybrid (fuel and electric),"Yes, definitely",Yes,Likely,"Car (private, company, leased car or taxi, car share)",Never,Between 5km and 15 km,Three or more days per week,No,Average,No difference,16.7,2.1,701,2590,41340516,1592098,14.7,1789.28,6199893248,Prefer not to say,No,Yes,2010-2019,68.0,60+,3_High,3,"Couple, no children",5,1
Italy,Lazio,9,12,15,20,20,20,16.0,4,Man,"University degree or higher (e.g. Bachelor's, Master's, PhD)","In paid employment or self-employment (including part-time work, temporary absence from work, or helping in a family business)",3,Urban,No,Yes,No,No,Well,Very confident — I can do these tasks easily on my own,Citizen of this country,0,0,0,0,1,0,0,0,Yes,Petrol,I am considering to buy a new car in the next 2 -3 years,Hybrid (fuel and electric),"Yes, definitely",Yes,Very likely,Bicycle (including electric bicycle or electric scooter),Not applicable,Between 1 km and 5 km,Three or more days per week,Yes,Average,"Yes, definitely",16.7,2.1,701,2590,41340516,1592098,14.7,1789.28,6199893248,No/Non-religious,Yes,Yes,2020+,37.0,30-44,3_High,6,Multi-generational / extended,5,2
Italy,Campania,25,3,15,16,25,25,18.166666666666668,5,Man,"University degree or higher (e.g. Bachelor's, Master's, PhD)","Attending school, university, or other educational/training programmes",4,Urban,No,No,Yes,No,Mother tongue / Very well,Very confident — I can do these tasks easily on my own,Citizen of this country,0,0,0,0,1,0,0,0,Yes,Diesel,I am not considering to buy a new car in the next 2 -3 years,Not applicable,Not applicable,Yes,Somewhat likely,"Collective public transport (bus, tram, train, metro, ferry etc.)",Not applicable,Between 1 km and 5 km,Three or more days per week,Yes,Average,"Yes, definitely",16.7,2.1,701,2590,41340516,1592098,14.7,1789.28,6199893248,No/Non-religious,Yes,Yes,2020+,22.0,18-29,1_Low,3,Multi-generational / extended,4,2
Italy,Liguria,4,9,4,9,4,9,6.5,1,Man,Further education or training after school (not university),"In paid employment or self-employment (including part-time work, temporary absence from work, or helping in a family business)",1,Rural,No,No,No,No,Not very well,Very confident — I can do these tasks easily on my own,Citizen of this country,1,0,0,0,0,0,0,0,Yes,Petrol,I am considering to buy a new car in the next 2 -3 years,Petrol,Maybe,Not sure,Somewhat likely,"Car (private, company, leased car or taxi, car share)",Sometimes,Between 5km and 15 km,Three or more days per week,No,Very poor,Possibly,16.7,2.1,701,2590,41340516,1592098,14.7,1789.28,6199893248,Yes,Yes,Yes,pre-2010,57.0,45-59,2_Medium,2,Lives alone,3,1
Spain,Catalonia,25,16,25,25,16,16,20.5,5,Man,"University degree or higher (e.g. Bachelor's, Master's, PhD)","In paid employment or self-employment (including part-time work, temporary absence from work, or helping in a family business)",4,Urban,Yes,No,No,Yes,Well,Very confident — I can do these tasks easily on my own,Citizen of this country,0,0,1,0,1,0,0,0,Yes,Petrol,I am considering to buy a new car in the next 2 -3 years,Hybrid (fuel and electric),"Yes, definitely",Yes,Likely,"Collective public transport (bus, tram, train, metro, ferry etc.)",Not applicable,Between 1 km and 5 km,Three or more days per week,Yes,Very good,No difference,16.1,2.9,544,5,26700972,1067172,13.0,1528.212325,14672504154,Prefer not to say,Yes,No,pre-2010,27.0,18-29,1_Low,6,Single parent,4,1
Spain,Navarre,20,8,16,15,20,25,17.333333333333332,5,Woman,"University degree or higher (e.g. Bachelor's, Master's, PhD)","In paid employment or self-employment (including part-time work, temporary absence from work, or helping in a family business)",3,Suburban,No,No,No,No,Well,Very confident — I can do these tasks easily on my own,Citizen of this country,0,0,0,0,1,0,0,0,Yes,Petrol,I am considering to buy a new car in the next 2 -3 years,Petrol,Maybe,Yes,Somewhat likely,"Collective public transport (bus, tram, train, metro, ferry etc.)",Not applicable,Between 5km and 15 km,Three or more days per week,Yes,Good,No difference,16.1,2.9,544,5,26700972,1067172,13.0,1528.212325,14672504154,No/Non-religious,Yes,Yes,2010-2019,32.0,30-44,1_Low,3,Multi-generational / extended,4,1
Italy,Lazio,25,25,25,25,20,25,24.166666666666668,5,Man,"University degree or higher (e.g. Bachelor's, Master's, PhD)","In paid employment or self-employment (including part-time work, temporary absence from work, or helping in a family business)",4,Urban,No,No,No,No,Mother tongue / Very well,Very confident — I can do these tasks easily on my own,Citizen of this country,0,1,1,0,0,0,0,0,Yes,Hybrid (fuel and electric),I am considering to buy a new car in the next 2 -3 years,Hybrid (fuel and electric),"Yes, definitely",Not sure,Likely,Walking,Not applicable,Between 1 km and 5 km,Never I mostly work from home,Yes,Average,"Yes, definitely",16.7,2.1,701,2590,41340516,1592098,14.7,1789.28,6199893248,No/Non-religious,Yes,Yes,2020+,39.0,30-44,2_Medium,4,Couple with children,5,2
Italy,Veneto,25,20,16,20,25,9,19.166666666666668,5,Man,"University degree or higher (e.g. Bachelor's, Master's, PhD)","In paid employment or self-employment (including part-time work, temporary absence from work, or helping in a family business)",2,Suburban,No,No,No,No,Well,Very confident — I can do these tasks easily on my own,Citizen of this country,0,1,0,0,0,0,0,0,Yes,Other or unknown,I cannot afford a new car in the next 2-3 years,Not applicable,Not applicable,Not sure,Likely,"Car (private, company, leased car or taxi, car share)",Always,Between 5km and 15 km,Once per week,No,Poor,No difference,16.7,2.1,701,2590,41340516,1592098,14.7,1789.28,6199893248,No/Non-religious,Yes,Yes,2010-2019,34.0,30-44,3_High,3,"Couple, no children",4,4
Spain,Asturias,9,9,9,9,9,9,9.0,2,Woman,"University degree or higher (e.g. Bachelor's, Master's, PhD)",Unemployed (actively seeking work or available to start work),2,Urban,No,No,No,No,Well,Very confident — I can do these tasks easily on my own,Citizen of this country,0,1,0,0,0,0,0,0,Yes,Diesel,I am not considering to buy a new car in the next 2 -3 years,Not applicable,Not applicable,Not sure,Not sure,"Collective public transport (bus, tram, train, metro, ferry etc.)",Not applicable,Between 1 km and 5 km,Three or more days per week,Yes,Average,No difference,16.1,2.9,544,5,26700972,1067172,13.0,1528.212325,14672504154,No/Non-religious,Yes,Yes,2010-2019,47.0,45-59,1_Low,5,"Couple, no children",2,1
Spain,Catalonia,25,12,20,16,12,20,17.5,5,Woman,Further education or training after school (not university),Unemployed (actively seeking work or available to start work),3,Rural,No,No,No,No,Well,Very confident — I can do these tasks easily on my own,Citizen of this country,0,0,0,0,1,0,0,0,Yes,Petrol,I cannot afford a new car in the next 2-3 years,Not applicable,Not applicable,Not sure,Likely,"Collective public transport (bus, tram, train, metro, ferry etc.)",Not applicable,More than 15 km,Three or more days per week,No,Average,No difference,16.1,2.9,544,5,26700972,1067172,13.0,1528.212325,14672504154,No/Non-religious,Yes,No,2010-2019,24.0,18-29,1_Low,3,Multi-generational / extended,4,1
Spain,Andalusia,9,4,12,12,9,20,11.0,2,Woman,Primary or Secondary education,"In paid employment or self-employment (including part-time work, temporary absence from work, or helping in a family business)",2,Suburban,No,No,No,No,Mother tongue / Very well,Very confident — I can do these tasks easily on my own,EU citizen from another country,0,1,0,0,0,0,0,0,Yes,Petrol,I am not considering to buy a new car in the next 2 -3 years,Not applicable,Not applicable,No,Somewhat unlikely,"Car (private, company, leased car or taxi, car share)",Sometimes,Between 5km and 15 km,Never I mostly work from home,"No, I am working/studying full-time from home and do not commute",Very poor,Possibly,16.1,2.9,544,5,26700972,1067172,13.0,1528.212325,14672504154,No/Non-religious,No,No,2020+,38.0,30-44,3_High,5,"Couple, no children",3,1
Italy,Veneto,16,25,12,9,9,12,13.833333333333334,3,Woman,"University degree or higher (e.g. Bachelor's, Master's, PhD)",Unemployed (actively seeking work or available to start work),3,Urban,No,No,Yes,No,Mother tongue / Very well,Very confident — I can do these tasks easily on my own,Citizen of this country,0,1,0,0,0,0,0,0,No,Not applicable,I cannot afford a new car in the next 2-3 years,Not applicable,Not applicable,Yes,Very likely,"Collective public transport (bus, tram, train, metro, ferry etc.)",Not applicable,Between 5km and 15 km,Never I mostly work from home,"No, I am working/studying full-time from home and do not commute",Average,No difference,16.7,2.1,701,2590,41340516,1592098,14.7,1789.28,6199893248,No/Non-religious,No,No,Not applicable,30.0,30-44,1_Low,2,"Couple, no children",5,0
Spain,Castile-La Mancha,8,3,4,2,4,2,3.8333333333333335,1,Woman,"University degree or higher (e.g. Bachelor's, Master's, PhD)","In paid employment or self-employment (including part-time work, temporary absence from work, or helping in a family business)",2,Urban,No,No,Yes,No,Mother tongue / Very well,Very confident — I can do these tasks easily on my own,Citizen of this country,0,1,0,0,0,0,0,0,No,Not applicable,I am considering to buy a new car in the next 2 -3 years,Hybrid (fuel and electric),"Yes, definitely",Not sure,Very likely,Walking,Not applicable,Between 1 km and 5 km,Three or more days per week,Yes,Good,No difference,16.1,2.9,544,5,26700972,1067172,13.0,1528.212325,14672504154,No/Non-religious,No,Yes,Not applicable,31.0,30-44,1_Low,2,"Couple, no children",4,0
Spain,Community of Madrid,4,1,1,4,4,4,3.0,1,Woman,"University degree or higher (e.g. Bachelor's, Master's, PhD)","In paid employment or self-employment (including part-time work, temporary absence from work, or helping in a family business)",1,Urban,No,Yes,No,No,Well,Confident — I can do most tasks but sometimes need help,Citizen of this country,1,0,0,0,0,0,0,0,No,Not applicable,I cannot afford a new car in the next 2-3 years,Not applicable,Not applicable,Not sure,Very unlikely,"Collective public transport (bus, tram, train, metro, ferry etc.)",Not applicable,Between 1 km and 5 km,Never I mostly work from home,"No, I am working/studying full-time from home and do not commute",Good,No difference,16.1,2.9,544,5,26700972,1067172,13.0,1528.212325,14672504154,No/Non-religious,Yes,Yes,Not applicable,50.0,45-59,1_Low,2,Lives alone,2,0
Italy,Campania,9,4,12,4,4,12,7.5,1,Woman,"University degree or higher (e.g. Bachelor's, Master's, PhD)","Attending school, university, or other educational/training programmes",3,Suburban,No,No,Yes,Prefer not to say,Well,Very confident — I can do these tasks easily on my own,Citizen of this country,0,0,0,0,1,0,0,0,Yes,Diesel,I am not considering to buy a new car in the next 2 -3 years,Not applicable,Not applicable,No,Likely,Moped or motorbike (including electric),Not applicable,More than 15 km,Never I mostly work from home,Yes,Average,Possibly,16.7,2.1,701,2590,41340516,1592098,14.7,1789.28,6199893248,No/Non-religious,Yes,Yes,2010-2019,24.0,18-29,1_Low,4,Multi-generational / extended,3,2
Spain,Community of Madrid,5,25,5,15,15,1,11.0,2,Woman,"University degree or higher (e.g. Bachelor's, Master's, PhD)","In paid employment or self-employment (including part-time work, temporary absence from work, or helping in a family business)",1,Suburban,No,No,No,Yes,Mother tongue / Very well,Confident — I can do most tasks but sometimes need help,Non-EU citizen,1,0,0,0,0,0,0,0,Yes,Petrol,I am considering to buy a new car in the next 2 -3 years,Petrol,No difference,Not sure,Very unlikely,"Car (private, company, leased car or taxi, car share)",Never,Between 1 km and 5 km,Never I mostly work from home,"No, I am working/studying full-time from home and do not commute",Average,No difference,16.1,2.9,544,5,26700972,1067172,13.0,1528.212325,14672504154,Yes,No,No,2010-2019,64.0,60+,1_Low,3,Lives alone,1,1
Spain,Andalusia,1,1,6,2,1,1,2.0,1,Man,"University degree or higher (e.g. Bachelor's, Master's, PhD)",Unemployed (actively seeking work or available to start work),2,Suburban,No,No,No,Prefer not to say,Well,Confident — I can do most tasks but sometimes need help,Citizen of this country,0,0,0,0,1,0,0,0,Yes,Diesel,I cannot afford a new car in the next 2-3 years,Not applicable,Not applicable,Yes,Very unlikely,"Collective public transport (bus, tram, train, metro, ferry etc.)",Not applicable,Between 1 km and 5 km,Never I mostly work from home,"No, I am working/studying full-time from home and do not commute",Average,No difference,16.1,2.9,544,5,26700972,1067172,13.0,1528.212325,14672504154,No/Non-religious,Yes,Yes,2010-2019,23.0,18-29,2_Medium,4,Multi-generational / extended,1,2
Italy,Lombardy,20,20,25,20,9,16,18.333333333333332,5,Woman,"University degree or higher (e.g. Bachelor's, Master's, PhD)","In paid employment or self-employment (including part-time work, temporary absence from work, or helping in a family business)",2,Urban,No,No,No,No,Well,Very confident — I can do these tasks easily on my own,Citizen of this country,0,0,0,0,0,0,0,1,No,Not applicable,I cannot afford a new car in the next 2-3 years,Not applicable,Not applicable,Yes,Somewhat unlikely,Bicycle (including electric bicycle or electric scooter),Not applicable,Between 1 km and 5 km,Three or more days per week,Yes,Very good,"Yes, definitely",16.7,2.1,701,2590,41340516,1592098,14.7,1789.28,6199893248,No/Non-religious,Yes,Yes,Not applicable,29.0,18-29,2_Medium,3,Other shared,4,0
Spain,Catalonia,20,12,25,25,9,16,17.833333333333332,5,Woman,"University degree or higher (e.g. Bachelor's, Master's, PhD)","In paid employment or self-employment (including part-time work, temporary absence from work, or helping in a family business)",3,Urban,No,No,No,No,Mother tongue / Very well,Very confident — I can do these tasks easily on my own,Citizen of this country,0,1,1,0,0,0,0,0,Yes,Hybrid (fuel and electric),I am considering to buy a new car in the next 2 -3 years,Electric,Not applicable,Not sure,Very likely,"Collective public transport (bus, tram, train, metro, ferry etc.)",Not applicable,Between 5km and 15 km,Three or more days per week,Yes,Average,Possibly,16.1,2.9,544,5,26700972,1067172,13.0,1528.212325,14672504154,No/Non-religious,Yes,Yes,2020+,41.0,30-44,3_High,6,Couple with children,5,1
Spain,Andalusia,6,12,16,25,16,1,12.666666666666666,3,Woman,"University degree or higher (e.g. Bachelor's, Master's, PhD)","In paid employment or self-employment (including part-time work, temporary absence from work, or helping in a family business)",2,Urban,No,No,No,No,Well,Confident — I can do most tasks but sometimes need help,Citizen of this country,0,1,0,0,0,0,0,0,Yes,Diesel,I am not considering to buy a new car in the next 2 -3 years,Not applicable,Not applicable,No,Unlikely,Walking,Not applicable,Between 1 km and 5 km,Twice per week,Yes,Average,No difference,16.1,2.9,544,5,26700972,1067172,13.0,1528.212325,14672504154,No/Non-religious,Yes,Yes,2020+,48.0,45-59,1_Low,3,"Couple, no children",1,1
Italy,Campania,16,6,8,6,1,3,6.666666666666667,1,Man,Primary or Secondary education,"Attending school, university, or other educational/training programmes",3,Urban,No,No,No,No,Well,Confident — I can do most tasks but sometimes need help,Citizen of this country,0,0,0,0,1,0,1,0,Yes,Diesel,I am considering to buy a new car in the next 2 -3 years,Petrol,"Yes, definitely",Not sure,Not sure,Moped or motorbike (including electric),Not applicable,Between 1 km and 5 km,Three or more days per week,Yes,Average,No difference,16.7,2.1,701,2590,41340516,1592098,14.7,1789.28,6199893248,No/Non-religious,Yes,Yes,2010-2019,20.0,18-29,2_Medium,2,Multi-generational / extended,3,1
Italy,Lazio,16,3,9,12,12,12,10.666666666666666,2,Man,"University degree or higher (e.g. Bachelor's, Master's, PhD)","In paid employment or self-employment (including part-time work, temporary absence from work, or helping in a family business)",3,Urban,No,No,No,No,Well,Confident — I can do most tasks but sometimes need help,Citizen of this country,0,1,1,0,0,0,0,0,Yes,Hybrid (fuel and electric),I am considering to buy a new car in the next 2 -3 years,Hybrid (fuel and electric),Maybe,Yes,Somewhat likely,"Car (private, company, leased car or taxi, car share)",Sometimes,Between 5km and 15 km,Three or more days per week,Yes,Average,"Yes, definitely",16.7,2.1,701,2590,41340516,1592098,14.7,1789.28,6199893248,No/Non-religious,Yes,No,2020+,35.0,30-44,3_High,3,Couple with children,4,1
Spain,Community of Madrid,8,6,20,20,1,4,9.833333333333334,2,Man,"University degree or higher (e.g. Bachelor's, Master's, PhD)","In paid employment or self-employment (including part-time work, temporary absence from work, or helping in a family business)",4,Rural,No,Yes,No,No,Not very well,Very confident — I can do these tasks easily on my own,Citizen of this country,0,1,1,0,0,0,0,0,Yes,Petrol,I am considering to buy a new car in the next 2 -3 years,Hybrid (fuel and electric),"Yes, definitely",Yes,Somewhat likely,"Car (private, company, leased car or taxi, car share)",Always,More than 15 km,Three or more days per week,No,Very poor,No difference,16.1,2.9,544,5,26700972,1067172,13.0,1528.212325,14672504154,No/Non-religious,Yes,Yes,2010-2019,62.0,60+,3_High,5,Couple with children,2,1
Spain,Catalonia,4,4,1,1,1,16,4.5,1,Woman,"University degree or higher (e.g. Bachelor's, Master's, PhD)","In paid employment or self-employment (including part-time work, temporary absence from work, or helping in a family business)",1,Urban,No,No,No,No,Well,Very confident — I can do these tasks easily on my own,Citizen of this country,1,0,0,0,0,0,0,0,No,Not applicable,I am not considering to buy a new car in the next 2 -3 years,Not applicable,Not applicable,Not sure,Likely,"Collective public transport (bus, tram, train, metro, ferry etc.)",Not applicable,Between 5km and 15 km,Twice per week,Yes,Good,"Yes, definitely",16.1,2.9,544,5,26700972,1067172,13.0,1528.212325,14672504154,No/Non-religious,Yes,Yes,Not applicable,50.0,45-59,2_Medium,4,Lives alone,3,0
Italy,Apulia,12,15,6,12,9,4,9.666666666666666,2,Man,"University degree or higher (e.g. Bachelor's, Master's, PhD)","In paid employment or self-employment (including part-time work, temporary absence from work, or helping in a family business)",2,Suburban,No,No,No,No,Well,Very confident — I can do these tasks easily on my own,Citizen of this country,0,1,0,0,0,0,0,0,Yes,Diesel,I am considering to buy a new car in the next 2 -3 years,Hybrid (fuel and electric),"Yes, definitely",Not sure,Likely,"Car (private, company, leased car or taxi, car share)",Always,More than 15 km,Three or more days per week,No,Poor,No difference,16.7,2.1,701,2590,41340516,1592098,14.7,1789.28,6199893248,No/Non-religious,Yes,Yes,2010-2019,44.0,30-44,3_High,4,"Couple, no children",3,1
Spain,Catalonia,4,2,2,12,3,4,4.5,1,Man,"University degree or higher (e.g. Bachelor's, Master's, PhD)","In paid employment or self-employment (including part-time work, temporary absence from work, or helping in a family business)",2,Suburban,No,No,No,No,Well,Very confident — I can do these tasks easily on my own,Citizen of this country,0,1,0,0,0,0,0,0,Yes,Diesel,I cannot afford a new car in the next 2-3 years,Not applicable,Not applicable,Yes,Very unlikely,"Car (private, company, leased car or taxi, car share)",Always,Between 5km and 15 km,Three or more days per week,Yes,Poor,No difference,16.1,2.9,544,5,26700972,1067172,13.0,1528.212325,14672504154,No/Non-religious,Yes,Yes,2010-2019,35.0,30-44,3_High,5,"Couple, no children",1,2
Italy,Calabria,15,16,16,20,20,16,17.166666666666668,5,Woman,"University degree or higher (e.g. Bachelor's, Master's, PhD)","In paid employment or self-employment (including part-time work, temporary absence from work, or helping in a family business)",3,Suburban,Prefer not to say,No,No,No,Mother tongue / Very well,Very confident — I can do these tasks easily on my own,Non-EU citizen,0,1,1,0,0,0,0,0,Yes,Petrol,I am not considering to buy a new car in the next 2 -3 years,Not applicable,Not applicable,Not sure,Likely,Bicycle (including electric bicycle or electric scooter),Not applicable,Between 1 km and 5 km,Twice per week,Yes,Average,No difference,16.7,2.1,701,2590,41340516,1592098,14.7,1789.28,6199893248,No/Non-religious,No,No,2020+,48.0,45-59,3_High,3,Couple with children,4,1
Italy,Umbria,20,3,16,15,12,9,12.5,3,Man,"University degree or higher (e.g. Bachelor's, Master's, PhD)","Attending school, university, or other educational/training programmes",4,Urban,No,No,No,No,Well,Very confident — I can do these tasks easily on my own,EU citizen from another country,0,0,0,0,0,0,1,0,Yes,Diesel,I cannot afford a new car in the next 2-3 years,Not applicable,Not applicable,No,Unlikely,"Collective public transport (bus, tram, train, metro, ferry etc.)",Not applicable,Between 1 km and 5 km,Three or more days per week,Yes,Average,"Yes, definitely",16.7,2.1,701,2590,41340516,1592098,14.7,1789.28,6199893248,No/Non-religious,No,No,2020+,24.0,18-29,1_Low,3,Multi-generational / extended,3,1
Italy,Lombardy,12,8,4,10,3,16,8.833333333333334,2,Man,"University degree or higher (e.g. Bachelor's, Master's, PhD)","In paid employment or self-employment (including part-time work, temporary absence from work, or helping in a family business)",2,Urban,Yes,No,No,No,Well,Very confident — I can do these tasks easily on my own,Citizen of this country,0,1,0,0,0,0,0,0,Yes,Petrol,I am not considering to buy a new car in the next 2 -3 years,Not applicable,Not applicable,Yes,Very unlikely,"Car (private, company, leased car or taxi, car share)",Sometimes,Between 1 km and 5 km,Three or more days per week,Yes,Average,"Yes, definitely",16.7,2.1,701,2590,41340516,1592098,14.7,1789.28,6199893248,No/Non-religious,Yes,No,2010-2019,38.0,30-44,2_Medium,4,"Couple, no children",4,1
Italy,Liguria,20,16,16,4,4,9,11.5,3,Woman,"University degree or higher (e.g. Bachelor's, Master's, PhD)","In paid employment or self-employment (including part-time work, temporary absence from work, or helping in a family business)",4,Suburban,No,No,No,No,Mother tongue / Very well,Very confident — I can do these tasks easily on my own,Citizen of this country,0,0,0,0,1,0,0,0,Yes,Diesel,I cannot afford a new car in the next 2-3 years,Not applicable,Not applicable,No,Likely,"Collective public transport (bus, tram, train, metro, ferry etc.)",Not applicable,Between 1 km and 5 km,Three or more days per week,Yes,Poor,"Yes, definitely",16.7,2.1,701,2590,41340516,1592098,14.7,1789.28,6199893248,No/Non-religious,Yes,Yes,2020+,24.0,18-29,1_Low,2,Multi-generational / extended,4,2
Spain,Valencian Community,25,25,25,20,25,9,21.5,5,Woman,Primary or Secondary education,"In paid employment or self-employment (including part-time work, temporary absence from work, or helping in a family business)",3,Rural,No,Yes,Yes,No,Well,Very confident — I can do these tasks easily on my own,Citizen of this country,0,1,0,0,0,0,0,0,Yes,Petrol,I am considering to buy a new car in the next 2 -3 years,Electric,Not applicable,Yes,Likely,"Car (private, company, leased car or taxi, car share)",Always,Between 1 km and 5 km,Three or more days per week,Yes,Average,No difference,16.1,2.9,544,5,26700972,1067172,13.0,1528.212325,14672504154,No/Non-religious,Yes,No,2010-2019,35.0,30-44,2_Medium,1,"Couple, no children",5,3
Italy,Sardinia,25,25,20,25,25,25,24.166666666666668,5,Woman,Further education or training after school (not university),"In paid employment or self-employment (including part-time work, temporary absence from work, or helping in a family business)",2,Suburban,No,No,No,No,Well,Very confident — I can do these tasks easily on my own,Citizen of this country,0,1,0,0,0,0,0,0,Yes,Petrol,I am considering to buy a new car in the next 2 -3 years,Hybrid (fuel and electric),"Yes, definitely",Not sure,Likely,"Car (private, company, leased car or taxi, car share)",Always,More than 15 km,Three or more days per week,No,Poor,"Yes, definitely",16.7,2.1,701,2590,41340516,1592098,14.7,1789.28,6199893248,No/Non-religious,Yes,No,2010-2019,34.0,30-44,3_High,4,"Couple, no children",5,2
Spain,Basque Country,12,2,20,25,25,2,14.333333333333334,4,Man,Primary or Secondary education,"Attending school, university, or other educational/training programmes",2,Urban,No,No,No,No,Well,Very confident — I can do these tasks easily on my own,Citizen of this country,0,0,0,0,1,0,0,0,Yes,Petrol,I am not considering to buy a new car in the next 2 -3 years,Not applicable,Not applicable,Yes,Very unlikely,Walking,Not applicable,Between 1 km and 5 km,Three or more days per week,Yes,Good,No difference,16.1,2.9,544,5,26700972,1067172,13.0,1528.212325,14672504154,No/Non-religious,Yes,Yes,2020+,23.0,18-29,1_Low,7,Multi-generational / extended,4,2
Italy,Lazio,20,20,16,5,4,20,14.166666666666666,3,Man,"University degree or higher (e.g. Bachelor's, Master's, PhD)","In paid employment or self-employment (including part-time work, temporary absence from work, or helping in a family business)",1,Urban,No,No,Yes,No,Mother tongue / Very well,Very confident — I can do these tasks easily on my own,Citizen of this country,1,1,0,0,0,0,0,0,Yes,Petrol,I am not considering to buy a new car in the next 2 -3 years,Not applicable,Not applicable,Yes,Very likely,"Car (private, company, leased car or taxi, car share)",Sometimes,Less than 1 km,Never I mostly work from home,"No, I am working/studying full-time from home and do not commute",Average,"Yes, definitely",16.7,2.1,701,2590,41340516,1592098,14.7,1789.28,6199893248,No/Non-religious,Yes,Yes,2010-2019,27.0,18-29,1_Low,5,Lives alone,5,1
Italy,Liguria,16,4,25,25,9,9,14.666666666666666,4,Man,Primary or Secondary education,"Attending school, university, or other educational/training programmes",3,Urban,Yes,No,No,No,Well,Very confident — I can do these tasks easily on my own,Non-EU citizen,0,0,0,0,1,0,0,0,Yes,Hybrid (fuel and electric),I am considering to buy a new car in the next 2 -3 years,Hybrid (fuel and electric),"Yes, definitely",Not sure,Very likely,Walking,Not applicable,Between 1 km and 5 km,Three or more days per week,Yes,Poor,"Yes, definitely",16.7,2.1,701,2590,41340516,1592098,14.7,1789.28,6199893248,No/Non-religious,No,Yes,2020+,32.0,30-44,1_Low,3,Multi-generational / extended,4,1
Italy,Campania,16,8,16,8,4,8,10.0,2,Man,Primary or Secondary education,Unemployed (actively seeking work or available to start work),3,Urban,No,No,No,No,Not very well,Very confident — I can do these tasks easily on my own,Citizen of this country,0,0,0,0,1,0,0,0,Yes,Petrol,I cannot afford a new car in the next 2-3 years,Not applicable,Not applicable,Yes,Somewhat likely,"Car (private, company, leased car or taxi, car share)",Sometimes,Between 5km and 15 km,Never I mostly work from home,Yes,Very poor,Possibly,16.7,2.1,701,2590,41340516,1592098,14.7,1789.28,6199893248,No/Non-religious,Yes,Yes,2010-2019,49.0,45-59,1_Low,4,Multi-generational / extended,5,2
Italy,Veneto,20,15,25,10,9,2,13.5,3,Woman,"University degree or higher (e.g. Bachelor's, Master's, PhD)","In paid employment or self-employment (including part-time work, temporary absence from work, or helping in a family business)",2,Urban,Yes,No,No,No,Well,Very confident — I can do these tasks easily on my own,Non-EU citizen,0,1,0,0,0,0,0,0,Yes,Petrol,I cannot afford a new car in the next 2-3 years,Not applicable,Not applicable,Yes,Very unlikely,"Car (private, company, leased car or taxi, car share)",Always,Between 5km and 15 km,Three or more days per week,Yes,Average,No difference,16.7,2.1,701,2590,41340516,1592098,14.7,1789.28,6199893248,No/Non-religious,No,No,2010-2019,39.0,30-44,2_Medium,3,"Couple, no children",5,1
Italy,Veneto,12,25,16,15,6,20,15.666666666666666,4,Man,"University degree or higher (e.g. Bachelor's, Master's, PhD)",Unemployed (actively seeking work or available to start work),5,Urban,No,No,No,No,Mother tongue / Very well,Very confident — I can do these tasks easily on my own,Non-EU citizen,1,0,0,0,0,0,0,0,No,Not applicable,I am considering to buy a new car in the next 2 -3 years,Hybrid (fuel and electric),"Yes, definitely",Yes,Somewhat likely,Bicycle (including electric bicycle or electric scooter),Not applicable,More than 15 km,Three or more days per week,Yes,Average,Possibly,16.7,2.1,701,2590,41340516,1592098,14.7,1789.28,6199893248,No/Non-religious,No,No,Not applicable,24.0,18-29,3_High,1,Lives alone,3,0
Italy,Piedmont,12,9,16,9,9,25,13.333333333333334,3,Woman,"University degree or higher (e.g. Bachelor's, Master's, PhD)","In paid employment or self-employment (including part-time work, temporary absence from work, or helping in a family business)",2,Urban,No,No,No,No,Well,Very confident — I can do these tasks easily on my own,Citizen of this country,0,1,0,0,0,0,0,0,Yes,Petrol,I am considering to buy a new car in the next 2 -3 years,Hybrid (fuel and electric),Maybe,Not sure,Somewhat likely,"Car (private, company, leased car or taxi, car share)",Never,Between 1 km and 5 km,Three or more days per week,Yes,Average,Possibly,16.7,2.1,701,2590,41340516,1592098,14.7,1789.28,6199893248,No/Non-religious,Yes,Yes,2010-2019,52.0,45-59,2_Medium,8,"Couple, no children",3,1
Spain,Andalusia,12,15,9,20,16,4,12.666666666666666,3,Woman,"University degree or higher (e.g. Bachelor's, Master's, PhD)","In paid employment or self-employment (including part-time work, temporary absence from work, or helping in a family business)",1,Suburban,No,No,No,No,Mother tongue / Very well,Very confident — I can do these tasks easily on my own,Non-EU citizen,1,0,0,0,0,0,0,0,Yes,Diesel,I cannot afford a new car in the next 2-3 years,Not applicable,Not applicable,Yes,Not sure,"Car (private, company, leased car or taxi, car share)",Sometimes,Between 1 km and 5 km,Never I mostly work from home,Yes,Poor,Possibly,16.1,2.9,544,5,26700972,1067172,13.0,1528.212325,14672504154,No/Non-religious,No,No,2010-2019,65.0,60+,3_High,3,Lives alone,3,1
Italy,Campania,15,2,9,6,6,9,7.833333333333333,1,Man,Primary or Secondary education,"Attending school, university, or other educational/training programmes",4,Suburban,No,No,No,No,Well,Confident — I can do most tasks but sometimes need help,Citizen of this country,0,0,0,0,1,0,1,0,Yes,Diesel,I am considering to buy a new car in the next 2 -3 years,I don't know,Maybe,Not sure,Somewhat likely,"Car (private, company, leased car or taxi, car share)",Sometimes,Between 5km and 15 km,Once per week,No,Average,No difference,16.7,2.1,701,2590,41340516,1592098,14.7,1789.28,6199893248,No/Non-religious,Yes,Yes,2010-2019,25.0,18-29,1_Low,2,Multi-generational / extended,2,2
Spain,Community of Madrid,12,12,12,15,12,9,12.0,3,Woman,Further education or training after school (not university),"In paid employment or self-employment (including part-time work, temporary absence from work, or helping in a family business)",3,Urban,No,No,Prefer not to say,No,Mother tongue / Very well,Very confident — I can do these tasks easily on my own,Citizen of this country,0,0,0,0,1,0,0,0,Yes,Diesel,I am considering to buy a new car in the next 2 -3 years,Petrol,Maybe,No,Likely,"Collective public transport (bus, tram, train, metro, ferry etc.)",Not applicable,Between 5km and 15 km,Three or more days per week,Yes,Very good,No difference,16.1,2.9,544,5,26700972,1067172,13.0,1528.212325,14672504154,Prefer not to say,No,Yes,2020+,29.0,18-29,2_Medium,2,Multi-generational / extended,4,1
Spain,Valencian Community,9,8,9,12,12,4,9.0,2,Woman,"University degree or higher (e.g. Bachelor's, Master's, PhD)","In paid employment or self-employment (including part-time work, temporary absence from work, or helping in a family business)",2,Urban,No,No,No,Prefer not to say,Well,Confident — I can do most tasks but sometimes need help,Citizen of this country,0,1,0,0,0,0,0,0,Yes,Diesel,I am considering to buy a new car in the next 2 -3 years,Hybrid (fuel and electric),Maybe,Not sure,Somewhat likely,"Collective public transport (bus, tram, train, metro, ferry etc.)",Not applicable,Between 1 km and 5 km,Twice per week,Yes,Poor,No difference,16.1,2.9,544,5,26700972,1067172,13.0,1528.212325,14672504154,No/Non-religious,Yes,Yes,2010-2019,35.0,30-44,3_High,7,"Couple, no children",3,1
Italy,Lombardy,9,2,4,10,4,25,9.0,2,Woman,Primary or Secondary education,"In paid employment or self-employment (including part-time work, temporary absence from work, or helping in a family business)",2,Suburban,No,No,No,Yes,Mother tongue / Very well,Very confident — I can do these tasks easily on my own,Citizen of this country,0,1,0,0,0,0,0,0,Yes,Other or unknown,I am not considering to buy a new car in the next 2 -3 years,Not applicable,Not applicable,Not sure,Likely,Bicycle (including electric bicycle or electric scooter),Not applicable,Between 1 km and 5 km,Never I mostly work from home,"No, I am working/studying full-time from home and do not commute",Good,"Yes, definitely",16.7,2.1,701,2590,41340516,1592098,14.7,1789.28,6199893248,No/Non-religious,Yes,Yes,2010-2019,34.0,30-44,2_Medium,3,"Couple, no children",5,1
Italy,Piedmont,20,12,16,15,12,15,15.0,4,Woman,"University degree or higher (e.g. Bachelor's, Master's, PhD)","In paid employment or self-employment (including part-time work, temporary absence from work, or helping in a family business)",3,Suburban,Prefer not to say,Prefer not to say,Yes,No,Mother tongue / Very well,Very confident — I can do these tasks easily on my own,Citizen of this country,0,0,0,0,1,0,0,0,Yes,Hybrid (fuel and electric),I am not considering to buy a new car in the next 2 -3 years,Not applicable,Not applicable,Not sure,Very likely,Moped or motorbike (including electric),Not applicable,Between 5km and 15 km,Three or more days per week,Yes,Poor,Possibly,16.7,2.1,701,2590,41340516,1592098,14.7,1789.28,6199893248,No/Non-religious,Yes,Yes,2020+,31.0,30-44,2_Medium,6,Multi-generational / extended,4,1
Italy,Piedmont,4,10,12,6,4,9,7.5,1,Man,Primary or Secondary education,Unemployed (actively seeking work or available to start work),2,Urban,No,No,No,No,Not very well,Confident — I can do most tasks but sometimes need help,Citizen of this country,0,0,0,0,1,0,0,0,Yes,Petrol,I cannot afford a new car in the next 2-3 years,Not applicable,Not applicable,Yes,Very unlikely,"Car (private, company, leased car or taxi, car share)",Sometimes,Between 1 km and 5 km,Never I mostly work from home,Yes,Average,No difference,16.7,2.1,701,2590,41340516,1592098,14.7,1789.28,6199893248,No/Non-religious,Yes,Yes,2010-2019,45.0,45-59,1_Low,3,Multi-generational / extended,1,1
Italy,Piedmont,8,16,6,15,12,20,12.833333333333334,3,Man,Primary or Secondary education,"In paid employment or self-employment (including part-time work, temporary absence from work, or helping in a family business)",4,Rural,No,No,No,No,Not very well,Very confident — I can do these tasks easily on my own,Citizen of this country,0,0,0,0,1,0,0,0,Yes,Other or unknown,I am considering to buy a new car in the next 2 -3 years,Diesel,"Yes, definitely",No,Somewhat likely,Bicycle (including electric bicycle or electric scooter),Not applicable,Between 1 km and 5 km,Three or more days per week,Yes,Average,"Yes, definitely",16.7,2.1,701,2590,41340516,1592098,14.7,1789.28,6199893248,No/Non-religious,No,No,2010-2019,41.0,30-44,2_Medium,4,Multi-generational / extended,3,1
Spain,Basque Country,5,12,4,15,8,3,7.833333333333333,1,Man,"University degree or higher (e.g. Bachelor's, Master's, PhD)","In paid employment or self-employment (including part-time work, temporary absence from work, or helping in a family business)",4,Urban,No,No,No,No,Well,Very confident — I can do these tasks easily on my own,Citizen of this country,0,1,1,0,0,0,0,0,Yes,Petrol,I am considering to buy a new car in the next 2 -3 years,Petrol,No difference,Yes,Somewhat unlikely,"Car (private, company, leased car or taxi, car share)",Always,Between 5km and 15 km,Three or more days per week,Yes,Average,No difference,16.1,2.9,544,5,26700972,1067172,13.0,1528.212325,14672504154,No/Non-religious,Yes,Yes,2020+,49.0,45-59,2_Medium,8,Couple with children,2,2
Spain,Canary Islands,20,20,25,20,20,20,20.833333333333332,5,Woman,Primary or Secondary education,"In paid employment or self-employment (including part-time work, temporary absence from work, or helping in a family business)",1,Suburban,No,No,No,No,Mother tongue / Very well,Very confident — I can do these tasks easily on my own,EU citizen from another country,1,0,0,0,0,0,0,0,Yes,Petrol,I am considering to buy a new car in the next 2 -3 years,I don't know,Maybe,Yes,Somewhat likely,"Car (private, company, leased car or taxi, car share)",Always,Between 1 km and 5 km,Once per week,No,Very poor,No difference,16.1,2.9,544,5,26700972,1067172,13.0,1528.212325,14672504154,No/Non-religious,No,No,2010-2019,50.0,45-59,3_High,3,Lives alone,4,1
Spain,Andalusia,6,8,6,12,12,16,10.0,2,Man,"University degree or higher (e.g. Bachelor's, Master's, PhD)","In paid employment or self-employment (including part-time work, temporary absence from work, or helping in a family business)",4,Urban,No,No,No,No,Well,Very confident — I can do these tasks easily on my own,Citizen of this country,0,1,0,0,0,0,0,0,Yes,Petrol,I am not considering to buy a new car in the next 2 -3 years,Not applicable,Not applicable,Yes,Somewhat likely,"Car (private, company, leased car or taxi, car share)",Sometimes,Between 5km and 15 km,Never I mostly work from home,"No, I am working/studying full-time from home and do not commute",Poor,"Yes, definitely",16.1,2.9,544,5,26700972,1067172,13.0,1528.212325,14672504154,No/Non-religious,Yes,Yes,2020+,28.0,18-29,2_Medium,6,"Couple, no children",4,3
Italy,Lazio,16,8,6,25,25,9,14.833333333333334,4,Woman,"University degree or higher (e.g. Bachelor's, Master's, PhD)","Attending school, university, or other educational/training programmes",4,Suburban,No,No,No,No,Well,Very confident — I can do these tasks easily on my own,Citizen of this country,0,0,0,0,1,0,1,0,Yes,Diesel,I am considering to buy a new car in the next 2 -3 years,I don't know,No difference,Yes,Somewhat unlikely,"Car (private, company, leased car or taxi, car share)",Sometimes,More than 15 km,Three or more days per week,No,Average,No difference,16.7,2.1,701,2590,41340516,1592098,14.7,1789.28,6199893248,No/Non-religious,Yes,Yes,pre-2010,23.0,18-29,3_High,4,Multi-generational / extended,2,2
Spain,Andalusia,15,8,20,20,16,15,15.666666666666666,4,Woman,Further education or training after school (not university),"Attending school, university, or other educational/training programmes",2,Suburban,No,No,No,No,Well,Very confident — I can do these tasks easily on my own,Citizen of this country,0,0,0,0,1,0,0,0,No,Not applicable,I cannot afford a new car in the next 2-3 years,Not applicable,Not applicable,Yes,Likely,"Collective public transport (bus, tram, train, metro, ferry etc.)",Not applicable,Between 1 km and 5 km,Three or more days per week,Yes,Average,Possibly,16.1,2.9,544,5,26700972,1067172,13.0,1528.212325,14672504154,No/Non-religious,Yes,Yes,Not applicable,27.0,18-29,1_Low,1,Multi-generational / extended,4,0
Italy,Tuscany,9,9,9,9,9,9,9.0,2,Man,"University degree or higher (e.g. Bachelor's, Master's, PhD)","Attending school, university, or other educational/training programmes",3,Urban,Yes,No,No,No,Mother tongue / Very well,Very confident — I can do these tasks easily on my own,Citizen of this country,0,0,0,0,1,0,0,0,Yes,Petrol,I am not considering to buy a new car in the next 2 -3 years,Not applicable,Not applicable,Not sure,Somewhat likely,Walking,Not applicable,Less than 1 km,Three or more days per week,Yes,Good,No difference,16.7,2.1,701,2590,41340516,1592098,14.7,1789.28,6199893248,No/Non-religious,Yes,Yes,2010-2019,27.0,18-29,1_Low,5,Multi-generational / extended,4,1
Italy,Tuscany,20,12,20,20,12,20,17.333333333333332,5,Man,"University degree or higher (e.g. Bachelor's, Master's, PhD)","In paid employment or self-employment (including part-time work, temporary absence from work, or helping in a family business)",4,Suburban,No,No,No,No,Well,Very confident — I can do these tasks easily on my own,Citizen of this country,0,1,1,0,0,0,0,0,Yes,Diesel,I am considering to buy a new car in the next 2 -3 years,Diesel,"Yes, definitely",Yes,Somewhat unlikely,"Car (private, company, leased car or taxi, car share)",Sometimes,More than 15 km,Three or more days per week,No,Average,"Yes, definitely",16.7,2.1,701,2590,41340516,1592098,14.7,1789.28,6199893248,No/Non-religious,Yes,Yes,2020+,53.0,45-59,3_High,7,Couple with children,1,2
Italy,Friuli-Venezia Giulia,15,4,4,1,2,12,6.333333333333333,1,Man,"University degree or higher (e.g. Bachelor's, Master's, PhD)","Attending school, university, or other educational/training programmes",3,Suburban,No,No,No,No,Well,Very confident — I can do these tasks easily on my own,Citizen of this country,0,0,0,0,1,0,0,0,Yes,Hybrid (fuel and electric),I am not considering to buy a new car in the next 2 -3 years,Not applicable,Not applicable,Not sure,Likely,"Collective public transport (bus, tram, train, metro, ferry etc.)",Not applicable,More than 15 km,Three or more days per week,No,Good,No difference,16.7,2.1,701,2590,41340516,1592098,14.7,1789.28,6199893248,No/Non-religious,Yes,Yes,2020+,23.0,18-29,2_Medium,6,Multi-generational / extended,3,2
Spain,Aragon,12,12,20,20,25,6,15.833333333333334,4,Woman,"University degree or higher (e.g. Bachelor's, Master's, PhD)","In paid employment or self-employment (including part-time work, temporary absence from work, or helping in a family business)",2,Urban,No,No,No,No,Mother tongue / Very well,Very confident — I can do these tasks easily on my own,EU citizen from another country,0,1,0,0,0,0,0,0,Yes,Diesel,I cannot afford a new car in the next 2-3 years,Not applicable,Not applicable,No,Somewhat likely,"Car (private, company, leased car or taxi, car share)",Sometimes,Between 5km and 15 km,Never I mostly work from home,Yes,Good,No difference,16.1,2.9,544,5,26700972,1067172,13.0,1528.212325,14672504154,No/Non-religious,No,No,2020+,28.0,18-29,1_Low,4,"Couple, no children",2,1
Spain,Andalusia,25,16,16,15,9,16,16.166666666666668,4,Woman,"University degree or higher (e.g. Bachelor's, Master's, PhD)","In paid employment or self-employment (including part-time work, temporary absence from work, or helping in a family business)",4,Urban,No,No,No,No,Well,Very confident — I can do these tasks easily on my own,Citizen of this country,0,1,0,0,0,0,1,0,Yes,Hybrid (fuel and electric),I am considering to buy a new car in the next 2 -3 years,Hybrid (fuel and electric),"Yes, definitely",Yes,Likely,"Car (private, company, leased car or taxi, car share)",Sometimes,Between 5km and 15 km,Three or more days per week,No,Poor,Possibly,16.1,2.9,544,5,26700972,1067172,13.0,1528.212325,14672504154,No/Non-religious,Yes,Yes,2020+,24.0,18-29,3_High,6,"Couple, no children",4,2
Spain,Community of Madrid,3,6,16,15,12,1,8.833333333333334,2,Man,Further education or training after school (not university),"In paid employment or self-employment (including part-time work, temporary absence from work, or helping in a family business)",3,Urban,No,No,No,Prefer not to say,Well,Very confident — I can do these tasks easily on my own,Citizen of this country,0,1,1,0,0,0,0,0,Yes,Hybrid (fuel and electric),I am not considering to buy a new car in the next 2 -3 years,Not applicable,Not applicable,Yes,Very unlikely,"Collective public transport (bus, tram, train, metro, ferry etc.)",Not applicable,More than 15 km,Three or more days per week,Yes,Very poor,No difference,16.1,2.9,544,5,26700972,1067172,13.0,1528.212325,14672504154,No/Non-religious,Yes,No,2010-2019,35.0,30-44,1_Low,7,Couple with children,1,2
Spain,Catalonia,3,3,4,4,3,12,4.833333333333333,1,Man,"University degree or higher (e.g. Bachelor's, Master's, PhD)","In paid employment or self-employment (including part-time work, temporary absence from work, or helping in a family business)",2,Urban,No,No,No,No,Well,Very confident — I can do these tasks easily on my own,EU citizen from another country,0,1,0,0,0,0,0,0,No,Not applicable,I am considering to buy a new car in the next 2 -3 years,Hybrid (fuel and electric),Maybe,Yes,Unlikely,"Collective public transport (bus, tram, train, metro, ferry etc.)",Not applicable,More than 15 km,Once per week,Yes,Average,No difference,16.1,2.9,544,5,26700972,1067172,13.0,1528.212325,14672504154,No/Non-religious,No,No,Not applicable,34.0,30-44,1_Low,9,"Couple, no children",3,0
Spain,Catalonia,25,25,10,10,10,10,15.0,4,Woman,"University degree or higher (e.g. Bachelor's, Master's, PhD)","In paid employment or self-employment (including part-time work, temporary absence from work, or helping in a family business)",3,Urban,No,No,Prefer not to say,No,Mother tongue / Very well,Very confident — I can do these tasks easily on my own,Citizen of this country,0,1,1,0,0,0,0,0,Yes,Hybrid (fuel and electric),I cannot afford a new car in the next 2-3 years,Not applicable,Not applicable,Yes,Somewhat unlikely,"Car (private, company, leased car or taxi, car share)",Always,Between 5km and 15 km,Three or more days per week,No,Average,No difference,16.1,2.9,544,5,26700972,1067172,13.0,1528.212325,14672504154,No/Non-religious,Yes,Yes,2020+,29.0,18-29,2_Medium,9,Couple with children,3,2
Italy,Sicily,20,4,9,4,12,25,12.333333333333334,3,Woman,"University degree or higher (e.g. Bachelor's, Master's, PhD)","In paid employment or self-employment (including part-time work, temporary absence from work, or helping in a family business)",2,Rural,No,No,No,No,Well,Very confident — I can do these tasks easily on my own,Citizen of this country,0,0,0,0,1,0,0,0,Yes,Diesel,I cannot afford a new car in the next 2-3 years,Not applicable,Not applicable,Yes,Somewhat unlikely,"Collective public transport (bus, tram, train, metro, ferry etc.)",Not applicable,Between 5km and 15 km,Three or more days per week,Yes,Average,"Yes, definitely",16.7,2.1,701,2590,41340516,1592098,14.7,1789.28,6199893248,No/Non-religious,Yes,Yes,2020+,25.0,18-29,2_Medium,1,Multi-generational / extended,3,1
Spain,Catalonia,12,4,12,15,12,6,10.166666666666666,2,Man,"University degree or higher (e.g. Bachelor's, Master's, PhD)","In paid employment or self-employment (including part-time work, temporary absence from work, or helping in a family business)",3,Urban,No,No,No,No,Mother tongue / Very well,Very confident — I can do these tasks easily on my own,EU citizen from another country,0,0,0,0,0,0,0,0,Yes,Petrol,I cannot afford a new car in the next 2-3 years,Not applicable,Not applicable,Yes,Very unlikely,Walking,Not applicable,Between 1 km and 5 km,Three or more days per week,Yes,Average,No difference,16.1,2.9,544,5,26700972,1067172,13.0,1528.212325,14672504154,No/Non-religious,No,No,2010-2019,31.0,30-44,1_Low,6,Other shared,5,2
Italy,Lombardy,15,3,5,25,9,25,13.666666666666666,3,Man,Primary or Secondary education,"In paid employment or self-employment (including part-time work, temporary absence from work, or helping in a family business)",4,Suburban,No,No,No,No,Well,Very confident — I can do these tasks easily on my own,Citizen of this country,0,1,1,0,0,0,0,0,Yes,Other or unknown,I am considering to buy a new car in the next 2 -3 years,Hybrid (fuel and electric),Maybe,Not sure,Very likely,"Car (private, company, leased car or taxi, car share)",Always,More than 15 km,Three or more days per week,Yes,Poor,No difference,16.7,2.1,701,2590,41340516,1592098,14.7,1789.28,6199893248,No/Non-religious,Yes,Yes,2020+,43.0,30-44,2_Medium,9,Couple with children,5,2
Spain,Region of Murcia,16,8,20,25,12,15,16.0,4,Woman,"University degree or higher (e.g. Bachelor's, Master's, PhD)","In paid employment or self-employment (including part-time work, temporary absence from work, or helping in a family business)",3,Urban,No,No,Yes,No,Mother tongue / Very well,Confident — I can do most tasks but sometimes need help,Citizen of this country,0,0,0,0,1,0,0,0,Yes,Petrol,I cannot afford a new car in the next 2-3 years,Not applicable,Not applicable,Not sure,Somewhat likely,"Car (private, company, leased car or taxi, car share)",Always,More than 15 km,Three or more days per week,No,Average,Possibly,16.1,2.9,544,5,26700972,1067172,13.0,1528.212325,14672504154,No/Non-religious,Yes,Yes,2020+,24.0,18-29,1_Low,5,Multi-generational / extended,3,2
Italy,Lombardy,16,12,16,15,4,9,12.0,3,Woman,Further education or training after school (not university),"Attending school, university, or other educational/training programmes",4,Rural,No,No,No,Prefer not to say,Well,Very confident — I can do these tasks easily on my own,Citizen of this country,0,0,0,0,1,0,1,0,Yes,Diesel,I am not considering to buy a new car in the next 2 -3 years,Not applicable,Not applicable,Yes,Somewhat unlikely,"Car (private, company, leased car or taxi, car share)",Sometimes,Between 1 km and 5 km,Three or more days per week,No,Average,Possibly,16.7,2.1,701,2590,41340516,1592098,14.7,1789.28,6199893248,No/Non-religious,Yes,Yes,2020+,22.0,18-29,2_Medium,5,Multi-generational / extended,3,2
Italy,Lombardy,20,6,12,25,9,20,15.333333333333334,4,Man,"University degree or higher (e.g. Bachelor's, Master's, PhD)","In paid employment or self-employment (including part-time work, temporary absence from work, or helping in a family business)",5,Urban,No,No,No,No,Well,Very confident — I can do these tasks easily on my own,Citizen of this country,0,0,0,0,0,0,1,0,Yes,Hybrid (fuel and electric),I am considering to buy a new car in the next 2 -3 years,Electric,Not applicable,Yes,Very likely,"Car (private, company, leased car or taxi, car share)",Always,More than 15 km,Three or more days per week,No,Average,Possibly,16.7,2.1,701,2590,41340516,1592098,14.7,1789.28,6199893248,No/Non-religious,Yes,Yes,2020+,31.0,30-44,3_High,8,Multi-generational / extended,5,4
Italy,Sicily,16,16,16,16,16,16,16.0,4,Woman,Primary or Secondary education,Unemployed (actively seeking work or available to start work),4,Suburban,No,No,No,No,Mother tongue / Very well,Very confident — I can do these tasks easily on my own,Citizen of this country,0,0,0,0,1,0,0,0,Yes,Diesel,I am not considering to buy a new car in the next 2 -3 years,Not applicable,Not applicable,No,Likely,"Car (private, company, leased car or taxi, car share)",Always,Between 1 km and 5 km,Three or more days per week,No,Poor,Possibly,16.7,2.1,701,2590,41340516,1592098,14.7,1789.28,6199893248,No/Non-religious,Yes,Yes,2010-2019,33.0,30-44,2_Medium,2,Multi-generational / extended,4,3
Italy,Abruzzo,6,4,8,4,6,2,5.0,1,Woman,"University degree or higher (e.g. Bachelor's, Master's, PhD)","Attending school, university, or other educational/training programmes",3,Urban,No,No,No,No,Well,Very confident — I can do these tasks easily on my own,Citizen of this country,0,0,0,0,1,0,1,0,Yes,Petrol,I cannot afford a new car in the next 2-3 years,Not applicable,Not applicable,Yes,Very unlikely,Walking,Not applicable,Between 1 km and 5 km,Three or more days per week,Yes,Average,No difference,16.7,2.1,701,2590,41340516,1592098,14.7,1789.28,6199893248,No/Non-religious,Yes,Yes,2010-2019,29.0,18-29,1_Low,2,Multi-generational / extended,2,1
Italy,Piedmont,12,16,10,12,16,20,14.333333333333334,4,Man,"University degree or higher (e.g. Bachelor's, Master's, PhD)","Attending school, university, or other educational/training programmes",4,Urban,No,No,No,No,Well,Very confident — I can do these tasks easily on my own,Non-EU citizen,0,0,0,0,0,0,0,1,No,Not applicable,I am considering to buy a new car in the next 2 -3 years,Diesel,No difference,Not sure,Likely,"Collective public transport (bus, tram, train, metro, ferry etc.)",Not applicable,Between 1 km and 5 km,Three or more days per week,Yes,Very good,"Yes, definitely",16.7,2.1,701,2590,41340516,1592098,14.7,1789.28,6199893248,Yes,No,No,Not applicable,27.0,18-29,1_Low,1,Other shared,3,0
Italy,Lombardy,16,16,16,9,4,12,12.166666666666666,3,Man,"University degree or higher (e.g. Bachelor's, Master's, PhD)","In paid employment or self-employment (including part-time work, temporary absence from work, or helping in a family business)",3,Suburban,No,No,Yes,No,Well,Very confident — I can do these tasks easily on my own,Citizen of this country,0,1,1,0,0,0,0,0,Yes,Hybrid (fuel and electric),I am considering to buy a new car in the next 2 -3 years,Electric,Not applicable,Yes,Likely,"Car (private, company, leased car or taxi, car share)",Never,More than 15 km,Three or more days per week,No,Poor,"Yes, definitely",16.7,2.1,701,2590,41340516,1592098,14.7,1789.28,6199893248,No/Non-religious,Yes,Yes,2020+,33.0,30-44,1_Low,7,Couple with children,4,3
Italy,Sicily,25,12,9,15,9,4,12.333333333333334,3,Woman,"University degree or higher (e.g. Bachelor's, Master's, PhD)","In paid employment or self-employment (including part-time work, temporary absence from work, or helping in a family business)",3,Urban,No,No,No,No,Mother tongue / Very well,Very confident — I can do these tasks easily on my own,Citizen of this country,0,0,0,0,1,0,0,0,Yes,Other or unknown,I am considering to buy a new car in the next 2 -3 years,I don't know,"Yes, definitely",No,Very likely,"Car (private, company, leased car or taxi, car share)",Always,Between 1 km and 5 km,Twice per week,Yes,Average,"Yes, definitely",16.7,2.1,701,2590,41340516,1592098,14.7,1789.28,6199893248,No/Non-religious,Yes,Yes,2010-2019,31.0,30-44,1_Low,2,Multi-generational / extended,3,1
Italy,Friuli-Venezia Giulia,9,9,12,9,16,4,9.833333333333334,2,Woman,"University degree or higher (e.g. Bachelor's, Master's, PhD)","In paid employment or self-employment (including part-time work, temporary absence from work, or helping in a family business)",1,Suburban,No,No,No,No,Well,Confident — I can do most tasks but sometimes need help,Citizen of this country,1,0,0,0,0,0,0,0,Yes,Petrol,I cannot afford a new car in the next 2-3 years,Not applicable,Not applicable,Not sure,Somewhat likely,Walking,Not applicable,Between 1 km and 5 km,Twice per week,Yes,Good,Possibly,16.7,2.1,701,2590,41340516,1592098,14.7,1789.28,6199893248,No/Non-religious,Yes,Yes,2010-2019,47.0,45-59,2_Medium,3,Lives alone,3,1
Spain,Balearic Islands,12,20,1,8,1,4,7.666666666666667,1,Man,Further education or training after school (not university),"In paid employment or self-employment (including part-time work, temporary absence from work, or helping in a family business)",4,Rural,No,No,No,No,Well,Very confident — I can do these tasks easily on my own,Citizen of this country,0,0,0,0,1,0,0,0,No,Not applicable,I am considering to buy a new car in the next 2 -3 years,Petrol,"Yes, definitely",Not sure,Very likely,"Car (private, company, leased car or taxi, car share)",Always,More than 15 km,Three or more days per week,No,Good,Possibly,16.1,2.9,544,5,26700972,1067172,13.0,1528.212325,14672504154,No/Non-religious,Yes,Yes,Not applicable,28.0,18-29,3_High,3,Multi-generational / extended,4,0
Spain,Community of Madrid,6,20,20,25,16,9,16.0,4,Man,"University degree or higher (e.g. Bachelor's, Master's, PhD)","In paid employment or self-employment (including part-time work, temporary absence from work, or helping in a family business)",3,Urban,No,No,No,No,Well,Very confident — I can do these tasks easily on my own,Citizen of this country,0,1,1,0,0,0,0,0,Yes,Diesel,I am considering to buy a new car in the next 2 -3 years,Hybrid (fuel and electric),"Yes, definitely",Yes,Likely,"Car (private, company, leased car or taxi, car share)",Sometimes,More than 15 km,Twice per week,No,Poor,Possibly,16.1,2.9,544,5,26700972,1067172,13.0,1528.212325,14672504154,No/Non-religious,Yes,Yes,2010-2019,36.0,30-44,2_Medium,5,Couple with children,3,1
Italy,Piedmont,20,8,9,12,6,6,10.166666666666666,2,Man,"University degree or higher (e.g. Bachelor's, Master's, PhD)","In paid employment or self-employment (including part-time work, temporary absence from work, or helping in a family business)",3,Suburban,No,No,Yes,Yes,Mother tongue / Very well,Very confident — I can do these tasks easily on my own,Citizen of this country,0,0,0,0,1,0,0,0,Yes,Hybrid (fuel and electric),I am not considering to buy a new car in the next 2 -3 years,Not applicable,Not applicable,Yes,Somewhat likely,"Car (private, company, leased car or taxi, car share)",Always,More than 15 km,Three or more days per week,No,Poor,No difference,16.7,2.1,701,2590,41340516,1592098,14.7,1789.28,6199893248,No/Non-religious,Yes,Yes,2020+,28.0,18-29,1_Low,4,Multi-generational / extended,4,3
Spain,Galicia,20,2,1,1,12,25,10.166666666666666,2,Woman,"University degree or higher (e.g. Bachelor's, Master's, PhD)","In paid employment or self-employment (including part-time work, temporary absence from work, or helping in a family business)",2,Urban,No,No,No,No,Well,Very confident — I can do these tasks easily on my own,Citizen of this country,0,1,0,0,0,0,0,0,Yes,Hybrid (fuel and electric),I am not considering to buy a new car in the next 2 -3 years,Not applicable,Not applicable,Yes,Somewhat unlikely,"Car (private, company, leased car or taxi, car share)",Always,Between 5km and 15 km,Three or more days per week,No,Very poor,No difference,16.1,2.9,544,5,26700972,1067172,13.0,1528.212325,14672504154,No/Non-religious,Yes,Yes,2020+,27.0,18-29,3_High,3,"Couple, no children",4,1
Italy,Tuscany,9,9,9,4,4,16,8.5,1,Man,"University degree or higher (e.g. Bachelor's, Master's, PhD)","In paid employment or self-employment (including part-time work, temporary absence from work, or helping in a family business)",2,Suburban,No,No,No,No,Well,Very confident — I can do these tasks easily on my own,Citizen of this country,0,1,0,0,0,0,0,0,Yes,Petrol,I am not considering to buy a new car in the next 2 -3 years,Not applicable,Not applicable,Yes,Very unlikely,Moped or motorbike (including electric),Not applicable,Between 5km and 15 km,Three or more days per week,Yes,Average,No difference,16.7,2.1,701,2590,41340516,1592098,14.7,1789.28,6199893248,No/Non-religious,Yes,Yes,2010-2019,27.0,18-29,2_Medium,2,"Couple, no children",1,2
Italy,Sicily,8,3,1,6,1,16,5.833333333333333,1,Man,Primary or Secondary education,"Attending school, university, or other educational/training programmes",5,Urban,No,No,No,No,Well,Very confident — I can do these tasks easily on my own,Citizen of this country,0,0,0,0,0,0,0,1,Yes,Diesel,I am considering to buy a new car in the next 2 -3 years,Hybrid (fuel and electric),"Yes, definitely",Not sure,Very likely,"Car (private, company, leased car or taxi, car share)",Sometimes,More than 15 km,Three or more days per week,Yes,Average,"Yes, definitely",16.7,2.1,701,2590,41340516,1592098,14.7,1789.28,6199893248,No/Non-religious,Yes,Yes,2020+,26.0,18-29,2_Medium,3,Other shared,5,4
Spain,Catalonia,16,6,25,15,12,20,15.666666666666666,4,Woman,Further education or training after school (not university),"Attending school, university, or other educational/training programmes",4,Rural,No,No,No,No,Well,Very confident — I can do these tasks easily on my own,Citizen of this country,0,0,0,0,1,0,1,0,Yes,Petrol,I am not considering to buy a new car in the next 2 -3 years,Not applicable,Not applicable,Yes,Likely,"Collective public transport (bus, tram, train, metro, ferry etc.)",Not applicable,More than 15 km,Three or more days per week,No,Poor,"Yes, definitely",16.1,2.9,544,5,26700972,1067172,13.0,1528.212325,14672504154,No/Non-religious,Yes,No,2020+,19.0,18-29,1_Low,6,Multi-generational / extended,5,3
Italy,Apulia,8,12,10,10,8,12,10.0,2,Woman,Further education or training after school (not university),"Attending school, university, or other educational/training programmes",4,Urban,No,No,Yes,No,Well,Confident — I can do most tasks but sometimes need help,Citizen of this country,0,0,0,0,1,0,0,0,Yes,Diesel,I am not considering to buy a new car in the next 2 -3 years,Not applicable,Not applicable,Not sure,Very unlikely,"Collective public transport (bus, tram, train, metro, ferry etc.)",Not applicable,More than 15 km,Three or more days per week,Yes,Good,"Yes, definitely",16.7,2.1,701,2590,41340516,1592098,14.7,1789.28,6199893248,No/Non-religious,Yes,Yes,2010-2019,23.0,18-29,2_Medium,3,Multi-generational / extended,5,2
Spain,Andalusia,12,4,15,25,16,2,12.333333333333334,3,Man,"University degree or higher (e.g. Bachelor's, Master's, PhD)","In paid employment or self-employment (including part-time work, temporary absence from work, or helping in a family business)",2,Urban,No,No,No,No,Well,Very confident — I can do these tasks easily on my own,Non-EU citizen,0,1,0,0,0,0,0,0,No,Not applicable,I am considering to buy a new car in the next 2 -3 years,Electric,Not applicable,Yes,Very likely,"Collective public transport (bus, tram, train, metro, ferry etc.)",Not applicable,Between 5km and 15 km,Three or more days per week,Yes,Good,"Yes, definitely",16.1,2.9,544,5,26700972,1067172,13.0,1528.212325,14672504154,No/Non-religious,No,Yes,Not applicable,30.0,30-44,2_Medium,6,"Couple, no children",5,0
Spain,Canary Islands,2,2,4,16,9,4,6.166666666666667,1,Man,Further education or training after school (not university),"In paid employment or self-employment (including part-time work, temporary absence from work, or helping in a family business)",2,Rural,No,No,No,No,Well,Very confident — I can do these tasks easily on my own,Citizen of this country,0,1,0,0,0,0,0,0,Yes,Diesel,I am not considering to buy a new car in the next 2 -3 years,Not applicable,Not applicable,Yes,Somewhat likely,"Car (private, company, leased car or taxi, car share)",Always,More than 15 km,Three or more days per week,Yes,Poor,No difference,16.1,2.9,544,5,26700972,1067172,13.0,1528.212325,14672504154,No/Non-religious,Yes,Yes,2010-2019,28.0,18-29,1_Low,4,"Couple, no children",3,2
Italy,Sicily,9,9,6,6,6,6,7.0,1,Man,"University degree or higher (e.g. Bachelor's, Master's, PhD)","In paid employment or self-employment (including part-time work, temporary absence from work, or helping in a family business)",1,Suburban,No,No,No,No,Mother tongue / Very well,Confident — I can do most tasks but sometimes need help,Citizen of this country,1,0,0,0,0,0,0,0,No,Not applicable,I am considering to buy a new car in the next 2 -3 years,I don't know,Maybe,Not sure,Likely,Moped or motorbike (including electric),Not applicable,Between 1 km and 5 km,Three or more days per week,Yes,Average,Possibly,16.7,2.1,701,2590,41340516,1592098,14.7,1789.28,6199893248,No/Non-religious,Yes,Yes,Not applicable,39.0,30-44,1_Low,2,Lives alone,4,0
Italy,Lombardy,6,12,2,16,1,8,7.5,1,Man,"University degree or higher (e.g. Bachelor's, Master's, PhD)","Attending school, university, or other educational/training programmes",4,Urban,No,Yes,No,No,Well,Very confident — I can do these tasks easily on my own,Citizen of this country,0,0,1,0,1,0,0,0,Yes,Other or unknown,I cannot afford a new car in the next 2-3 years,Not applicable,Not applicable,Yes,Somewhat unlikely,"Collective public transport (bus, tram, train, metro, ferry etc.)",Not applicable,Between 5km and 15 km,Three or more days per week,Yes,Very good,No difference,16.7,2.1,701,2590,41340516,1592098,14.7,1789.28,6199893248,No/Non-religious,Yes,Yes,2020+,24.0,18-29,2_Medium,4,Single parent,3,3
Italy,Campania,4,25,20,12,20,16,16.166666666666668,4,Woman,"University degree or higher (e.g. Bachelor's, Master's, PhD)","In paid employment or self-employment (including part-time work, temporary absence from work, or helping in a family business)",3,Suburban,No,No,No,No,Well,Confident — I can do most tasks but sometimes need help,Citizen of this country,0,0,1,0,0,0,0,0,Yes,Diesel,I am considering to buy a new car in the next 2 -3 years,Hybrid (fuel and electric),Maybe,No,Very likely,"Car (private, company, leased car or taxi, car share)",Always,Between 1 km and 5 km,Once per week,Yes,Average,Possibly,16.7,2.1,701,2590,41340516,1592098,14.7,1789.28,6199893248,No/Non-religious,Yes,Yes,2020+,42.0,30-44,3_High,2,Single parent,4,1
Italy,Basilicata,16,8,10,4,8,20,11.0,2,Man,"University degree or higher (e.g. Bachelor's, Master's, PhD)","In paid employment or self-employment (including part-time work, temporary absence from work, or helping in a family business)",3,Rural,No,No,No,No,Well,Confident — I can do most tasks but sometimes need help,Citizen of this country,0,0,0,0,1,0,0,0,Yes,Hybrid (fuel and electric),I am not considering to buy a new car in the next 2 -3 years,Not applicable,Not applicable,Not sure,Unlikely,"Collective public transport (bus, tram, train, metro, ferry etc.)",Not applicable,Between 1 km and 5 km,Never I mostly work from home,"No, I am working/studying full-time from home and do not commute",Very poor,"Yes, definitely",16.7,2.1,701,2590,41340516,1592098,14.7,1789.28,6199893248,No/Non-religious,Yes,Yes,2020+,37.0,30-44,1_Low,5,Multi-generational / extended,3,2
Spain,Basque Country,6,3,6,6,6,1,4.666666666666667,1,Man,Primary or Secondary education,"In paid employment or self-employment (including part-time work, temporary absence from work, or helping in a family business)",4,Rural,No,No,No,No,Not very well,Very confident — I can do these tasks easily on my own,Citizen of this country,0,0,0,0,1,0,1,1,Yes,Diesel,I am not considering to buy a new car in the next 2 -3 years,Not applicable,Not applicable,Not sure,Very unlikely,"Collective public transport (bus, tram, train, metro, ferry etc.)",Not applicable,Between 1 km and 5 km,Never I mostly work from home,Yes,Average,No difference,16.1,2.9,544,5,26700972,1067172,13.0,1528.212325,14672504154,No/Non-religious,Yes,Yes,2010-2019,49.0,45-59,1_Low,4,Multi-generational / extended,1,1
Italy,Friuli-Venezia Giulia,12,1,16,9,1,9,8.0,1,Woman,"University degree or higher (e.g. Bachelor's, Master's, PhD)","In paid employment or self-employment (including part-time work, temporary absence from work, or helping in a family business)",2,Rural,No,No,Yes,No,Well,Very confident — I can do these tasks easily on my own,Citizen of this country,0,1,0,0,0,0,0,0,Yes,Diesel,I cannot afford a new car in the next 2-3 years,Not applicable,Not applicable,Not sure,Somewhat likely,"Car (private, company, leased car or taxi, car share)",Always,Between 5km and 15 km,Three or more days per week,No,Poor,No difference,16.7,2.1,701,2590,41340516,1592098,14.7,1789.28,6199893248,No/Non-religious,Yes,Yes,2020+,25.0,18-29,3_High,4,"Couple, no children",3,2
Italy,Veneto,20,12,9,6,4,16,11.166666666666666,2,Woman,"University degree or higher (e.g. Bachelor's, Master's, PhD)","In paid employment or self-employment (including part-time work, temporary absence from work, or helping in a family business)",4,Urban,No,No,No,No,Well,Confident — I can do most tasks but sometimes need help,Citizen of this country,0,1,1,0,0,0,0,0,Yes,Other or unknown,I am considering to buy a new car in the next 2 -3 years,I don't know,"Yes, definitely",Yes,Somewhat likely,"Car (private, company, leased car or taxi, car share)",Sometimes,Between 5km and 15 km,Three or more days per week,Yes,Good,No difference,16.7,2.1,701,2590,41340516,1592098,14.7,1789.28,6199893248,No/Non-religious,Yes,Yes,2020+,50.0,45-59,2_Medium,6,Couple with children,3,2
Italy,Sicily,12,10,20,25,12,9,14.666666666666666,4,Woman,Primary or Secondary education,Other,4,Suburban,No,No,No,No,Well,Confident — I can do most tasks but sometimes need help,Citizen of this country,0,0,1,1,0,0,0,0,Yes,Petrol,I am not considering to buy a new car in the next 2 -3 years,Not applicable,Not applicable,Not sure,Somewhat unlikely,"Car (private, company, leased car or taxi, car share)",Always,Between 5km and 15 km,Three or more days per week,No,Poor,Possibly,16.7,2.1,701,2590,41340516,1592098,14.7,1789.28,6199893248,No/Non-religious,Yes,Yes,2020+,51.0,45-59,3_High,4,Single parent,2,3
Italy,Campania,12,16,9,6,6,6,9.166666666666666,2,Woman,Further education or training after school (not university),"In paid employment or self-employment (including part-time work, temporary absence from work, or helping in a family business)",4,Suburban,No,No,No,No,Well,Very confident — I can do these tasks easily on my own,Citizen of this country,0,0,0,0,0,0,1,0,Yes,Petrol,I cannot afford a new car in the next 2-3 years,Not applicable,Not applicable,Yes,Somewhat likely,Moped or motorbike (including electric),Not applicable,Between 5km and 15 km,Twice per week,Yes,Poor,No difference,16.7,2.1,701,2590,41340516,1592098,14.7,1789.28,6199893248,No/Non-religious,Yes,Yes,2010-2019,32.0,30-44,1_Low,3,Multi-generational / extended,3,2
Italy,Lombardy,9,4,6,15,9,25,11.333333333333334,2,Woman,Primary or Secondary education,"In paid employment or self-employment (including part-time work, temporary absence from work, or helping in a family business)",3,Urban,No,No,No,No,Well,Very confident — I can do these tasks easily on my own,Citizen of this country,0,0,1,1,0,0,0,0,Yes,Other or unknown,I am considering to buy a new car in the next 2 -3 years,Petrol,Maybe,Not sure,Somewhat likely,"Car (private, company, leased car or taxi, car share)",Always,Between 5km and 15 km,Twice per week,No,Average,No difference,16.7,2.1,701,2590,41340516,1592098,14.7,1789.28,6199893248,No/Non-religious,Yes,Yes,pre-2010,56.0,45-59,2_Medium,3,Single parent,5,1
Italy,Lombardy,12,10,6,4,4,1,6.166666666666667,1,Woman,Primary or Secondary education,"Attending school, university, or other educational/training programmes",3,Suburban,No,No,Prefer not to say,No,Well,Very confident — I can do these tasks easily on my own,Citizen of this country,0,0,0,0,1,0,0,0,Yes,Petrol,I am not considering to buy a new car in the next 2 -3 years,Not applicable,Not applicable,Yes,Somewhat likely,"Car (private, company, leased car or taxi, car share)",Sometimes,More than 15 km,Three or more days per week,No,Average,No difference,16.7,2.1,701,2590,41340516,1592098,14.7,1789.28,6199893248,No/Non-religious,Yes,Yes,2020+,23.0,18-29,3_High,3,Multi-generational / extended,3,3
Italy,Lombardy,9,8,8,8,4,9,7.666666666666667,1,Woman,"University degree or higher (e.g. Bachelor's, Master's, PhD)","In paid employment or self-employment (including part-time work, temporary absence from work, or helping in a family business)",3,Urban,No,No,No,No,Mother tongue / Very well,Very confident — I can do these tasks easily on my own,Citizen of this country,0,0,0,0,1,0,0,0,Yes,Hybrid (fuel and electric),I am not considering to buy a new car in the next 2 -3 years,Not applicable,Not applicable,Not sure,Likely,Walking,Not applicable,Between 1 km and 5 km,Three or more days per week,Yes,Very good,"Yes, definitely",16.7,2.1,701,2590,41340516,1592098,14.7,1789.28,6199893248,No/Non-religious,Yes,Yes,2020+,28.0,18-29,1_Low,6,Multi-generational / extended,4,1
Italy,Friuli-Venezia Giulia,16,1,1,1,1,9,4.833333333333333,1,Non-binary,"University degree or higher (e.g. Bachelor's, Master's, PhD)","In paid employment or self-employment (including part-time work, temporary absence from work, or helping in a family business)",1,Urban,Yes,Yes,Yes,Prefer not to say,Well,Very confident — I can do these tasks easily on my own,Citizen of this country,1,0,0,0,0,0,0,0,Yes,Petrol,I am not considering to buy a new car in the next 2 -3 years,Not applicable,Not applicable,No,Unlikely,"Car (private, company, leased car or taxi, car share)",Always,Between 5km and 15 km,Three or more days per week,No,Very poor,No difference,16.7,2.1,701,2590,41340516,1592098,14.7,1789.28,6199893248,No/Non-religious,Yes,Yes,Not applicable,26.0,18-29,2_Medium,2,Lives alone,3,1
Italy,Apulia,20,12,6,1,1,9,8.166666666666666,1,Woman,"University degree or higher (e.g. Bachelor's, Master's, PhD)","Attending school, university, or other educational/training programmes",3,Urban,No,No,No,No,Mother tongue / Very well,Very confident — I can do these tasks easily on my own,Citizen of this country,0,0,0,0,1,0,0,0,Yes,Diesel,I am not considering to buy a new car in the next 2 -3 years,Not applicable,Not applicable,Not sure,Unlikely,"Collective public transport (bus, tram, train, metro, ferry etc.)",Not applicable,Between 5km and 15 km,Never I mostly work from home,Yes,Average,No difference,16.7,2.1,701,2590,41340516,1592098,14.7,1789.28,6199893248,No/Non-religious,Yes,Yes,2010-2019,22.0,18-29,1_Low,2,Multi-generational / extended,3,2
Italy,Apulia,6,12,12,4,6,12,8.666666666666666,1,Woman,Primary or Secondary education,Other,4,Urban,No,Yes,No,No,Well,Confident — I can do most tasks but sometimes need help,Citizen of this country,0,0,0,1,0,0,0,0,Yes,Petrol,I am not considering to buy a new car in the next 2 -3 years,Not applicable,Not applicable,Not sure,Somewhat likely,"Car (private, company, leased car or taxi, car share)",Sometimes,Between 1 km and 5 km,Three or more days per week,Yes,Poor,Possibly,16.7,2.1,701,2590,41340516,1592098,14.7,1789.28,6199893248,No/Non-religious,Yes,Yes,2020+,67.0,60+,1_Low,3,Single parent,3,2
Italy,Sicily,20,9,2,4,12,4,8.5,1,Woman,Primary or Secondary education,Other,4,Suburban,No,No,No,No,Well,Very confident — I can do these tasks easily on my own,Citizen of this country,0,1,1,1,0,0,0,0,Yes,Diesel,I am considering to buy a new car in the next 2 -3 years,I don't know,No difference,No,Somewhat unlikely,"Car (private, company, leased car or taxi, car share)",Sometimes,Between 1 km and 5 km,Twice per week,Yes,Very poor,Possibly,16.7,2.1,701,2590,41340516,1592098,14.7,1789.28,6199893248,No/Non-religious,Yes,No,pre-2010,51.0,45-59,1_Low,4,Couple with children,2,2
Italy,Lombardy,16,9,8,4,6,12,9.166666666666666,2,Man,"University degree or higher (e.g. Bachelor's, Master's, PhD)","In paid employment or self-employment (including part-time work, temporary absence from work, or helping in a family business)",3,Suburban,Yes,No,No,No,Well,Very confident — I can do these tasks easily on my own,Citizen of this country,0,0,0,0,1,0,0,0,Yes,Hybrid (fuel and electric),I cannot afford a new car in the next 2-3 years,Not applicable,Not applicable,Yes,Somewhat likely,"Collective public transport (bus, tram, train, metro, ferry etc.)",Not applicable,Between 5km and 15 km,Twice per week,Yes,Good,Possibly,16.7,2.1,701,2590,41340516,1592098,14.7,1789.28,6199893248,Yes,Yes,Yes,2020+,24.0,18-29,1_Low,5,Multi-generational / extended,3,2
Spain,Andalusia,20,25,9,20,20,20,19.0,5,Woman,"University degree or higher (e.g. Bachelor's, Master's, PhD)","In paid employment or self-employment (including part-time work, temporary absence from work, or helping in a family business)",4,Suburban,No,No,No,Prefer not to say,Well,Very confident — I can do these tasks easily on my own,Citizen of this country,0,0,0,0,0,0,1,0,Yes,Petrol,I am considering to buy a new car in the next 2 -3 years,Diesel,"Yes, definitely",Not sure,Very likely,"Car (private, company, leased car or taxi, car share)",Always,More than 15 km,Three or more days per week,No,Poor,"Yes, definitely",16.1,2.9,544,5,26700972,1067172,13.0,1528.212325,14672504154,No/Non-religious,Yes,No,2010-2019,25.0,18-29,3_High,3,Multi-generational / extended,4,3
Spain,Andalusia,12,15,12,20,8,6,12.166666666666666,3,Man,Further education or training after school (not university),"Attending school, university, or other educational/training programmes",5,Urban,No,No,No,No,Mother tongue / Very well,Very confident — I can do these tasks easily on my own,Citizen of this country,0,0,1,0,1,0,0,0,Yes,Petrol,I am considering to buy a new car in the next 2 -3 years,Diesel,Maybe,Yes,Unlikely,Bicycle (including electric bicycle or electric scooter),Not applicable,Between 1 km and 5 km,Three or more days per week,Yes,Average,No difference,16.1,2.9,544,5,26700972,1067172,13.0,1528.212325,14672504154,No/Non-religious,Yes,Yes,2010-2019,20.0,18-29,1_Low,9,Single parent,4,2
Italy,Piedmont,12,8,12,20,3,12,11.166666666666666,2,Woman,Further education or training after school (not university),"In paid employment or self-employment (including part-time work, temporary absence from work, or helping in a family business)",3,Rural,No,No,Yes,No,Well,Very confident — I can do these tasks easily on my own,Citizen of this country,0,0,0,0,1,0,0,0,Yes,Diesel,I am considering to buy a new car in the next 2 -3 years,I don't know,Maybe,No,Somewhat likely,"Car (private, company, leased car or taxi, car share)",Sometimes,Between 5km and 15 km,Never I mostly work from home,"No, I am working/studying full-time from home and do not commute",Poor,No difference,16.7,2.1,701,2590,41340516,1592098,14.7,1789.28,6199893248,No/Non-religious,Yes,Yes,2010-2019,37.0,30-44,2_Medium,5,Multi-generational / extended,3,2
Spain,Galicia,9,9,1,6,4,2,5.166666666666667,1,Woman,"University degree or higher (e.g. Bachelor's, Master's, PhD)",Other,2,Urban,No,No,No,No,Not very well,Very confident — I can do these tasks easily on my own,Citizen of this country,0,1,0,0,0,0,0,0,Yes,Petrol,I am not considering to buy a new car in the next 2 -3 years,Not applicable,Not applicable,No,Very unlikely,"Car (private, company, leased car or taxi, car share)",Sometimes,Between 1 km and 5 km,Never I mostly work from home,"No, I am working/studying full-time from home and do not commute",Very poor,Possibly,16.1,2.9,544,5,26700972,1067172,13.0,1528.212325,14672504154,No/Non-religious,Yes,No,2020+,52.0,45-59,2_Medium,7,"Couple, no children",1,2
Italy,Lombardy,6,12,4,20,16,4,10.333333333333334,2,Man,Primary or Secondary education,"In paid employment or self-employment (including part-time work, temporary absence from work, or helping in a family business)",1,Suburban,Yes,No,No,No,Well,Very confident — I can do these tasks easily on my own,Citizen of this country,1,0,0,0,0,0,0,0,Yes,Petrol,I cannot afford a new car in the next 2-3 years,Not applicable,Not applicable,Yes,Somewhat likely,"Collective public transport (bus, tram, train, metro, ferry etc.)",Not applicable,More than 15 km,Once per week,Yes,Good,Possibly,16.7,2.1,701,2590,41340516,1592098,14.7,1789.28,6199893248,Yes,No,No,2020+,23.0,18-29,1_Low,3,Lives alone,4,1
Italy,Lombardy,25,25,25,25,12,25,22.833333333333332,5,Man,"University degree or higher (e.g. Bachelor's, Master's, PhD)",Unemployed (actively seeking work or available to start work),3,Suburban,No,Yes,No,Prefer not to say,Mother tongue / Very well,Very confident — I can do these tasks easily on my own,Citizen of this country,0,0,0,0,1,0,1,0,Yes,Petrol,I am not considering to buy a new car in the next 2 -3 years,Not applicable,Not applicable,Yes,Very likely,"Car (private, company, leased car or taxi, car share)",Sometimes,Less than 1 km,Never I mostly work from home,No,Poor,No difference,16.7,2.1,701,2590,41340516,1592098,14.7,1789.28,6199893248,No/Non-religious,Yes,Yes,2020+,29.0,18-29,3_High,4,Multi-generational / extended,4,3
Italy,Veneto,20,4,4,15,6,16,10.833333333333334,2,Man,"University degree or higher (e.g. Bachelor's, Master's, PhD)","In paid employment or self-employment (including part-time work, temporary absence from work, or helping in a family business)",4,Suburban,No,No,No,No,Well,Very confident — I can do these tasks easily on my own,Citizen of this country,0,0,1,0,0,0,0,0,Yes,Hybrid (fuel and electric),I am not considering to buy a new car in the next 2 -3 years,Not applicable,Not applicable,Not sure,Somewhat likely,"Car (private, company, leased car or taxi, car share)",Sometimes,Less than 1 km,Never I mostly work from home,"No, I am working/studying full-time from home and do not commute",Average,No difference,16.7,2.1,701,2590,41340516,1592098,14.7,1789.28,6199893248,No/Non-religious,Yes,Yes,2020+,42.0,30-44,3_High,7,Single parent,4,2
Italy,Veneto,6,6,2,12,9,25,10.0,2,Woman,"University degree or higher (e.g. Bachelor's, Master's, PhD)","In paid employment or self-employment (including part-time work, temporary absence from work, or helping in a family business)",2,Rural,No,No,No,No,Well,Very confident — I can do these tasks easily on my own,Citizen of this country,0,1,0,0,0,0,0,0,Yes,Petrol,I am considering to buy a new car in the next 2 -3 years,Electric,Not applicable,Not sure,Very likely,"Car (private, company, leased car or taxi, car share)",Always,Between 1 km and 5 km,Three or more days per week,No,Very poor,Possibly,16.7,2.1,701,2590,41340516,1592098,14.7,1789.28,6199893248,No/Non-religious,Yes,Yes,2010-2019,26.0,18-29,3_High,5,"Couple, no children",4,3
Italy,Calabria,9,6,9,12,9,12,9.5,2,Man,"University degree or higher (e.g. Bachelor's, Master's, PhD)","In paid employment or self-employment (including part-time work, temporary absence from work, or helping in a family business)",2,Urban,No,No,No,No,Well,Very confident — I can do these tasks easily on my own,Citizen of this country,0,1,0,0,0,0,0,0,Yes,Petrol,I am considering to buy a new car in the next 2 -3 years,Petrol,Maybe,Yes,Not sure,"Car (private, company, leased car or taxi, car share)",Sometimes,Between 1 km and 5 km,Three or more days per week,No,Average,Possibly,16.7,2.1,701,2590,41340516,1592098,14.7,1789.28,6199893248,No/Non-religious,Yes,No,2020+,49.0,45-59,1_Low,5,"Couple, no children",2,2
Italy,Lombardy,16,15,25,25,12,25,19.666666666666668,5,Man,Primary or Secondary education,"Attending school, university, or other educational/training programmes",5,Suburban,Prefer not to say,No,No,No,Well,Very confident — I can do these tasks easily on my own,Citizen of this country,0,0,0,0,1,1,0,0,Yes,Petrol,I am considering to buy a new car in the next 2 -3 years,Hybrid (fuel and electric),"Yes, definitely",Not sure,Not sure,"Car (private, company, leased car or taxi, car share)",Sometimes,More than 15 km,Three or more days per week,No,Poor,No difference,16.7,2.1,701,2590,41340516,1592098,14.7,1789.28,6199893248,Prefer not to say,No,No,2010-2019,21.0,18-29,3_High,4,Multi-generational / extended,3,1
Italy,Liguria,15,6,12,15,6,20,12.333333333333334,3,Woman,"University degree or higher (e.g. Bachelor's, Master's, PhD)","In paid employment or self-employment (including part-time work, temporary absence from work, or helping in a family business)",2,Suburban,No,No,No,No,Mother tongue / Very well,Very confident — I can do these tasks easily on my own,Citizen of this country,0,1,0,0,0,0,0,0,Yes,Petrol,I cannot afford a new car in the next 2-3 years,Not applicable,Not applicable,No,Somewhat likely,"Car (private, company, leased car or taxi, car share)",Sometimes,Between 5km and 15 km,Three or more days per week,Yes,Average,No difference,16.7,2.1,701,2590,41340516,1592098,14.7,1789.28,6199893248,No/Non-religious,Yes,Yes,2020+,24.0,18-29,1_Low,2,"Couple, no children",4,1
Italy,Lombardy,12,9,4,9,9,9,8.666666666666666,1,Woman,"University degree or higher (e.g. Bachelor's, Master's, PhD)","In paid employment or self-employment (including part-time work, temporary absence from work, or helping in a family business)",3,Suburban,No,No,No,No,Not very well,Very confident — I can do these tasks easily on my own,Citizen of this country,0,1,1,0,0,0,0,0,Yes,Petrol,I am considering to buy a new car in the next 2 -3 years,Hybrid (fuel and electric),"Yes, definitely",Not sure,Likely,"Car (private, company, leased car or taxi, car share)",Always,More than 15 km,Three or more days per week,No,Average,No difference,16.7,2.1,701,2590,41340516,1592098,14.7,1789.28,6199893248,No/Non-religious,Yes,No,2010-2019,49.0,45-59,3_High,4,Couple with children,7,2
Italy,Campania,15,16,5,16,16,15,13.833333333333334,3,Woman,"University degree or higher (e.g. Bachelor's, Master's, PhD)","In paid employment or self-employment (including part-time work, temporary absence from work, or helping in a family business)",3,Urban,No,No,No,No,Well,Very confident — I can do these tasks easily on my own,Citizen of this country,0,1,1,0,0,0,0,0,Yes,Petrol,I am considering to buy a new car in the next 2 -3 years,Hybrid (fuel and electric),"Yes, definitely",No,Somewhat likely,"Car (private, company, leased car or taxi, car share)",Always,More than 15 km,Three or more days per week,No,Very poor,Possibly,16.7,2.1,701,2590,41340516,1592098,14.7,1789.28,6199893248,No/Non-religious,Yes,No,2020+,44.0,30-44,3_High,5,Couple with children,3,1
Italy,Sicily,25,25,20,25,4,4,17.166666666666668,5,Woman,"University degree or higher (e.g. Bachelor's, Master's, PhD)","In paid employment or self-employment (including part-time work, temporary absence from work, or helping in a family business)",3,Rural,No,No,No,No,Not very well,Very confident — I can do these tasks easily on my own,EU citizen from another country,0,0,1,0,0,0,0,0,Yes,Petrol,I am considering to buy a new car in the next 2 -3 years,Hybrid (fuel and electric),"Yes, definitely",Not sure,Somewhat likely,"Car (private, company, leased car or taxi, car share)",Sometimes,More than 15 km,Three or more days per week,No,Very poor,Possibly,16.7,2.1,701,2590,41340516,1592098,14.7,1789.28,6199893248,No/Non-religious,No,No,pre-2010,53.0,45-59,3_High,1,Single parent,3,1
Spain,Basque Country,9,8,6,12,12,9,9.333333333333334,2,Woman,Further education or training after school (not university),"Attending school, university, or other educational/training programmes",5,Urban,Yes,No,No,No,Well,Confident — I can do most tasks but sometimes need help,Citizen of this country,0,0,0,0,1,0,1,0,No,Not applicable,I am considering to buy a new car in the next 2 -3 years,Diesel,Maybe,No,Somewhat likely,"Collective public transport (bus, tram, train, metro, ferry etc.)",Not applicable,More than 15 km,Three or more days per week,Yes,Very good,Possibly,16.1,2.9,544,5,26700972,1067172,13.0,1528.212325,14672504154,Yes,Yes,Yes,Not applicable,19.0,18-29,1_Low,3,Multi-generational / extended,3,0
Italy,Piedmont,20,12,16,25,12,16,16.833333333333332,4,Woman,"University degree or higher (e.g. Bachelor's, Master's, PhD)","Attending school, university, or other educational/training programmes",2,Urban,No,No,No,No,Well,Very confident — I can do these tasks easily on my own,Citizen of this country,0,1,0,0,0,0,0,0,Yes,Hybrid (fuel and electric),I am not considering to buy a new car in the next 2 -3 years,Not applicable,Not applicable,Not sure,Very likely,Walking,Not applicable,Between 1 km and 5 km,Three or more days per week,Yes,Good,"Yes, definitely",16.7,2.1,701,2590,41340516,1592098,14.7,1789.28,6199893248,No/Non-religious,Yes,Yes,2020+,26.0,18-29,2_Medium,3,"Couple, no children",5,2
Italy,Calabria,15,12,15,20,15,20,16.166666666666668,4,Woman,"University degree or higher (e.g. Bachelor's, Master's, PhD)","In paid employment or self-employment (including part-time work, temporary absence from work, or helping in a family business)",3,Urban,No,Prefer not to say,Yes,No,Well,Very confident — I can do these tasks easily on my own,Citizen of this country,0,0,1,0,1,0,0,0,Yes,Petrol,I am considering to buy a new car in the next 2 -3 years,Hybrid (fuel and electric),"Yes, definitely",No,Likely,"Car (private, company, leased car or taxi, car share)",Sometimes,Between 5km and 15 km,Three or more days per week,No,Very poor,"Yes, definitely",16.7,2.1,701,2590,41340516,1592098,14.7,1789.28,6199893248,No/Non-religious,Yes,Yes,2020+,30.0,30-44,2_Medium,3,Single parent,2,2
Italy,Lombardy,20,12,16,9,16,12,14.166666666666666,3,Man,Primary or Secondary education,"In paid employment or self-employment (including part-time work, temporary absence from work, or helping in a family business)",3,Rural,No,No,No,No,Well,Very confident — I can do these tasks easily on my own,Citizen of this country,0,1,1,0,0,0,0,0,Yes,Petrol,I am considering to buy a new car in the next 2 -3 years,Electric,Not applicable,Not sure,Very likely,Bicycle (including electric bicycle or electric scooter),Not applicable,Between 5km and 15 km,Three or more days per week,Yes,Good,"Yes, definitely",16.7,2.1,701,2590,41340516,1592098,14.7,1789.28,6199893248,No/Non-religious,Yes,Yes,pre-2010,45.0,45-59,1_Low,5,Couple with children,5,1
Italy,Veneto,25,12,20,15,6,16,15.666666666666666,4,Man,"University degree or higher (e.g. Bachelor's, Master's, PhD)","In paid employment or self-employment (including part-time work, temporary absence from work, or helping in a family business)",6,Suburban,No,No,No,Prefer not to say,Mother tongue / Very well,Very confident — I can do these tasks easily on my own,Citizen of this country,0,0,0,0,1,1,1,0,Yes,Hybrid (fuel and electric),I am not considering to buy a new car in the next 2 -3 years,Not applicable,Not applicable,Yes,Somewhat likely,"Collective public transport (bus, tram, train, metro, ferry etc.)",Not applicable,Between 5km and 15 km,Three or more days per week,Yes,Poor,Possibly,16.7,2.1,701,2590,41340516,1592098,14.7,1789.28,6199893248,No/Non-religious,Yes,Yes,2020+,28.0,18-29,2_Medium,6,Multi-generational / extended,5,2
Italy,Sicily,12,1,9,1,1,1,4.166666666666667,1,Woman,Primary or Secondary education,"Attending school, university, or other educational/training programmes",3,Rural,No,Yes,Yes,No,Well,Very confident — I can do these tasks easily on my own,Citizen of this country,0,0,0,0,0,0,0,0,Yes,Other or unknown,I am considering to buy a new car in the next 2 -3 years,Petrol,"Yes, definitely",Not sure,Not sure,"Car (private, company, leased car or taxi, car share)",Always,More than 15 km,Three or more days per week,No,Very poor,No difference,16.7,2.1,701,2590,41340516,1592098,14.7,1789.28,6199893248,No/Non-religious,Yes,Yes,2020+,25.0,18-29,2_Medium,6,Other shared,3,2
Spain,Andalusia,9,25,9,16,16,16,15.166666666666666,4,Woman,Further education or training after school (not university),"In paid employment or self-employment (including part-time work, temporary absence from work, or helping in a family business)",3,Urban,No,Yes,No,No,Well,Very confident — I can do these tasks easily on my own,Citizen of this country,0,1,0,0,0,0,1,0,Yes,Hybrid (fuel and electric),I am not considering to buy a new car in the next 2 -3 years,Not applicable,Not applicable,Yes,Very likely,"Car (private, company, leased car or taxi, car share)",Always,Between 5km and 15 km,Three or more days per week,No,Very poor,Possibly,16.1,2.9,544,5,26700972,1067172,13.0,1528.212325,14672504154,No/Non-religious,Yes,No,2020+,30.0,30-44,3_High,4,"Couple, no children",2,2
Italy,Lazio,15,25,20,25,16,9,18.333333333333332,5,Woman,"University degree or higher (e.g. Bachelor's, Master's, PhD)","Attending school, university, or other educational/training programmes",3,Urban,No,No,No,No,Well,Very confident — I can do these tasks easily on my own,Citizen of this country,0,0,0,0,1,0,1,0,Yes,Hybrid (fuel and electric),I am not considering to buy a new car in the next 2 -3 years,Not applicable,Not applicable,Not sure,Very unlikely,"Collective public transport (bus, tram, train, metro, ferry etc.)",Not applicable,More than 15 km,Once per week,No,Average,No difference,16.7,2.1,701,2590,41340516,1592098,14.7,1789.28,6199893248,No/Non-religious,Yes,Yes,2020+,24.0,18-29,1_Low,2,Multi-generational / extended,2,1
Spain,Galicia,20,16,16,20,9,12,15.5,4,Woman,"University degree or higher (e.g. Bachelor's, Master's, PhD)","In paid employment or self-employment (including part-time work, temporary absence from work, or helping in a family business)",1,Rural,No,No,No,No,Well,Confident — I can do most tasks but sometimes need help,Citizen of this country,1,0,0,0,0,0,0,0,Yes,Diesel,I am considering to buy a new car in the next 2 -3 years,I don't know,Maybe,No,Somewhat likely,"Car (private, company, leased car or taxi, car share)",Always,More than 15 km,Three or more days per week,No,Very poor,No difference,16.1,2.9,544,5,26700972,1067172,13.0,1528.212325,14672504154,No/Non-religious,Yes,No,pre-2010,56.0,45-59,3_High,4,Lives alone,2,1
Italy,Emilia-Romagna,25,16,25,25,25,25,23.5,5,Woman,Primary or Secondary education,Other,3,Urban,No,No,No,No,Mother tongue / Very well,Confident — I can do most tasks but sometimes need help,Citizen of this country,0,0,0,0,1,0,0,0,Yes,Hybrid (fuel and electric),I am not considering to buy a new car in the next 2 -3 years,Not applicable,Not applicable,Not sure,Likely,Bicycle (including electric bicycle or electric scooter),Not applicable,Between 1 km and 5 km,Three or more days per week,Yes,Very poor,"Yes, definitely",16.7,2.1,701,2590,41340516,1592098,14.7,1789.28,6199893248,No/Non-religious,Yes,Yes,2020+,43.0,30-44,2_Medium,2,Multi-generational / extended,3,2
Spain,Valencian Community,20,12,10,6,25,25,16.333333333333332,4,Woman,Further education or training after school (not university),"Attending school, university, or other educational/training programmes",6,Urban,Yes,No,Yes,No,Mother tongue / Very well,Very confident — I can do these tasks easily on my own,Citizen of this country,0,0,0,0,1,1,1,0,Yes,Diesel,I am not considering to buy a new car in the next 2 -3 years,Not applicable,Not applicable,Yes,Somewhat likely,"Collective public transport (bus, tram, train, metro, ferry etc.)",Not applicable,More than 15 km,Three or more days per week,Yes,Very good,"Yes, definitely",16.1,2.9,544,5,26700972,1067172,13.0,1528.212325,14672504154,No/Non-religious,No,Yes,2010-2019,19.0,18-29,2_Medium,3,Multi-generational / extended,4,2
Italy,Campania,20,16,8,1,1,8,9.0,2,Woman,Further education or training after school (not university),Unemployed (actively seeking work or available to start work),6,Urban,Prefer not to say,No,No,No,Well,Very confident — I can do these tasks easily on my own,Non-EU citizen,0,0,0,0,1,1,0,0,Yes,Diesel,I am considering to buy a new car in the next 2 -3 years,Hybrid (fuel and electric),"Yes, definitely",Yes,Very likely,Bicycle (including electric bicycle or electric scooter),Not applicable,Between 1 km and 5 km,Three or more days per week,Yes,Average,Possibly,16.7,2.1,701,2590,41340516,1592098,14.7,1789.28,6199893248,No/Non-religious,No,No,2010-2019,26.0,18-29,1_Low,3,Multi-generational / extended,5,2
Italy,Friuli-Venezia Giulia,12,8,20,12,8,15,12.5,3,Woman,"University degree or higher (e.g. Bachelor's, Master's, PhD)","Attending school, university, or other educational/training programmes",3,Suburban,No,Yes,Yes,No,Well,Very confident — I can do these tasks easily on my own,Citizen of this country,0,1,0,0,0,1,0,1,Yes,Petrol,I cannot afford a new car in the next 2-3 years,Not applicable,Not applicable,Not sure,Somewhat likely,Walking,Not applicable,Less than 1 km,Three or more days per week,Yes,Poor,No difference,16.7,2.1,701,2590,41340516,1592098,14.7,1789.28,6199893248,No/Non-religious,Yes,Yes,2010-2019,33.0,30-44,2_Medium,1,"Couple, no children",5,1
Italy,Campania,25,8,15,25,20,8,16.833333333333332,4,Woman,Primary or Secondary education,"Attending school, university, or other educational/training programmes",4,Suburban,No,No,No,No,Well,Very confident — I can do these tasks easily on my own,Citizen of this country,0,0,1,0,1,0,0,0,Yes,Petrol,I am not considering to buy a new car in the next 2 -3 years,Not applicable,Not applicable,Not sure,Very unlikely,"Car (private, company, leased car or taxi, car share)",Sometimes,More than 15 km,Three or more days per week,Yes,Very poor,No difference,16.7,2.1,701,2590,41340516,1592098,14.7,1789.28,6199893248,No/Non-religious,Yes,Yes,pre-2010,25.0,18-29,3_High,2,Single parent,3,3
Italy,Sicily,8,6,5,12,3,4,6.333333333333333,1,Man,"University degree or higher (e.g. Bachelor's, Master's, PhD)","In paid employment or self-employment (including part-time work, temporary absence from work, or helping in a family business)",3,Urban,No,No,No,No,Well,Very confident — I can do these tasks easily on my own,Citizen of this country,0,0,0,0,1,0,0,0,Yes,Petrol,I am considering to buy a new car in the next 2 -3 years,Petrol,Maybe,Yes,Unlikely,"Car (private, company, leased car or taxi, car share)",Sometimes,Between 5km and 15 km,Three or more days per week,Yes,Poor,No difference,16.7,2.1,701,2590,41340516,1592098,14.7,1789.28,6199893248,No/Non-religious,Yes,Yes,2020+,25.0,18-29,1_Low,9,Multi-generational / extended,3,1
Italy,Tuscany,1,9,12,4,1,8,5.833333333333333,1,Man,"University degree or higher (e.g. Bachelor's, Master's, PhD)","In paid employment or self-employment (including part-time work, temporary absence from work, or helping in a family business)",3,Rural,No,No,No,No,Mother tongue / Very well,Very confident — I can do these tasks easily on my own,Citizen of this country,0,0,0,0,1,0,0,0,Yes,Petrol,I am considering to buy a new car in the next 2 -3 years,Petrol,"Yes, definitely",Yes,Somewhat unlikely,"Car (private, company, leased car or taxi, car share)",Sometimes,Between 5km and 15 km,Three or more days per week,No,Very poor,"Yes, definitely",16.7,2.1,701,2590,41340516,1592098,14.7,1789.28,6199893248,No/Non-religious,Yes,Yes,2010-2019,29.0,18-29,2_Medium,6,Multi-generational / extended,3,3
Italy,Molise,25,12,9,25,9,15,15.833333333333334,4,Woman,Further education or training after school (not university),Unemployed (actively seeking work or available to start work),2,Suburban,No,No,Yes,Prefer not to say,Well,Very confident — I can do these tasks easily on my own,Citizen of this country,0,1,0,0,0,0,0,0,Yes,Diesel,I am considering to buy a new car in the next 2 -3 years,Electric,Not applicable,Not sure,Very unlikely,"Car (private, company, leased car or taxi, car share)",Sometimes,Between 5km and 15 km,Three or more days per week,Yes,Poor,"Yes, definitely",16.7,2.1,701,2590,41340516,1592098,14.7,1789.28,6199893248,Yes,Yes,No,2010-2019,32.0,30-44,2_Medium,5,"Couple, no children",5,2
Italy,Piedmont,20,9,16,6,4,16,11.833333333333334,3,Man,Further education or training after school (not university),"In paid employment or self-employment (including part-time work, temporary absence from work, or helping in a family business)",3,Urban,No,No,No,No,Well,Very confident — I can do these tasks easily on my own,Citizen of this country,0,1,1,0,0,0,0,0,Yes,Petrol,I am considering to buy a new car in the next 2 -3 years,Hybrid (fuel and electric),"Yes, definitely",Yes,Somewhat likely,"Collective public transport (bus, tram, train, metro, ferry etc.)",Not applicable,Between 1 km and 5 km,Three or more days per week,Yes,Good,No difference,16.7,2.1,701,2590,41340516,1592098,14.7,1789.28,6199893248,No/Non-religious,No,Yes,2020+,59.0,45-59,2_Medium,3,Couple with children,4,1
Italy,Lazio,9,12,16,8,4,4,8.833333333333334,2,Man,"University degree or higher (e.g. Bachelor's, Master's, PhD)","In paid employment or self-employment (including part-time work, temporary absence from work, or helping in a family business)",4,Urban,No,No,No,No,Mother tongue / Very well,Very confident — I can do these tasks easily on my own,Citizen of this country,0,1,1,0,0,0,0,0,Yes,Other or unknown,I am considering to buy a new car in the next 2 -3 years,I don't know,Maybe,Yes,Somewhat likely,"Car (private, company, leased car or taxi, car share)",Never,More than 15 km,Three or more days per week,Yes,Poor,No difference,16.7,2.1,701,2590,41340516,1592098,14.7,1789.28,6199893248,No/Non-religious,Yes,Yes,2010-2019,56.0,45-59,3_High,8,Couple with children,2,3
Italy,Sicily,6,8,2,12,2,12,7.0,1,Woman,"University degree or higher (e.g. Bachelor's, Master's, PhD)",Unemployed (actively seeking work or available to start work),4,Urban,No,No,No,No,Well,Very confident — I can do these tasks easily on my own,Citizen of this country,0,0,0,0,1,0,0,0,Yes,Petrol,I cannot afford a new car in the next 2-3 years,Not applicable,Not applicable,Yes,Somewhat likely,"Car (private, company, leased car or taxi, car share)",Sometimes,Between 5km and 15 km,Three or more days per week,"No, I am working/studying full-time from home and do not commute",Very poor,Possibly,16.7,2.1,701,2590,41340516,1592098,14.7,1789.28,6199893248,No/Non-religious,Yes,Yes,2020+,25.0,18-29,1_Low,5,Multi-generational / extended,2,2
Italy,Lombardy,20,12,16,25,16,12,16.833333333333332,4,Woman,"University degree or higher (e.g. Bachelor's, Master's, PhD)",Other,2,Suburban,No,No,No,No,Not very well,Very confident — I can do these tasks easily on my own,Citizen of this country,0,0,0,1,0,0,0,0,Yes,Petrol,I am not considering to buy a new car in the next 2 -3 years,Not applicable,Not applicable,No,Somewhat unlikely,"Car (private, company, leased car or taxi, car share)",Always,Between 5km and 15 km,Three or more days per week,No,Average,Possibly,16.7,2.1,701,2590,41340516,1592098,14.7,1789.28,6199893248,No/Non-religious,Yes,No,2020+,68.0,60+,2_Medium,3,Single parent,3,2
Spain,Valencian Community,20,12,6,8,1,12,9.833333333333334,2,Woman,"University degree or higher (e.g. Bachelor's, Master's, PhD)","In paid employment or self-employment (including part-time work, temporary absence from work, or helping in a family business)",2,Urban,No,No,No,No,Mother tongue / Very well,Very confident — I can do these tasks easily on my own,EU citizen from another country,0,1,0,0,0,0,0,0,Yes,Diesel,I am not considering to buy a new car in the next 2 -3 years,Not applicable,Not applicable,Yes,Somewhat likely,Walking,Not applicable,Between 1 km and 5 km,Never I mostly work from home,Yes,Good,No difference,16.1,2.9,544,5,26700972,1067172,13.0,1528.212325,14672504154,No/Non-religious,No,No,2020+,31.0,30-44,1_Low,6,"Couple, no children",4,1
Italy,Lombardy,20,20,25,25,25,20,22.5,5,Man,"University degree or higher (e.g. Bachelor's, Master's, PhD)","In paid employment or self-employment (including part-time work, temporary absence from work, or helping in a family business)",5,Suburban,No,No,No,No,Well,Very confident — I can do these tasks easily on my own,Citizen of this country,0,1,1,0,0,0,0,0,Yes,Hybrid (fuel and electric),I am considering to buy a new car in the next 2 -3 years,Electric,Not applicable,Not sure,Very likely,"Car (private, company, leased car or taxi, car share)",Always,Between 5km and 15 km,Three or more days per week,No,Poor,Possibly,16.7,2.1,701,2590,41340516,1592098,14.7,1789.28,6199893248,No/Non-religious,Yes,Yes,2020+,46.0,45-59,3_High,5,Couple with children,5,2
Spain,Community of Madrid,12,15,1,6,1,9,7.333333333333333,1,Woman,"University degree or higher (e.g. Bachelor's, Master's, PhD)","In paid employment or self-employment (including part-time work, temporary absence from work, or helping in a family business)",2,Suburban,No,No,No,Yes,Well,Very confident — I can do these tasks easily on my own,Citizen of this country,0,1,0,0,0,0,0,0,Yes,Petrol,I cannot afford a new car in the next 2-3 years,Not applicable,Not applicable,Not sure,Somewhat unlikely,"Collective public transport (bus, tram, train, metro, ferry etc.)",Not applicable,More than 15 km,Three or more days per week,Yes,Good,No difference,16.1,2.9,544,5,26700972,1067172,13.0,1528.212325,14672504154,No/Non-religious,Yes,Yes,2010-2019,33.0,30-44,1_Low,4,"Couple, no children",2,2
Italy,Emilia-Romagna,16,16,16,20,20,12,16.666666666666668,4,Man,"University degree or higher (e.g. Bachelor's, Master's, PhD)","In paid employment or self-employment (including part-time work, temporary absence from work, or helping in a family business)",2,Urban,No,No,No,No,Well,Very confident — I can do these tasks easily on my own,Citizen of this country,0,1,0,0,0,0,0,0,Yes,Diesel,I am not considering to buy a new car in the next 2 -3 years,Not applicable,Not applicable,Yes,Somewhat unlikely,Walking,Not applicable,Between 1 km and 5 km,Twice per week,Yes,Average,No difference,16.7,2.1,701,2590,41340516,1592098,14.7,1789.28,6199893248,No/Non-religious,Yes,Yes,2020+,41.0,30-44,3_High,9,"Couple, no children",2,1
Italy,Veneto,9,9,25,9,9,9,11.666666666666666,3,Woman,"University degree or higher (e.g. Bachelor's, Master's, PhD)","Attending school, university, or other educational/training programmes",4,Suburban,Yes,No,No,No,Mother tongue / Very well,Very confident — I can do these tasks easily on my own,Non-EU citizen,0,0,1,0,0,0,0,0,Yes,Other or unknown,I am considering to buy a new car in the next 2 -3 years,Hybrid (fuel and electric),"Yes, definitely",Not sure,Very likely,"Car (private, company, leased car or taxi, car share)",Always,Between 5km and 15 km,Three or more days per week,Yes,Very poor,"Yes, definitely",16.7,2.1,701,2590,41340516,1592098,14.7,1789.28,6199893248,Yes,No,No,2010-2019,37.0,30-44,3_High,3,Single parent,4,1
Italy,Molise,2,4,1,1,4,1,2.1666666666666665,1,Man,"University degree or higher (e.g. Bachelor's, Master's, PhD)","In paid employment or self-employment (including part-time work, temporary absence from work, or helping in a family business)",2,Suburban,No,No,No,No,Well,Very confident — I can do these tasks easily on my own,Citizen of this country,0,1,0,0,0,0,0,0,Yes,Diesel,I am considering to buy a new car in the next 2 -3 years,Hybrid (fuel and electric),"Yes, definitely",Yes,Likely,"Car (private, company, leased car or taxi, car share)",Always,Between 5km and 15 km,Once per week,No,Very poor,"Yes, definitely",16.7,2.1,701,2590,41340516,1592098,14.7,1789.28,6199893248,No/Non-religious,Yes,Yes,2010-2019,40.0,30-44,3_High,5,"Couple, no children",3,2
Italy,Veneto,8,8,8,20,8,9,10.166666666666666,2,Man,"University degree or higher (e.g. Bachelor's, Master's, PhD)","In paid employment or self-employment (including part-time work, temporary absence from work, or helping in a family business)",3,Urban,No,No,No,No,Well,Very confident — I can do these tasks easily on my own,Citizen of this country,0,1,1,0,0,0,0,0,Yes,Petrol,I am not considering to buy a new car in the next 2 -3 years,Not applicable,Not applicable,Yes,Unlikely,"Car (private, company, leased car or taxi, car share)",Sometimes,Between 5km and 15 km,Three or more days per week,Yes,Average,No difference,16.7,2.1,701,2590,41340516,1592098,14.7,1789.28,6199893248,No/Non-religious,Yes,Yes,2020+,41.0,30-44,2_Medium,7,Couple with children,4,2
Italy,Lazio,6,4,6,8,6,16,7.666666666666667,1,Woman,"University degree or higher (e.g. Bachelor's, Master's, PhD)","In paid employment or self-employment (including part-time work, temporary absence from work, or helping in a family business)",2,Urban,No,No,Yes,No,Well,Very confident — I can do these tasks easily on my own,Citizen of this country,0,1,0,0,0,0,0,0,Yes,Petrol,I am not considering to buy a new car in the next 2 -3 years,Not applicable,Not applicable,Not sure,Likely,"Car (private, company, leased car or taxi, car share)",Sometimes,Between 5km and 15 km,Never I mostly work from home,"No, I am working/studying full-time from home and do not commute",Poor,"Yes, definitely",16.7,2.1,701,2590,41340516,1592098,14.7,1789.28,6199893248,No/Non-religious,Yes,Yes,2010-2019,33.0,30-44,2_Medium,2,"Couple, no children",4,1
Italy,Tuscany,12,12,9,12,12,15,12.0,3,Woman,Primary or Secondary education,"Attending school, university, or other educational/training programmes",3,Suburban,No,No,No,No,Mother tongue / Very well,Very confident — I can do these tasks easily on my own,Citizen of this country,0,0,0,0,0,0,0,0,Yes,Other or unknown,I am considering to buy a new car in the next 2 -3 years,I don't know,Maybe,No,Somewhat likely,"Car (private, company, leased car or taxi, car share)",Sometimes,More than 15 km,Three or more days per week,Yes,Good,Possibly,16.7,2.1,701,2590,41340516,1592098,14.7,1789.28,6199893248,No/Non-religious,Yes,Yes,2020+,21.0,18-29,3_High,7,Other shared,3,2
Italy,Sicily,12,12,9,12,6,2,8.833333333333334,2,Man,"University degree or higher (e.g. Bachelor's, Master's, PhD)","Attending school, university, or other educational/training programmes",4,Urban,No,No,No,Prefer not to say,Well,Very confident — I can do these tasks easily on my own,Citizen of this country,0,0,0,0,1,0,1,0,Yes,Hybrid (fuel and electric),I am not considering to buy a new car in the next 2 -3 years,Not applicable,Not applicable,Yes,Somewhat likely,"Collective public transport (bus, tram, train, metro, ferry etc.)",Not applicable,Between 1 km and 5 km,Three or more days per week,Yes,Average,"Yes, definitely",16.7,2.1,701,2590,41340516,1592098,14.7,1789.28,6199893248,No/Non-religious,Yes,Yes,2020+,27.0,18-29,2_Medium,4,Multi-generational / extended,5,2
Spain,Community of Madrid,16,20,20,20,9,16,16.833333333333332,4,Woman,"University degree or higher (e.g. Bachelor's, Master's, PhD)",Unemployed (actively seeking work or available to start work),2,Urban,No,No,No,No,Well,Very confident — I can do these tasks easily on my own,Citizen of this country,0,0,0,0,0,0,1,0,Yes,Other or unknown,I am considering to buy a new car in the next 2 -3 years,Hybrid (fuel and electric),Maybe,Not sure,Somewhat likely,"Car (private, company, leased car or taxi, car share)",Always,More than 15 km,Three or more days per week,No,Good,No difference,16.1,2.9,544,5,26700972,1067172,13.0,1528.212325,14672504154,No/Non-religious,Yes,No,2020+,47.0,45-59,3_High,8,Multi-generational / extended,2,2
Italy,Lombardy,25,6,16,12,6,25,15.0,4,Woman,"University degree or higher (e.g. Bachelor's, Master's, PhD)","In paid employment or self-employment (including part-time work, temporary absence from work, or helping in a family business)",1,Urban,No,No,No,No,Well,Very confident — I can do these tasks easily on my own,Citizen of this country,1,0,0,0,0,0,0,0,Yes,Diesel,I am considering to buy a new car in the next 2 -3 years,Hybrid (fuel and electric),"Yes, definitely",Not sure,Very likely,"Car (private, company, leased car or taxi, car share)",Always,More than 15 km,Three or more days per week,No,Average,"Yes, definitely",16.7,2.1,701,2590,41340516,1592098,14.7,1789.28,6199893248,No/Non-religious,Yes,Yes,2020+,35.0,30-44,2_Medium,3,Lives alone,4,1
Italy,Apulia,20,25,12,20,16,25,19.666666666666668,5,Woman,Primary or Secondary education,"Attending school, university, or other educational/training programmes",4,Suburban,No,Yes,No,No,Not very well,Very confident — I can do these tasks easily on my own,Citizen of this country,0,0,0,0,1,0,0,1,Yes,Diesel,I am considering to buy a new car in the next 2 -3 years,Hybrid (fuel and electric),"Yes, definitely",Yes,Likely,"Collective public transport (bus, tram, train, metro, ferry etc.)",Not applicable,Between 5km and 15 km,Three or more days per week,Yes,Very poor,Possibly,16.7,2.1,701,2590,41340516,1592098,14.7,1789.28,6199893248,No/Non-religious,Yes,No,2010-2019,26.0,18-29,2_Medium,3,Multi-generational / extended,4,1
Italy,Lazio,4,1,6,1,4,4,3.3333333333333335,1,Woman,"University degree or higher (e.g. Bachelor's, Master's, PhD)","In paid employment or self-employment (including part-time work, temporary absence from work, or helping in a family business)",2,Urban,No,No,No,Yes,Well,Very confident — I can do these tasks easily on my own,Citizen of this country,0,1,0,0,0,0,0,0,Yes,Diesel,I am considering to buy a new car in the next 2 -3 years,Hybrid (fuel and electric),"Yes, definitely",Yes,Very likely,"Collective public transport (bus, tram, train, metro, ferry etc.)",Not applicable,Between 1 km and 5 km,Three or more days per week,Yes,Average,"Yes, definitely",16.7,2.1,701,2590,41340516,1592098,14.7,1789.28,6199893248,No/Non-religious,Yes,Yes,2020+,41.0,30-44,2_Medium,3,"Couple, no children",4,1
Italy,Lazio,25,20,25,15,16,20,20.166666666666668,5,Woman,Primary or Secondary education,Other,2,Suburban,No,No,No,No,Well,Very confident — I can do these tasks easily on my own,Citizen of this country,0,1,0,0,0,0,0,0,Yes,Petrol,I am not considering to buy a new car in the next 2 -3 years,Not applicable,Not applicable,Not sure,Very unlikely,"Car (private, company, leased car or taxi, car share)",Always,Between 5km and 15 km,Three or more days per week,Yes,Poor,"Yes, definitely",16.7,2.1,701,2590,41340516,1592098,14.7,1789.28,6199893248,No/Non-religious,Yes,Yes,2010-2019,64.0,60+,3_High,4,"Couple, no children",4,1
Italy,Lombardy,16,9,16,12,9,9,11.833333333333334,3,Woman,Primary or Secondary education,"Attending school, university, or other educational/training programmes",4,Rural,No,No,No,No,Well,Confident — I can do most tasks but sometimes need help,Citizen of this country,0,0,0,0,1,0,1,0,Yes,Diesel,I am not considering to buy a new car in the next 2 -3 years,Not applicable,Not applicable,No,Unlikely,Walking,Not applicable,Between 1 km and 5 km,Three or more days per week,Yes,Good,Possibly,16.7,2.1,701,2590,41340516,1592098,14.7,1789.28,6199893248,No/Non-religious,Yes,Yes,2020+,21.0,18-29,2_Medium,5,Multi-generational / extended,3,4
Italy,Lombardy,16,16,16,16,16,16,16.0,4,Woman,"University degree or higher (e.g. Bachelor's, Master's, PhD)","In paid employment or self-employment (including part-time work, temporary absence from work, or helping in a family business)",2,Suburban,No,No,No,No,Not very well,Very confident — I can do these tasks easily on my own,Citizen of this country,0,0,0,0,1,0,0,0,Yes,Petrol,I am considering to buy a new car in the next 2 -3 years,Hybrid (fuel and electric),Maybe,Not sure,Somewhat unlikely,"Collective public transport (bus, tram, train, metro, ferry etc.)",Not applicable,More than 15 km,Three or more days per week,Yes,Average,Possibly,16.7,2.1,701,2590,41340516,1592098,14.7,1789.28,6199893248,No/Non-religious,Yes,Yes,2010-2019,27.0,18-29,3_High,4,Multi-generational / extended,2,1
Italy,Abruzzo,20,16,9,1,2,16,10.666666666666666,2,Woman,"University degree or higher (e.g. Bachelor's, Master's, PhD)","In paid employment or self-employment (including part-time work, temporary absence from work, or helping in a family business)",4,Urban,Yes,No,No,No,Well,Very confident — I can do these tasks easily on my own,Citizen of this country,0,0,1,0,1,1,0,0,Yes,Hybrid (fuel and electric),I am considering to buy a new car in the next 2 -3 years,Hybrid (fuel and electric),"Yes, definitely",Yes,Somewhat likely,"Car (private, company, leased car or taxi, car share)",Sometimes,Less than 1 km,Never I mostly work from home,"No, I am working/studying full-time from home and do not commute",Poor,Possibly,16.7,2.1,701,2590,41340516,1592098,14.7,1789.28,6199893248,No/Non-religious,Yes,Yes,2020+,56.0,45-59,2_Medium,4,Single parent,5,1
Italy,Friuli-Venezia Giulia,4,1,1,5,4,2,2.8333333333333335,1,Woman,"University degree or higher (e.g. Bachelor's, Master's, PhD)","In paid employment or self-employment (including part-time work, temporary absence from work, or helping in a family business)",3,Suburban,No,No,No,No,Well,Confident — I can do most tasks but sometimes need help,Citizen of this country,0,0,0,0,1,1,0,0,Yes,Other or unknown,I am considering to buy a new car in the next 2 -3 years,Electric,Not applicable,Yes,Likely,"Car (private, company, leased car or taxi, car share)",Sometimes,Between 5km and 15 km,Three or more days per week,Yes,Poor,Possibly,16.7,2.1,701,2590,41340516,1592098,14.7,1789.28,6199893248,No/Non-religious,Yes,Yes,2020+,44.0,30-44,3_High,7,Multi-generational / extended,4,1
Spain,Community of Madrid,16,12,12,4,4,4,8.666666666666666,1,Woman,"University degree or higher (e.g. Bachelor's, Master's, PhD)","In paid employment or self-employment (including part-time work, temporary absence from work, or helping in a family business)",5,Urban,No,No,No,No,Mother tongue / Very well,Very confident — I can do these tasks easily on my own,EU citizen from another country,0,0,1,0,0,0,0,0,Yes,Petrol,I am considering to buy a new car in the next 2 -3 years,Hybrid (fuel and electric),"Yes, definitely",No,Very likely,"Car (private, company, leased car or taxi, car share)",Sometimes,Between 5km and 15 km,Never I mostly work from home,Yes,Good,"Yes, definitely",16.1,2.9,544,5,26700972,1067172,13.0,1528.212325,14672504154,No/Non-religious,No,Yes,2020+,39.0,30-44,2_Medium,6,Single parent,4,2
Spain,Catalonia,16,20,20,12,20,25,18.833333333333332,5,Woman,"University degree or higher (e.g. Bachelor's, Master's, PhD)","In paid employment or self-employment (including part-time work, temporary absence from work, or helping in a family business)",4,Rural,No,No,No,No,Mother tongue / Very well,Very confident — I can do these tasks easily on my own,Citizen of this country,0,0,1,0,0,0,0,0,Yes,Petrol,I am considering to buy a new car in the next 2 -3 years,Hybrid (fuel and electric),"Yes, definitely",Yes,Likely,"Car (private, company, leased car or taxi, car share)",Sometimes,Between 1 km and 5 km,Three or more days per week,Yes,Average,Possibly,16.1,2.9,544,5,26700972,1067172,13.0,1528.212325,14672504154,No/Non-religious,No,No,2010-2019,42.0,30-44,3_High,5,Single parent,4,1
Italy,Veneto,5,9,4,5,4,5,5.333333333333333,1,Woman,"University degree or higher (e.g. Bachelor's, Master's, PhD)","In paid employment or self-employment (including part-time work, temporary absence from work, or helping in a family business)",2,Urban,No,No,No,No,Well,Very confident — I can do these tasks easily on my own,Citizen of this country,0,0,0,1,0,0,0,0,Yes,Hybrid (fuel and electric),I am considering to buy a new car in the next 2 -3 years,Hybrid (fuel and electric),Maybe,Not sure,Likely,"Car (private, company, leased car or taxi, car share)",Always,More than 15 km,Three or more days per week,Yes,Average,Possibly,16.7,2.1,701,2590,41340516,1592098,14.7,1789.28,6199893248,No/Non-religious,Yes,Yes,2020+,61.0,60+,3_High,6,Single parent,3,1
Italy,Veneto,9,10,16,15,12,25,14.5,4,Woman,Primary or Secondary education,"Attending school, university, or other educational/training programmes",2,Suburban,No,No,No,No,Mother tongue / Very well,Very confident — I can do these tasks easily on my own,Citizen of this country,0,1,0,0,0,0,0,0,Yes,Hybrid (fuel and electric),I am considering to buy a new car in the next 2 -3 years,Hybrid (fuel and electric),"Yes, definitely",No,Very likely,"Car (private, company, leased car or taxi, car share)",Always,Between 1 km and 5 km,Three or more days per week,Yes,Very poor,Possibly,16.7,2.1,701,2590,41340516,1592098,14.7,1789.28,6199893248,No/Non-religious,Yes,Yes,2020+,26.0,18-29,2_Medium,5,"Couple, no children",3,1
Italy,Piedmont,20,25,16,12,12,25,18.333333333333332,5,Woman,"University degree or higher (e.g. Bachelor's, Master's, PhD)","In paid employment or self-employment (including part-time work, temporary absence from work, or helping in a family business)",3,Urban,No,No,No,No,Well,Very confident — I can do these tasks easily on my own,Citizen of this country,0,1,1,0,0,0,0,0,No,Not applicable,I am considering to buy a new car in the next 2 -3 years,Hybrid (fuel and electric),Maybe,Not sure,Somewhat unlikely,Bicycle (including electric bicycle or electric scooter),Not applicable,Between 1 km and 5 km,Twice per week,Yes,Good,No difference,16.7,2.1,701,2590,41340516,1592098,14.7,1789.28,6199893248,No/Non-religious,Yes,Yes,Not applicable,39.0,30-44,1_Low,8,Couple with children,3,0
Italy,Tuscany,16,15,12,16,12,16,14.5,4,Woman,"University degree or higher (e.g. Bachelor's, Master's, PhD)","In paid employment or self-employment (including part-time work, temporary absence from work, or helping in a family business)",2,Suburban,No,No,No,No,Mother tongue / Very well,Very confident — I can do these tasks easily on my own,Citizen of this country,0,1,0,0,0,0,0,0,Yes,Petrol,I am considering to buy a new car in the next 2 -3 years,Hybrid (fuel and electric),"Yes, definitely",Not sure,Likely,"Car (private, company, leased car or taxi, car share)",Sometimes,Between 5km and 15 km,Three or more days per week,Yes,Very poor,Possibly,16.7,2.1,701,2590,41340516,1592098,14.7,1789.28,6199893248,No/Non-religious,No,No,2020+,33.0,30-44,3_High,6,"Couple, no children",4,2
Italy,Emilia-Romagna,16,20,16,20,9,12,15.5,4,Woman,"University degree or higher (e.g. Bachelor's, Master's, PhD)","In paid employment or self-employment (including part-time work, temporary absence from work, or helping in a family business)",1,Rural,No,No,No,No,Mother tongue / Very well,Confident — I can do most tasks but sometimes need help,Citizen of this country,1,0,0,0,0,0,0,0,Yes,Petrol,I am considering to buy a new car in the next 2 -3 years,Hybrid (fuel and electric),"Yes, definitely",Not sure,Somewhat likely,"Car (private, company, leased car or taxi, car share)",Sometimes,Between 5km and 15 km,Never I mostly work from home,"No, I am working/studying full-time from home and do not commute",Very poor,Possibly,16.7,2.1,701,2590,41340516,1592098,14.7,1789.28,6199893248,No/Non-religious,Yes,Yes,2020+,55.0,45-59,2_Medium,5,Lives alone,3,1
Italy,Piedmont,16,12,16,16,12,25,16.166666666666668,4,Woman,"University degree or higher (e.g. Bachelor's, Master's, PhD)","Attending school, university, or other educational/training programmes",2,Urban,No,Yes,Yes,No,Well,Very confident — I can do these tasks easily on my own,Citizen of this country,0,1,0,0,0,0,0,0,Yes,Petrol,I cannot afford a new car in the next 2-3 years,Not applicable,Not applicable,Not sure,Somewhat unlikely,"Collective public transport (bus, tram, train, metro, ferry etc.)",Not applicable,Between 5km and 15 km,Three or more days per week,Yes,Good,Possibly,16.7,2.1,701,2590,41340516,1592098,14.7,1789.28,6199893248,No/Non-religious,Yes,Yes,2010-2019,25.0,18-29,2_Medium,4,"Couple, no children",4,1
Italy,Calabria,12,16,12,16,4,16,12.666666666666666,3,Non-binary,"University degree or higher (e.g. Bachelor's, Master's, PhD)","Attending school, university, or other educational/training programmes",2,Suburban,No,Yes,Yes,Prefer not to say,Mother tongue / Very well,Very confident — I can do these tasks easily on my own,Citizen of this country,0,1,0,0,0,0,0,0,Yes,Diesel,I cannot afford a new car in the next 2-3 years,Not applicable,Not applicable,Not sure,Somewhat likely,"Collective public transport (bus, tram, train, metro, ferry etc.)",Not applicable,Between 5km and 15 km,Three or more days per week,Yes,Average,"Yes, definitely",16.7,2.1,701,2590,41340516,1592098,14.7,1789.28,6199893248,No/Non-religious,Yes,Yes,pre-2010,25.0,18-29,1_Low,4,"Couple, no children",4,2
Italy,Lombardy,25,12,20,20,6,16,16.5,4,Man,Primary or Secondary education,Unemployed (actively seeking work or available to start work),3,Rural,No,Yes,No,No,Mother tongue / Very well,Very confident — I can do these tasks easily on my own,Citizen of this country,0,0,0,0,1,1,0,0,Yes,Petrol,I cannot afford a new car in the next 2-3 years,Not applicable,Not applicable,Not sure,Likely,"Car (private, company, leased car or taxi, car share)",Always,Between 1 km and 5 km,Never I mostly work from home,No,Poor,No difference,16.7,2.1,701,2590,41340516,1592098,14.7,1789.28,6199893248,No/Non-religious,Yes,No,2010-2019,34.0,30-44,1_Low,2,Multi-generational / extended,5,2
Italy,Lombardy,12,8,8,12,6,16,10.333333333333334,2,Man,Primary or Secondary education,"In paid employment or self-employment (including part-time work, temporary absence from work, or helping in a family business)",3,Rural,No,Yes,No,No,Well,Confident — I can do most tasks but sometimes need help,Citizen of this country,0,0,0,0,1,0,0,0,Yes,Hybrid (fuel and electric),I am considering to buy a new car in the next 2 -3 years,Hybrid (fuel and electric),"Yes, definitely",Yes,Likely,"Collective public transport (bus, tram, train, metro, ferry etc.)",Not applicable,Between 5km and 15 km,Three or more days per week,Yes,Average,Possibly,16.7,2.1,701,2590,41340516,1592098,14.7,1789.28,6199893248,No/Non-religious,Yes,Yes,2020+,28.0,18-29,2_Medium,5,Multi-generational / extended,4,2
Italy,Emilia-Romagna,12,15,10,25,16,16,15.666666666666666,4,Woman,"University degree or higher (e.g. Bachelor's, Master's, PhD)","In paid employment or self-employment (including part-time work, temporary absence from work, or helping in a family business)",3,Urban,No,No,No,No,Well,Very confident — I can do these tasks easily on my own,Citizen of this country,0,1,1,0,0,0,0,0,Yes,Diesel,I am considering to buy a new car in the next 2 -3 years,Petrol,No difference,No,Likely,"Car (private, company, leased car or taxi, car share)",Never,Between 1 km and 5 km,Three or more days per week,Yes,Poor,Possibly,16.7,2.1,701,2590,41340516,1592098,14.7,1789.28,6199893248,No/Non-religious,Yes,No,2020+,36.0,30-44,3_High,7,Couple with children,4,2
Spain,Community of Madrid,9,6,16,25,16,4,12.666666666666666,3,Man,Further education or training after school (not university),"In paid employment or self-employment (including part-time work, temporary absence from work, or helping in a family business)",3,Urban,No,No,No,No,Well,Very confident — I can do these tasks easily on my own,Citizen of this country,0,0,0,0,1,0,0,0,Yes,Petrol,I am not considering to buy a new car in the next 2 -3 years,Not applicable,Not applicable,Yes,Unlikely,"Car (private, company, leased car or taxi, car share)",Always,Between 5km and 15 km,Three or more days per week,No,Very poor,Possibly,16.1,2.9,544,5,26700972,1067172,13.0,1528.212325,14672504154,No/Non-religious,Yes,Yes,2020+,23.0,18-29,3_High,9,Multi-generational / extended,2,3
Spain,Community of Madrid,25,25,25,25,25,25,25.0,5,Man,"University degree or higher (e.g. Bachelor's, Master's, PhD)","Attending school, university, or other educational/training programmes",7,Urban,No,No,No,No,Mother tongue / Very well,Very confident — I can do these tasks easily on my own,Citizen of this country,0,0,1,0,1,0,1,0,Yes,Hybrid (fuel and electric),I cannot afford a new car in the next 2-3 years,Not applicable,Not applicable,Yes,Somewhat likely,"Car (private, company, leased car or taxi, car share)",Sometimes,More than 15 km,Once per week,Yes,Good,No difference,16.1,2.9,544,5,26700972,1067172,13.0,1528.212325,14672504154,No/Non-religious,Yes,Yes,2020+,26.0,18-29,2_Medium,7,Single parent,4,3
Spain,Community of Madrid,16,20,25,20,20,25,21.0,5,Man,"University degree or higher (e.g. Bachelor's, Master's, PhD)","In paid employment or self-employment (including part-time work, temporary absence from work, or helping in a family business)",2,Urban,No,No,No,No,Well,Very confident — I can do these tasks easily on my own,Citizen of this country,0,1,0,0,0,0,0,0,Yes,Petrol,I am not considering to buy a new car in the next 2 -3 years,Not applicable,Not applicable,Yes,Likely,"Collective public transport (bus, tram, train, metro, ferry etc.)",Not applicable,Between 5km and 15 km,Three or more days per week,Yes,Good,No difference,16.1,2.9,544,5,26700972,1067172,13.0,1528.212325,14672504154,No/Non-religious,Yes,Yes,2020+,29.0,18-29,2_Medium,9,"Couple, no children",4,1
Spain,Castile and León,20,20,20,12,25,25,20.333333333333332,5,Man,Primary or Secondary education,"Attending school, university, or other educational/training programmes",4,Urban,Prefer not to say,No,No,No,Well,Very confident — I can do these tasks easily on my own,Citizen of this country,0,0,1,0,0,0,1,0,No,Not applicable,I am considering to buy a new car in the next 2 -3 years,Hybrid (fuel and electric),"Yes, definitely",Not sure,Very likely,"Collective public transport (bus, tram, train, metro, ferry etc.)",Not applicable,Less than 1 km,Three or more days per week,Yes,Good,"Yes, definitely",16.1,2.9,544,5,26700972,1067172,13.0,1528.212325,14672504154,No/Non-religious,No,Yes,Not applicable,18.0,18-29,1_Low,4,Single parent,5,0
Italy,Sardinia,16,15,9,8,12,25,14.166666666666666,3,Woman,"University degree or higher (e.g. Bachelor's, Master's, PhD)","Attending school, university, or other educational/training programmes",4,Urban,No,No,Yes,No,Mother tongue / Very well,Very confident — I can do these tasks easily on my own,Citizen of this country,0,0,0,0,1,0,1,0,Yes,Petrol,I am not considering to buy a new car in the next 2 -3 years,Not applicable,Not applicable,Not sure,Likely,"Car (private, company, leased car or taxi, car share)",Sometimes,Between 1 km and 5 km,Three or more days per week,Yes,Good,Possibly,16.7,2.1,701,2590,41340516,1592098,14.7,1789.28,6199893248,No/Non-religious,Yes,Yes,2010-2019,22.0,18-29,2_Medium,5,Multi-generational / extended,4,2
Italy,Apulia,25,12,25,1,1,25,14.833333333333334,4,Woman,"University degree or higher (e.g. Bachelor's, Master's, PhD)","In paid employment or self-employment (including part-time work, temporary absence from work, or helping in a family business)",2,Rural,No,No,No,No,Not very well,Very confident — I can do these tasks easily on my own,Citizen of this country,0,1,0,0,0,0,0,0,Yes,Diesel,I am considering to buy a new car in the next 2 -3 years,Hybrid (fuel and electric),"Yes, definitely",Not sure,Somewhat likely,"Car (private, company, leased car or taxi, car share)",Always,Between 5km and 15 km,Three or more days per week,No,Very poor,"Yes, definitely",16.7,2.1,701,2590,41340516,1592098,14.7,1789.28,6199893248,No/Non-religious,Yes,Yes,2010-2019,35.0,30-44,3_High,1,"Couple, no children",4,4
Spain,Community of Madrid,16,8,15,20,16,6,13.5,3,Man,Further education or training after school (not university),"In paid employment or self-employment (including part-time work, temporary absence from work, or helping in a family business)",4,Urban,No,Yes,No,No,Well,Very confident — I can do these tasks easily on my own,Citizen of this country,0,1,1,0,0,0,0,0,Yes,Hybrid (fuel and electric),I am not considering to buy a new car in the next 2 -3 years,Not applicable,Not applicable,No,Likely,"Car (private, company, leased car or taxi, car share)",Sometimes,Between 1 km and 5 km,Twice per week,Yes,Average,No difference,16.1,2.9,544,5,26700972,1067172,13.0,1528.212325,14672504154,No/Non-religious,Yes,Yes,2020+,36.0,30-44,1_Low,7,Couple with children,4,2
Spain,Aragon,20,10,15,5,2,1,8.833333333333334,2,Man,Further education or training after school (not university),Unemployed (actively seeking work or available to start work),4,Urban,No,Yes,No,No,Well,Very confident — I can do these tasks easily on my own,Citizen of this country,0,0,0,0,0,0,1,0,Yes,Petrol,I am not considering to buy a new car in the next 2 -3 years,Not applicable,Not applicable,Not sure,Unlikely,"Collective public transport (bus, tram, train, metro, ferry etc.)",Not applicable,Between 1 km and 5 km,Never I mostly work from home,Yes,Good,No difference,16.1,2.9,544,5,26700972,1067172,13.0,1528.212325,14672504154,No/Non-religious,No,Yes,2010-2019,24.0,18-29,2_Medium,4,Multi-generational / extended,3,1
Italy,Lazio,15,15,15,20,12,15,15.333333333333334,4,Man,"University degree or higher (e.g. Bachelor's, Master's, PhD)","In paid employment or self-employment (including part-time work, temporary absence from work, or helping in a family business)",2,Urban,No,No,No,No,Mother tongue / Very well,Very confident — I can do these tasks easily on my own,Citizen of this country,0,1,0,0,0,0,0,0,No,Not applicable,I am considering to buy a new car in the next 2 -3 years,Hybrid (fuel and electric),"Yes, definitely",Yes,Very likely,"Collective public transport (bus, tram, train, metro, ferry etc.)",Not applicable,Between 1 km and 5 km,Three or more days per week,Yes,Average,"Yes, definitely",16.7,2.1,701,2590,41340516,1592098,14.7,1789.28,6199893248,No/Non-religious,Yes,Yes,Not applicable,32.0,30-44,1_Low,7,"Couple, no children",5,0
Italy,Campania,12,10,15,20,25,12,15.666666666666666,4,Man,"University degree or higher (e.g. Bachelor's, Master's, PhD)","Attending school, university, or other educational/training programmes",3,Urban,No,No,No,No,Well,Very confident — I can do these tasks easily on my own,Citizen of this country,0,0,0,0,1,0,0,0,Yes,Diesel,I am not considering to buy a new car in the next 2 -3 years,Not applicable,Not applicable,Yes,Unlikely,"Car (private, company, leased car or taxi, car share)",Always,Between 1 km and 5 km,Three or more days per week,Yes,Poor,Possibly,16.7,2.1,701,2590,41340516,1592098,14.7,1789.28,6199893248,No/Non-religious,Yes,Yes,2010-2019,23.0,18-29,1_Low,6,Multi-generational / extended,2,2
Italy,Lombardy,5,1,4,15,1,25,8.5,1,Man,"University degree or higher (e.g. Bachelor's, Master's, PhD)","In paid employment or self-employment (including part-time work, temporary absence from work, or helping in a family business)",2,Urban,No,No,No,No,Mother tongue / Very well,Very confident — I can do these tasks easily on my own,Citizen of this country,0,1,0,0,0,0,0,0,Yes,Petrol,I cannot afford a new car in the next 2-3 years,Not applicable,Not applicable,Not sure,Likely,"Collective public transport (bus, tram, train, metro, ferry etc.)",Not applicable,Between 1 km and 5 km,Once per week,Yes,Very good,No difference,16.7,2.1,701,2590,41340516,1592098,14.7,1789.28,6199893248,No/Non-religious,Yes,Yes,2010-2019,31.0,30-44,3_High,8,"Couple, no children",4,1
Italy,Tuscany,9,4,4,9,4,9,6.5,1,Man,Primary or Secondary education,"In paid employment or self-employment (including part-time work, temporary absence from work, or helping in a family business)",4,Urban,No,No,No,No,Well,Very confident — I can do these tasks easily on my own,Citizen of this country,0,1,1,0,0,0,0,0,Yes,Hybrid (fuel and electric),I am not considering to buy a new car in the next 2 -3 years,Not applicable,Not applicable,Yes,Very unlikely,"Car (private, company, leased car or taxi, car share)",Sometimes,Between 5km and 15 km,Three or more days per week,No,Poor,No difference,16.7,2.1,701,2590,41340516,1592098,14.7,1789.28,6199893248,No/Non-religious,Yes,Yes,2020+,41.0,30-44,2_Medium,6,Couple with children,1,2
Italy,Piedmont,16,6,20,4,4,9,9.833333333333334,2,Man,Further education or training after school (not university),"In paid employment or self-employment (including part-time work, temporary absence from work, or helping in a family business)",2,Rural,No,No,No,No,Mother tongue / Very well,Very confident — I can do these tasks easily on my own,Citizen of this country,0,1,0,0,0,0,0,0,Yes,Other or unknown,I am not considering to buy a new car in the next 2 -3 years,Not applicable,Not applicable,Yes,Very likely,"Car (private, company, leased car or taxi, car share)",Sometimes,Between 5km and 15 km,Three or more days per week,No,Poor,Possibly,16.7,2.1,701,2590,41340516,1592098,14.7,1789.28,6199893248,No/Non-religious,Yes,Yes,2020+,35.0,30-44,2_Medium,6,"Couple, no children",4,2
Italy,Emilia-Romagna,12,15,20,12,12,9,13.333333333333334,3,Man,"University degree or higher (e.g. Bachelor's, Master's, PhD)","In paid employment or self-employment (including part-time work, temporary absence from work, or helping in a family business)",5,Suburban,No,No,No,No,Well,Very confident — I can do these tasks easily on my own,Citizen of this country,0,1,1,0,0,0,0,0,Yes,Petrol,I am not considering to buy a new car in the next 2 -3 years,Not applicable,Not applicable,No,Somewhat likely,"Car (private, company, leased car or taxi, car share)",Always,More than 15 km,Three or more days per week,No,Average,No difference,16.7,2.1,701,2590,41340516,1592098,14.7,1789.28,6199893248,No/Non-religious,Yes,Yes,2020+,42.0,30-44,2_Medium,7,Couple with children,3,1
Spain,Balearic Islands,12,4,16,8,8,4,8.666666666666666,1,Woman,"University degree or higher (e.g. Bachelor's, Master's, PhD)","In paid employment or self-employment (including part-time work, temporary absence from work, or helping in a family business)",2,Rural,No,No,No,No,Mother tongue / Very well,Very confident — I can do these tasks easily on my own,Citizen of this country,0,1,0,0,0,0,0,0,Yes,Petrol,I am not considering to buy a new car in the next 2 -3 years,Not applicable,Not applicable,Not sure,Somewhat likely,Walking,Not applicable,Between 1 km and 5 km,Twice per week,Yes,Average,No difference,16.1,2.9,544,5,26700972,1067172,13.0,1528.212325,14672504154,No/Non-religious,Yes,No,2020+,29.0,18-29,3_High,4,"Couple, no children",3,3
Italy,Lazio,20,12,20,9,16,9,14.333333333333334,4,Woman,"University degree or higher (e.g. Bachelor's, Master's, PhD)","In paid employment or self-employment (including part-time work, temporary absence from work, or helping in a family business)",4,Rural,No,No,No,No,Well,Very confident — I can do these tasks easily on my own,Citizen of this country,0,1,1,0,0,0,0,0,Yes,Petrol,I am not considering to buy a new car in the next 2 -3 years,Not applicable,Not applicable,No,Very unlikely,"Car (private, company, leased car or taxi, car share)",Always,More than 15 km,Three or more days per week,No,Very poor,Possibly,16.7,2.1,701,2590,41340516,1592098,14.7,1789.28,6199893248,No/Non-religious,Yes,Yes,2020+,37.0,30-44,2_Medium,5,Couple with children,1,2
Italy,Lombardy,12,12,8,4,4,20,10.0,2,Woman,"University degree or higher (e.g. Bachelor's, Master's, PhD)","In paid employment or self-employment (including part-time work, temporary absence from work, or helping in a family business)",5,Urban,Yes,No,No,No,Well,Very confident — I can do these tasks easily on my own,EU citizen from another country,0,0,0,0,0,0,1,1,Yes,Petrol,I am not considering to buy a new car in the next 2 -3 years,Not applicable,Not applicable,Yes,Likely,"Collective public transport (bus, tram, train, metro, ferry etc.)",Not applicable,Between 1 km and 5 km,Once per week,Yes,Average,Possibly,16.7,2.1,701,2590,41340516,1592098,14.7,1789.28,6199893248,No/Non-religious,No,No,2010-2019,28.0,18-29,1_Low,3,Multi-generational / extended,3,1
Italy,Lombardy,12,1,2,12,4,10,6.833333333333333,1,Woman,"University degree or higher (e.g. Bachelor's, Master's, PhD)","In paid employment or self-employment (including part-time work, temporary absence from work, or helping in a family business)",3,Urban,No,No,No,Prefer not to say,Mother tongue / Very well,Very confident — I can do these tasks easily on my own,Citizen of this country,0,1,1,0,0,0,0,0,No,Not applicable,I am not considering to buy a new car in the next 2 -3 years,Not applicable,Not applicable,Yes,Somewhat likely,"Collective public transport (bus, tram, train, metro, ferry etc.)",Not applicable,More than 15 km,Three or more days per week,Yes,Average,No difference,16.7,2.1,701,2590,41340516,1592098,14.7,1789.28,6199893248,No/Non-religious,Yes,Yes,Not applicable,42.0,30-44,3_High,9,Couple with children,3,0
Italy,Campania,10,4,6,10,8,15,8.833333333333334,2,Woman,"University degree or higher (e.g. Bachelor's, Master's, PhD)","In paid employment or self-employment (including part-time work, temporary absence from work, or helping in a family business)",3,Rural,No,No,No,No,Mother tongue / Very well,Very confident — I can do these tasks easily on my own,Citizen of this country,0,1,1,0,0,0,0,0,Yes,Petrol,I am considering to buy a new car in the next 2 -3 years,Petrol,Maybe,Yes,Somewhat likely,"Car (private, company, leased car or taxi, car share)",Sometimes,Between 5km and 15 km,Never I mostly work from home,"No, I am working/studying full-time from home and do not commute",Poor,Possibly,16.7,2.1,701,2590,41340516,1592098,14.7,1789.28,6199893248,No/Non-religious,No,Yes,pre-2010,35.0,30-44,2_Medium,5,Couple with children,3,2
Spain,Valencian Community,16,15,16,15,8,9,13.166666666666666,3,Woman,"University degree or higher (e.g. Bachelor's, Master's, PhD)","In paid employment or self-employment (including part-time work, temporary absence from work, or helping in a family business)",2,Urban,Yes,No,No,No,Mother tongue / Very well,Very confident — I can do these tasks easily on my own,Citizen of this country,0,1,0,0,0,0,0,0,Yes,Petrol,I am not considering to buy a new car in the next 2 -3 years,Not applicable,Not applicable,Yes,Somewhat likely,"Car (private, company, leased car or taxi, car share)",Sometimes,More than 15 km,Three or more days per week,Yes,Very poor,Possibly,16.1,2.9,544,5,26700972,1067172,13.0,1528.212325,14672504154,No/Non-religious,No,Yes,2020+,27.0,18-29,2_Medium,7,"Couple, no children",3,1
Italy,Sicily,20,3,20,20,2,2,11.166666666666666,2,Woman,"University degree or higher (e.g. Bachelor's, Master's, PhD)","In paid employment or self-employment (including part-time work, temporary absence from work, or helping in a family business)",3,Urban,No,No,No,No,Not very well,Very confident — I can do these tasks easily on my own,Citizen of this country,0,0,0,0,1,0,0,0,No,Not applicable,I am not considering to buy a new car in the next 2 -3 years,Not applicable,Not applicable,Yes,Very unlikely,Walking,Not applicable,Between 1 km and 5 km,Three or more days per week,Yes,Poor,"Yes, definitely",16.7,2.1,701,2590,41340516,1592098,14.7,1789.28,6199893248,No/Non-religious,Yes,Yes,Not applicable,32.0,30-44,1_Low,8,Multi-generational / extended,3,0
Italy,Emilia-Romagna,16,16,16,16,9,16,14.833333333333334,4,Woman,"University degree or higher (e.g. Bachelor's, Master's, PhD)","Attending school, university, or other educational/training programmes",2,Urban,No,No,No,No,Mother tongue / Very well,Very confident — I can do these tasks easily on my own,Non-EU citizen,0,1,0,0,0,0,0,0,Yes,Petrol,I am considering to buy a new car in the next 2 -3 years,Petrol,Maybe,Not sure,Likely,Bicycle (including electric bicycle or electric scooter),Not applicable,Between 1 km and 5 km,Three or more days per week,Yes,Very good,No difference,16.7,2.1,701,2590,41340516,1592098,14.7,1789.28,6199893248,No/Non-religious,No,No,2010-2019,27.0,18-29,1_Low,6,"Couple, no children",4,1
Italy,Calabria,12,16,15,12,16,8,13.166666666666666,3,Woman,Primary or Secondary education,"Attending school, university, or other educational/training programmes",3,Urban,No,No,No,No,Well,Confident — I can do most tasks but sometimes need help,Citizen of this country,0,0,0,0,1,0,0,0,Yes,Petrol,I am considering to buy a new car in the next 2 -3 years,Hybrid (fuel and electric),"Yes, definitely",Not sure,Somewhat likely,"Car (private, company, leased car or taxi, car share)",Always,Between 5km and 15 km,Three or more days per week,No,Poor,"Yes, definitely",16.7,2.1,701,2590,41340516,1592098,14.7,1789.28,6199893248,No/Non-religious,Yes,No,2010-2019,20.0,18-29,2_Medium,2,Multi-generational / extended,4,2
Italy,Lazio,16,16,16,15,16,15,15.666666666666666,4,Woman,"University degree or higher (e.g. Bachelor's, Master's, PhD)","In paid employment or self-employment (including part-time work, temporary absence from work, or helping in a family business)",3,Urban,No,No,Prefer not to say,Prefer not to say,Well,Confident — I can do most tasks but sometimes need help,Citizen of this country,0,0,0,0,1,0,0,0,Yes,Diesel,I am not considering to buy a new car in the next 2 -3 years,Not applicable,Not applicable,Not sure,Somewhat likely,"Collective public transport (bus, tram, train, metro, ferry etc.)",Not applicable,Between 5km and 15 km,Three or more days per week,No,Average,Possibly,16.7,2.1,701,2590,41340516,1592098,14.7,1789.28,6199893248,No/Non-religious,Yes,Yes,2020+,24.0,18-29,3_High,2,Multi-generational / extended,4,1
Italy,Lombardy,25,9,25,25,25,16,20.833333333333332,5,Woman,"University degree or higher (e.g. Bachelor's, Master's, PhD)","In paid employment or self-employment (including part-time work, temporary absence from work, or helping in a family business)",1,Urban,No,No,No,No,Mother tongue / Very well,Very confident — I can do these tasks easily on my own,Citizen of this country,1,0,0,0,0,0,0,0,Yes,Hybrid (fuel and electric),I am not considering to buy a new car in the next 2 -3 years,Not applicable,Not applicable,Yes,Very likely,"Car (private, company, leased car or taxi, car share)",Always,Between 1 km and 5 km,Three or more days per week,Yes,Very good,"Yes, definitely",16.7,2.1,701,2590,41340516,1592098,14.7,1789.28,6199893248,No/Non-religious,Yes,Yes,2020+,28.0,18-29,2_Medium,4,Lives alone,5,1
Italy,Lombardy,25,25,25,25,25,25,25.0,5,Woman,"University degree or higher (e.g. Bachelor's, Master's, PhD)","In paid employment or self-employment (including part-time work, temporary absence from work, or helping in a family business)",2,Urban,No,No,No,No,Well,Very confident — I can do these tasks easily on my own,Citizen of this country,0,1,0,0,0,0,0,0,Yes,Hybrid (fuel and electric),I am not considering to buy a new car in the next 2 -3 years,Not applicable,Not applicable,No,Likely,"Car (private, company, leased car or taxi, car share)",Always,Between 5km and 15 km,Three or more days per week,No,Poor,"Yes, definitely",16.7,2.1,701,2590,41340516,1592098,14.7,1789.28,6199893248,No/Non-religious,Yes,Yes,2020+,42.0,30-44,3_High,5,"Couple, no children",3,2
Italy,Veneto,4,12,20,12,16,12,12.666666666666666,3,Woman,"University degree or higher (e.g. Bachelor's, Master's, PhD)","In paid employment or self-employment (including part-time work, temporary absence from work, or helping in a family business)",4,Rural,No,No,No,No,Mother tongue / Very well,Very confident — I can do these tasks easily on my own,Citizen of this country,0,0,0,0,1,0,1,0,No,Not applicable,I am not considering to buy a new car in the next 2 -3 years,Not applicable,Not applicable,Not sure,Somewhat unlikely,"Car (private, company, leased car or taxi, car share)",Sometimes,Between 1 km and 5 km,Three or more days per week,Yes,Average,Possibly,16.7,2.1,701,2590,41340516,1592098,14.7,1789.28,6199893248,No/Non-religious,Yes,Yes,Not applicable,28.0,18-29,2_Medium,2,Multi-generational / extended,4,0
Italy,Lazio,9,6,12,9,9,9,9.0,2,Woman,"University degree or higher (e.g. Bachelor's, Master's, PhD)","In paid employment or self-employment (including part-time work, temporary absence from work, or helping in a family business)",2,Suburban,No,No,No,Prefer not to say,Not very well,Confident — I can do most tasks but sometimes need help,Citizen of this country,0,1,0,0,0,0,0,0,Yes,Hybrid (fuel and electric),I am considering to buy a new car in the next 2 -3 years,Hybrid (fuel and electric),Maybe,Not sure,Somewhat likely,"Car (private, company, leased car or taxi, car share)",Always,Between 5km and 15 km,Three or more days per week,No,Poor,Possibly,16.7,2.1,701,2590,41340516,1592098,14.7,1789.28,6199893248,No/Non-religious,Yes,Yes,2020+,31.0,30-44,3_High,4,"Couple, no children",3,2
Italy,Lombardy,25,12,8,4,8,4,10.166666666666666,2,Woman,"University degree or higher (e.g. Bachelor's, Master's, PhD)","In paid employment or self-employment (including part-time work, temporary absence from work, or helping in a family business)",4,Urban,No,No,Yes,Prefer not to say,Well,Very confident — I can do these tasks easily on my own,Citizen of this country,0,0,0,0,1,0,1,0,Yes,Hybrid (fuel and electric),I am considering to buy a new car in the next 2 -3 years,Hybrid (fuel and electric),"Yes, definitely",Not sure,Very likely,"Collective public transport (bus, tram, train, metro, ferry etc.)",Not applicable,More than 15 km,Three or more days per week,Yes,Good,Possibly,16.7,2.1,701,2590,41340516,1592098,14.7,1789.28,6199893248,No/Non-religious,Yes,Yes,2020+,24.0,18-29,2_Medium,5,Multi-generational / extended,5,3
Spain,Canary Islands,16,16,16,16,9,9,13.666666666666666,3,Woman,"University degree or higher (e.g. Bachelor's, Master's, PhD)","In paid employment or self-employment (including part-time work, temporary absence from work, or helping in a family business)",4,Urban,No,No,No,No,Mother tongue / Very well,Very confident — I can do these tasks easily on my own,Citizen of this country,0,1,1,0,0,0,0,0,Yes,Petrol,I am considering to buy a new car in the next 2 -3 years,Petrol,Maybe,Not sure,Somewhat likely,"Car (private, company, leased car or taxi, car share)",Never,Between 5km and 15 km,Three or more days per week,Yes,Average,No difference,16.1,2.9,544,5,26700972,1067172,13.0,1528.212325,14672504154,Yes,Yes,Yes,2010-2019,39.0,30-44,3_High,6,Couple with children,3,1
Italy,Apulia,16,6,3,4,6,8,7.166666666666667,1,Non-binary,Primary or Secondary education,Unemployed (actively seeking work or available to start work),3,Suburban,No,No,Prefer not to say,No,Well,Very confident — I can do these tasks easily on my own,Citizen of this country,0,0,0,0,1,0,0,0,No,Not applicable,I am considering to buy a new car in the next 2 -3 years,Petrol,"Yes, definitely",Yes,Unlikely,"Collective public transport (bus, tram, train, metro, ferry etc.)",Not applicable,Between 1 km and 5 km,Three or more days per week,Yes,Good,"Yes, definitely",16.7,2.1,701,2590,41340516,1592098,14.7,1789.28,6199893248,No/Non-religious,Yes,Yes,Not applicable,24.0,18-29,2_Medium,4,Multi-generational / extended,4,0
Italy,Friuli-Venezia Giulia,16,16,16,6,12,4,11.666666666666666,3,Man,"University degree or higher (e.g. Bachelor's, Master's, PhD)","In paid employment or self-employment (including part-time work, temporary absence from work, or helping in a family business)",3,Urban,No,No,No,No,Not very well,Very confident — I can do these tasks easily on my own,Citizen of this country,0,0,0,0,1,0,0,0,Yes,Petrol,I am not considering to buy a new car in the next 2 -3 years,Not applicable,Not applicable,Yes,Unlikely,"Car (private, company, leased car or taxi, car share)",Always,Between 5km and 15 km,Three or more days per week,No,Average,"Yes, definitely",16.7,2.1,701,2590,41340516,1592098,14.7,1789.28,6199893248,No/Non-religious,Yes,Yes,2020+,29.0,18-29,2_Medium,4,Multi-generational / extended,5,2
Italy,Piedmont,16,16,9,16,9,8,12.333333333333334,3,Man,Primary or Secondary education,Other,2,Rural,No,No,No,No,Well,Very confident — I can do these tasks easily on my own,Citizen of this country,0,1,0,0,0,0,0,0,Yes,Hybrid (fuel and electric),I am not considering to buy a new car in the next 2 -3 years,Not applicable,Not applicable,Yes,Somewhat unlikely,"Car (private, company, leased car or taxi, car share)",Always,More than 15 km,Three or more days per week,No,Average,No difference,16.7,2.1,701,2590,41340516,1592098,14.7,1789.28,6199893248,No/Non-religious,Yes,No,2020+,35.0,30-44,3_High,4,"Couple, no children",4,2
Italy,Sicily,20,16,4,20,4,9,12.166666666666666,3,Man,"University degree or higher (e.g. Bachelor's, Master's, PhD)","In paid employment or self-employment (including part-time work, temporary absence from work, or helping in a family business)",2,Urban,No,No,No,No,Well,Very confident — I can do these tasks easily on my own,Citizen of this country,0,1,0,0,0,0,0,0,Yes,Diesel,I am considering to buy a new car in the next 2 -3 years,Hybrid (fuel and electric),"Yes, definitely",Yes,Likely,"Car (private, company, leased car or taxi, car share)",Sometimes,Between 5km and 15 km,Once per week,No,Average,No difference,16.7,2.1,701,2590,41340516,1592098,14.7,1789.28,6199893248,No/Non-religious,Yes,Yes,2020+,29.0,18-29,2_Medium,5,"Couple, no children",4,2
Italy,Lombardy,16,4,16,16,3,20,12.5,3,Man,Primary or Secondary education,"Attending school, university, or other educational/training programmes",4,Rural,Prefer not to say,No,No,Yes,Well,Very confident — I can do these tasks easily on my own,Citizen of this country,0,0,0,0,1,0,1,0,Yes,Petrol,I am considering to buy a new car in the next 2 -3 years,Hybrid (fuel and electric),"Yes, definitely",No,Somewhat likely,"Car (private, company, leased car or taxi, car share)",Sometimes,More than 15 km,Once per week,No,Very poor,"Yes, definitely",16.7,2.1,701,2590,41340516,1592098,14.7,1789.28,6199893248,No/Non-religious,Yes,Yes,pre-2010,25.0,18-29,2_Medium,2,Multi-generational / extended,3,1
Spain,Asturias,8,10,5,5,5,9,7.0,1,Man,"University degree or higher (e.g. Bachelor's, Master's, PhD)","In paid employment or self-employment (including part-time work, temporary absence from work, or helping in a family business)",1,Rural,No,No,No,Prefer not to say,Well,Very confident — I can do these tasks easily on my own,Citizen of this country,0,0,0,0,1,0,0,0,Yes,Petrol,I am not considering to buy a new car in the next 2 -3 years,Not applicable,Not applicable,Yes,Very likely,"Collective public transport (bus, tram, train, metro, ferry etc.)",Not applicable,More than 15 km,Three or more days per week,Yes,Average,"Yes, definitely",16.1,2.9,544,5,26700972,1067172,13.0,1528.212325,14672504154,No/Non-religious,Yes,Yes,2020+,40.0,30-44,2_Medium,3,Multi-generational / extended,5,2
Italy,Lombardy,16,25,25,25,25,16,22.0,5,Non-binary,Further education or training after school (not university),"In paid employment or self-employment (including part-time work, temporary absence from work, or helping in a family business)",2,Suburban,No,Yes,Yes,Yes,Well,Very confident — I can do these tasks easily on my own,Citizen of this country,0,0,0,0,0,0,1,0,Yes,Other or unknown,I am considering to buy a new car in the next 2 -3 years,Petrol,"Yes, definitely",Not sure,Somewhat likely,"Car (private, company, leased car or taxi, car share)",Sometimes,Between 5km and 15 km,Never I mostly work from home,"No, I am working/studying full-time from home and do not commute",Good,No difference,16.7,2.1,701,2590,41340516,1592098,14.7,1789.28,6199893248,No/Non-religious,Yes,Yes,2020+,41.0,30-44,2_Medium,2,Multi-generational / extended,4,1
Spain,Ceuta,20,10,20,2,2,25,13.166666666666666,3,Man,Primary or Secondary education,"Attending school, university, or other educational/training programmes",3,Urban,Yes,No,Yes,No,Mother tongue / Very well,Very confident — I can do these tasks easily on my own,Citizen of this country,0,0,1,0,1,0,0,0,Yes,Diesel,I cannot afford a new car in the next 2-3 years,Not applicable,Not applicable,Not sure,Very likely,"Car (private, company, leased car or taxi, car share)",Sometimes,Between 5km and 15 km,Once per week,Yes,Average,No difference,16.1,2.9,544,5,26700972,1067172,13.0,1528.212325,14672504154,Yes,Yes,Yes,pre-2010,21.0,18-29,1_Low,2,Single parent,5,1
Spain,Valencian Community,15,12,12,9,1,9,9.666666666666666,2,Man,Further education or training after school (not university),"In paid employment or self-employment (including part-time work, temporary absence from work, or helping in a family business)",2,Urban,No,No,No,No,Mother tongue / Very well,Very confident — I can do these tasks easily on my own,Citizen of this country,0,1,0,0,0,0,0,0,Yes,Petrol,I am considering to buy a new car in the next 2 -3 years,I don't know,"Yes, definitely",Not sure,Somewhat likely,Walking,Not applicable,Less than 1 km,Twice per week,Yes,Average,"Yes, definitely",16.1,2.9,544,5,26700972,1067172,13.0,1528.212325,14672504154,No/Non-religious,Yes,Yes,2010-2019,40.0,30-44,1_Low,3,"Couple, no children",3,1
Italy,Marche,16,8,20,6,4,16,11.666666666666666,3,Man,"University degree or higher (e.g. Bachelor's, Master's, PhD)","In paid employment or self-employment (including part-time work, temporary absence from work, or helping in a family business)",1,Urban,No,No,No,No,Well,Very confident — I can do these tasks easily on my own,Citizen of this country,1,0,0,0,0,0,0,0,Yes,Petrol,I am not considering to buy a new car in the next 2 -3 years,Not applicable,Not applicable,No,Likely,"Car (private, company, leased car or taxi, car share)",Sometimes,Between 1 km and 5 km,Three or more days per week,Yes,Very poor,No difference,16.7,2.1,701,2590,41340516,1592098,14.7,1789.28,6199893248,No/Non-religious,Yes,Yes,2020+,45.0,45-59,3_High,5,Lives alone,4,1
Italy,Sardinia,12,9,2,4,1,4,5.333333333333333,1,Man,"University degree or higher (e.g. Bachelor's, Master's, PhD)","In paid employment or self-employment (including part-time work, temporary absence from work, or helping in a family business)",1,Urban,No,No,Yes,Yes,Mother tongue / Very well,Very confident — I can do these tasks easily on my own,Citizen of this country,1,0,0,0,0,0,0,0,Yes,Petrol,I am not considering to buy a new car in the next 2 -3 years,Not applicable,Not applicable,Not sure,Somewhat likely,Walking,Not applicable,Between 1 km and 5 km,Three or more days per week,Yes,Good,No difference,16.7,2.1,701,2590,41340516,1592098,14.7,1789.28,6199893248,No/Non-religious,Yes,Yes,2010-2019,38.0,30-44,1_Low,5,Lives alone,3,1
Spain,Andalusia,4,3,3,2,1,10,3.8333333333333335,1,Man,Primary or Secondary education,Unemployed (actively seeking work or available to start work),3,Urban,No,No,No,No,Well,Very confident — I can do these tasks easily on my own,Citizen of this country,0,0,0,0,0,0,0,1,No,Not applicable,I am not considering to buy a new car in the next 2 -3 years,Not applicable,Not applicable,Not sure,Very unlikely,Walking,Not applicable,Less than 1 km,Never I mostly work from home,"No, I am working/studying full-time from home and do not commute",Poor,No difference,16.1,2.9,544,5,26700972,1067172,13.0,1528.212325,14672504154,No/Non-religious,Yes,Yes,Not applicable,38.0,30-44,1_Low,1,Other shared,3,0
Spain,Community of Madrid,20,12,20,25,8,25,18.333333333333332,5,Man,"University degree or higher (e.g. Bachelor's, Master's, PhD)",Unemployed (actively seeking work or available to start work),3,Urban,No,No,Yes,No,Well,Confident — I can do most tasks but sometimes need help,Citizen of this country,0,0,0,0,1,0,0,0,No,Not applicable,I cannot afford a new car in the next 2-3 years,Not applicable,Not applicable,Not sure,Somewhat likely,"Collective public transport (bus, tram, train, metro, ferry etc.)",Not applicable,Between 1 km and 5 km,Three or more days per week,No,Good,No difference,16.1,2.9,544,5,26700972,1067172,13.0,1528.212325,14672504154,No/Non-religious,Yes,Yes,Not applicable,32.0,30-44,2_Medium,1,Multi-generational / extended,3,0
Spain,Community of Madrid,9,4,6,16,1,1,6.166666666666667,1,Man,"University degree or higher (e.g. Bachelor's, Master's, PhD)","In paid employment or self-employment (including part-time work, temporary absence from work, or helping in a family business)",2,Urban,No,No,No,No,Well,Very confident — I can do these tasks easily on my own,Citizen of this country,0,1,0,0,0,0,0,0,Yes,Hybrid (fuel and electric),I am considering to buy a new car in the next 2 -3 years,Hybrid (fuel and electric),Maybe,Yes,Very unlikely,"Car (private, company, leased car or taxi, car share)",Always,More than 15 km,Three or more days per week,No,Very good,No difference,16.1,2.9,544,5,26700972,1067172,13.0,1528.212325,14672504154,No/Non-religious,Yes,Yes,2020+,31.0,30-44,3_High,7,"Couple, no children",3,2
Spain,Valencian Community,20,20,16,9,9,12,14.333333333333334,4,Woman,"University degree or higher (e.g. Bachelor's, Master's, PhD)","In paid employment or self-employment (including part-time work, temporary absence from work, or helping in a family business)",3,Suburban,No,No,Yes,No,Well,Very confident — I can do these tasks easily on my own,Non-EU citizen,0,1,1,0,0,0,0,0,Yes,Petrol,I am considering to buy a new car in the next 2 -3 years,Electric,Not applicable,Yes,Very likely,"Car (private, company, leased car or taxi, car share)",Always,Between 5km and 15 km,Three or more days per week,No,Very poor,"Yes, definitely",16.1,2.9,544,5,26700972,1067172,13.0,1528.212325,14672504154,No/Non-religious,No,No,2020+,,60+,3_High,3,Couple with children,4,1
Spain,Catalonia,15,5,20,20,10,10,13.333333333333334,3,Woman,"University degree or higher (e.g. Bachelor's, Master's, PhD)",Other,2,Urban,No,Yes,No,No,Well,Very confident — I can do these tasks easily on my own,Citizen of this country,0,0,0,0,1,1,0,0,Yes,Petrol,I am considering to buy a new car in the next 2 -3 years,Electric,Not applicable,Yes,Likely,"Car (private, company, leased car or taxi, car share)",Sometimes,Between 1 km and 5 km,Never I mostly work from home,"No, I am working/studying full-time from home and do not commute",Good,No difference,16.1,2.9,544,5,26700972,1067172,13.0,1528.212325,14672504154,No/Non-religious,Yes,No,pre-2010,62.0,60+,2_Medium,1,Multi-generational / extended,4,1
Italy,Lazio,12,8,9,8,4,16,9.5,2,Man,Primary or Secondary education,"In paid employment or self-employment (including part-time work, temporary absence from work, or helping in a family business)",2,Urban,No,No,No,No,Well,Very confident — I can do these tasks easily on my own,Citizen of this country,0,1,0,0,0,0,0,0,Yes,Hybrid (fuel and electric),I am considering to buy a new car in the next 2 -3 years,Hybrid (fuel and electric),"Yes, definitely",Yes,Somewhat likely,"Collective public transport (bus, tram, train, metro, ferry etc.)",Not applicable,Between 5km and 15 km,Three or more days per week,Yes,Very good,No difference,16.7,2.1,701,2590,41340516,1592098,14.7,1789.28,6199893248,No/Non-religious,Yes,Yes,2020+,41.0,30-44,2_Medium,4,"Couple, no children",4,1
Spain,Community of Madrid,16,8,12,1,1,1,6.5,1,Woman,"University degree or higher (e.g. Bachelor's, Master's, PhD)","In paid employment or self-employment (including part-time work, temporary absence from work, or helping in a family business)",2,Urban,Yes,Yes,No,No,Mother tongue / Very well,Very confident — I can do these tasks easily on my own,Non-EU citizen,0,0,0,0,0,0,0,1,No,Not applicable,I am considering to buy a new car in the next 2 -3 years,Hybrid (fuel and electric),"Yes, definitely",Not sure,Very likely,"Collective public transport (bus, tram, train, metro, ferry etc.)",Not applicable,Between 1 km and 5 km,Never I mostly work from home,"No, I am working/studying full-time from home and do not commute",Very good,No difference,16.1,2.9,544,5,26700972,1067172,13.0,1528.212325,14672504154,No/Non-religious,No,No,Not applicable,28.0,18-29,1_Low,4,Other shared,4,0
Spain,Community of Madrid,9,16,16,12,9,12,12.333333333333334,3,Man,Further education or training after school (not university),"In paid employment or self-employment (including part-time work, temporary absence from work, or helping in a family business)",3,Urban,No,No,No,No,Not very well,Very confident — I can do these tasks easily on my own,Citizen of this country,0,1,1,0,0,0,0,0,Yes,Hybrid (fuel and electric),I am considering to buy a new car in the next 2 -3 years,Hybrid (fuel and electric),"Yes, definitely",Yes,Likely,"Car (private, company, leased car or taxi, car share)",Always,More than 15 km,Once per week,No,Poor,Possibly,16.1,2.9,544,5,26700972,1067172,13.0,1528.212325,14672504154,No/Non-religious,Yes,Yes,2020+,43.0,30-44,3_High,5,Couple with children,4,2
Spain,Valencian Community,15,8,16,20,20,8,14.5,4,Woman,"University degree or higher (e.g. Bachelor's, Master's, PhD)","In paid employment or self-employment (including part-time work, temporary absence from work, or helping in a family business)",3,Urban,No,No,No,No,Mother tongue / Very well,Very confident — I can do these tasks easily on my own,EU citizen from another country,0,0,0,0,0,0,1,0,Yes,Petrol,I am considering to buy a new car in the next 2 -3 years,Petrol,"Yes, definitely",Not sure,Somewhat likely,Walking,Not applicable,Less than 1 km,Three or more days per week,Yes,Average,No difference,16.1,2.9,544,5,26700972,1067172,13.0,1528.212325,14672504154,No/Non-religious,No,No,pre-2010,22.0,18-29,1_Low,4,Multi-generational / extended,3,2
Spain,Andalusia,25,12,20,20,12,12,16.833333333333332,4,Woman,Primary or Secondary education,"Attending school, university, or other educational/training programmes",3,Urban,No,No,No,No,Mother tongue / Very well,Very confident — I can do these tasks easily on my own,Citizen of this country,0,0,0,0,0,0,0,1,Yes,Diesel,I cannot afford a new car in the next 2-3 years,Not applicable,Not applicable,No,Somewhat likely,"Car (private, company, leased car or taxi, car share)",Sometimes,Between 5km and 15 km,Three or more days per week,Yes,Average,No difference,16.1,2.9,544,5,26700972,1067172,13.0,1528.212325,14672504154,No/Non-religious,Yes,Yes,2010-2019,21.0,18-29,2_Medium,2,Other shared,4,1
Spain,Extremadura,16,8,16,10,12,15,12.833333333333334,3,Man,Further education or training after school (not university),"In paid employment or self-employment (including part-time work, temporary absence from work, or helping in a family business)",4,Urban,No,No,No,No,Well,Very confident — I can do these tasks easily on my own,Citizen of this country,0,0,0,0,1,0,1,0,Yes,Hybrid (fuel and electric),I am considering to buy a new car in the next 2 -3 years,Electric,Not applicable,Yes,Very likely,Walking,Not applicable,Between 1 km and 5 km,Three or more days per week,Yes,Average,No difference,16.1,2.9,544,5,26700972,1067172,13.0,1528.212325,14672504154,No/Non-religious,Yes,Yes,2020+,32.0,30-44,1_Low,3,Multi-generational / extended,5,2
Spain,Catalonia,25,9,25,20,4,20,17.166666666666668,5,Woman,Primary or Secondary education,"In paid employment or self-employment (including part-time work, temporary absence from work, or helping in a family business)",2,Urban,Yes,Yes,No,No,Mother tongue / Very well,Very confident — I can do these tasks easily on my own,EU citizen from another country,0,0,0,0,0,0,1,0,No,Not applicable,I am not considering to buy a new car in the next 2 -3 years,Not applicable,Not applicable,Not sure,Very unlikely,Bicycle (including electric bicycle or electric scooter),Not applicable,Less than 1 km,Never I mostly work from home,Yes,Average,No difference,16.1,2.9,544,5,26700972,1067172,13.0,1528.212325,14672504154,No/Non-religious,No,Yes,Not applicable,31.0,30-44,1_Low,5,Multi-generational / extended,3,0
Spain,Galicia,25,16,25,25,4,25,20.0,5,Woman,"University degree or higher (e.g. Bachelor's, Master's, PhD)","In paid employment or self-employment (including part-time work, temporary absence from work, or helping in a family business)",2,Urban,No,No,No,No,Mother tongue / Very well,Very confident — I can do these tasks easily on my own,Citizen of this country,0,1,0,0,0,0,0,0,No,Not applicable,I am not considering to buy a new car in the next 2 -3 years,Not applicable,Not applicable,Not sure,Somewhat likely,Walking,Not applicable,Between 1 km and 5 km,Never I mostly work from home,"No, I am working/studying full-time from home and do not commute",Good,No difference,16.1,2.9,544,5,26700972,1067172,13.0,1528.212325,14672504154,No/Non-religious,Yes,Yes,Not applicable,47.0,45-59,1_Low,3,"Couple, no children",4,0
Spain,Andalusia,25,25,25,25,25,25,25.0,5,Woman,Primary or Secondary education,"Attending school, university, or other educational/training programmes",1,Urban,Yes,No,No,No,Well,Very confident — I can do these tasks easily on my own,Non-EU citizen,1,0,0,0,0,0,0,0,Yes,Diesel,I cannot afford a new car in the next 2-3 years,Not applicable,Not applicable,No,Likely,"Collective public transport (bus, tram, train, metro, ferry etc.)",Not applicable,Between 1 km and 5 km,Three or more days per week,Yes,Very good,Possibly,16.1,2.9,544,5,26700972,1067172,13.0,1528.212325,14672504154,No/Non-religious,No,No,2010-2019,22.0,18-29,1_Low,1,Lives alone,5,1
Spain,Valencian Community,25,25,25,25,25,16,23.5,5,Woman,Primary or Secondary education,"Attending school, university, or other educational/training programmes",3,Rural,No,No,No,No,Well,Very confident — I can do these tasks easily on my own,EU citizen from another country,0,0,0,0,1,0,0,0,Yes,Diesel,I cannot afford a new car in the next 2-3 years,Not applicable,Not applicable,Not sure,Very likely,"Collective public transport (bus, tram, train, metro, ferry etc.)",Not applicable,More than 15 km,Three or more days per week,Yes,Average,No difference,16.1,2.9,544,5,26700972,1067172,13.0,1528.212325,14672504154,No/Non-religious,No,Yes,2020+,18.0,18-29,1_Low,4,Multi-generational / extended,3,2
Spain,Community of Madrid,12,3,3,3,3,3,4.5,1,Woman,"University degree or higher (e.g. Bachelor's, Master's, PhD)","In paid employment or self-employment (including part-time work, temporary absence from work, or helping in a family business)",1,Urban,No,No,No,No,Mother tongue / Very well,Very confident — I can do these tasks easily on my own,Citizen of this country,1,0,0,0,0,0,0,0,No,Not applicable,I am considering to buy a new car in the next 2 -3 years,Hybrid (fuel and electric),Maybe,Not sure,Somewhat likely,"Collective public transport (bus, tram, train, metro, ferry etc.)",Not applicable,Between 1 km and 5 km,Twice per week,Yes,Good,No difference,16.1,2.9,544,5,26700972,1067172,13.0,1528.212325,14672504154,No/Non-religious,No,No,Not applicable,37.0,30-44,2_Medium,4,Lives alone,4,0
Italy,Lazio,16,9,16,15,4,20,13.333333333333334,3,Woman,"University degree or higher (e.g. Bachelor's, Master's, PhD)","In paid employment or self-employment (including part-time work, temporary absence from work, or helping in a family business)",2,Urban,No,Yes,No,No,Well,Very confident — I can do these tasks easily on my own,Citizen of this country,0,1,0,0,0,0,0,0,Yes,Other or unknown,I am not considering to buy a new car in the next 2 -3 years,Not applicable,Not applicable,No,Likely,"Collective public transport (bus, tram, train, metro, ferry etc.)",Not applicable,Between 5km and 15 km,Once per week,Yes,Very poor,"Yes, definitely",16.7,2.1,701,2590,41340516,1592098,14.7,1789.28,6199893248,No/Non-religious,Yes,Yes,2010-2019,38.0,30-44,1_Low,5,"Couple, no children",3,1
Italy,Tuscany,25,12,20,15,15,25,18.666666666666668,5,Woman,"University degree or higher (e.g. Bachelor's, Master's, PhD)",Unemployed (actively seeking work or available to start work),2,Urban,Yes,Yes,No,No,Mother tongue / Very well,Very confident — I can do these tasks easily on my own,Citizen of this country,0,0,0,0,0,0,1,0,Yes,Hybrid (fuel and electric),I cannot afford a new car in the next 2-3 years,Not applicable,Not applicable,No,Somewhat likely,"Car (private, company, leased car or taxi, car share)",Always,Between 1 km and 5 km,Three or more days per week,Yes,Very poor,No difference,16.7,2.1,701,2590,41340516,1592098,14.7,1789.28,6199893248,No/Non-religious,No,Yes,Not applicable,42.0,30-44,3_High,1,Multi-generational / extended,5,1
Spain,Castile-La Mancha,16,15,20,20,6,16,15.5,4,Woman,"University degree or higher (e.g. Bachelor's, Master's, PhD)",Unemployed (actively seeking work or available to start work),2,Urban,No,No,No,No,Well,Very confident — I can do these tasks easily on my own,Citizen of this country,0,1,0,0,0,0,0,0,Yes,Diesel,I am not considering to buy a new car in the next 2 -3 years,Not applicable,Not applicable,Yes,Very likely,Walking,Not applicable,Between 1 km and 5 km,Never I mostly work from home,Yes,Average,No difference,16.1,2.9,544,5,26700972,1067172,13.0,1528.212325,14672504154,No/Non-religious,Yes,Yes,pre-2010,35.0,30-44,2_Medium,2,"Couple, no children",5,1
Spain,Canary Islands,20,12,10,12,20,25,16.5,4,Woman,Primary or Secondary education,"Attending school, university, or other educational/training programmes",4,Suburban,No,No,No,No,Well,Very confident — I can do these tasks easily on my own,Citizen of this country,0,0,0,0,0,0,0,1,No,Not applicable,I cannot afford a new car in the next 2-3 years,Not applicable,Not applicable,No,Somewhat likely,"Collective public transport (bus, tram, train, metro, ferry etc.)",Not applicable,Between 1 km and 5 km,Three or more days per week,Yes,Average,No difference,16.1,2.9,544,5,26700972,1067172,13.0,1528.212325,14672504154,No/Non-religious,Yes,Yes,Not applicable,18.0,18-29,1_Low,3,Other shared,3,0
Italy,Piedmont,12,6,16,16,9,20,13.166666666666666,3,Woman,Primary or Secondary education,"Attending school, university, or other educational/training programmes",4,Urban,No,No,No,No,Well,Very confident — I can do these tasks easily on my own,Citizen of this country,0,0,0,0,1,0,0,0,Yes,Petrol,I cannot afford a new car in the next 2-3 years,Not applicable,Not applicable,Not sure,Likely,Walking,Not applicable,Between 1 km and 5 km,Three or more days per week,Yes,Average,No difference,16.7,2.1,701,2590,41340516,1592098,14.7,1789.28,6199893248,No/Non-religious,Yes,Yes,2020+,20.0,18-29,2_Medium,4,Multi-generational / extended,4,2
Italy,Apulia,16,9,9,12,16,9,11.833333333333334,3,Man,"University degree or higher (e.g. Bachelor's, Master's, PhD)","In paid employment or self-employment (including part-time work, temporary absence from work, or helping in a family business)",5,Suburban,No,No,No,No,Well,Very confident — I can do these tasks easily on my own,Citizen of this country,0,0,0,1,1,0,0,0,Yes,Hybrid (fuel and electric),I am considering to buy a new car in the next 2 -3 years,Hybrid (fuel and electric),"Yes, definitely",No,Somewhat likely,"Car (private, company, leased car or taxi, car share)",Never,Between 1 km and 5 km,Three or more days per week,Yes,Poor,"Yes, definitely",16.7,2.1,701,2590,41340516,1592098,14.7,1789.28,6199893248,No/Non-religious,Yes,Yes,2020+,30.0,30-44,3_High,2,Single parent,3,3
Italy,Veneto,16,6,12,10,2,1,7.833333333333333,1,Woman,"University degree or higher (e.g. Bachelor's, Master's, PhD)","In paid employment or self-employment (including part-time work, temporary absence from work, or helping in a family business)",2,Rural,No,No,No,No,Mother tongue / Very well,Very confident — I can do these tasks easily on my own,Citizen of this country,0,1,0,0,0,0,0,0,Yes,Hybrid (fuel and electric),I am not considering to buy a new car in the next 2 -3 years,Not applicable,Not applicable,Not sure,Likely,"Car (private, company, leased car or taxi, car share)",Sometimes,Between 5km and 15 km,Never I mostly work from home,"No, I am working/studying full-time from home and do not commute",Poor,"Yes, definitely",16.7,2.1,701,2590,41340516,1592098,14.7,1789.28,6199893248,No/Non-religious,Yes,Yes,2020+,30.0,30-44,3_High,6,"Couple, no children",5,3
Italy,Lazio,25,25,25,25,25,25,25.0,5,Woman,"University degree or higher (e.g. Bachelor's, Master's, PhD)","In paid employment or self-employment (including part-time work, temporary absence from work, or helping in a family business)",4,Urban,No,No,No,No,Mother tongue / Very well,Very confident — I can do these tasks easily on my own,Citizen of this country,0,1,1,0,0,0,0,0,Yes,Diesel,I am considering to buy a new car in the next 2 -3 years,Hybrid (fuel and electric),"Yes, definitely",Yes,Likely,"Car (private, company, leased car or taxi, car share)",Sometimes,Between 5km and 15 km,Three or more days per week,Yes,Average,No difference,16.7,2.1,701,2590,41340516,1592098,14.7,1789.28,6199893248,No/Non-religious,No,No,2010-2019,26.0,18-29,3_High,7,Couple with children,3,1
Italy,Umbria,9,4,9,4,4,4,5.666666666666667,1,Woman,"University degree or higher (e.g. Bachelor's, Master's, PhD)",Unemployed (actively seeking work or available to start work),2,Rural,No,No,No,No,Well,Very confident — I can do these tasks easily on my own,Citizen of this country,0,1,0,0,0,0,0,0,Yes,Petrol,I am not considering to buy a new car in the next 2 -3 years,Not applicable,Not applicable,Not sure,Somewhat unlikely,"Car (private, company, leased car or taxi, car share)",Always,More than 15 km,Never I mostly work from home,No,Very poor,No difference,16.7,2.1,701,2590,41340516,1592098,14.7,1789.28,6199893248,No/Non-religious,Yes,Yes,2010-2019,30.0,30-44,2_Medium,2,"Couple, no children",3,2
Italy,Veneto,20,15,12,20,6,15,14.666666666666666,4,Woman,"University degree or higher (e.g. Bachelor's, Master's, PhD)",Unemployed (actively seeking work or available to start work),1,Urban,No,Yes,No,No,Well,Very confident — I can do these tasks easily on my own,Citizen of this country,1,0,0,0,0,0,0,0,Yes,Petrol,I am considering to buy a new car in the next 2 -3 years,Hybrid (fuel and electric),"Yes, definitely",Not sure,Very likely,Walking,Not applicable,Less than 1 km,Three or more days per week,Yes,Average,No difference,16.7,2.1,701,2590,41340516,1592098,14.7,1789.28,6199893248,No/Non-religious,Yes,Yes,pre-2010,33.0,30-44,2_Medium,2,Lives alone,5,1
Italy,Campania,16,8,12,25,16,9,14.333333333333334,4,Woman,Primary or Secondary education,"In paid employment or self-employment (including part-time work, temporary absence from work, or helping in a family business)",4,Urban,No,No,No,No,Well,Very confident — I can do these tasks easily on my own,Citizen of this country,0,0,0,0,1,0,1,0,Yes,Diesel,I am not considering to buy a new car in the next 2 -3 years,Not applicable,Not applicable,No,Somewhat likely,"Collective public transport (bus, tram, train, metro, ferry etc.)",Not applicable,Between 1 km and 5 km,Three or more days per week,Yes,Average,No difference,16.7,2.1,701,2590,41340516,1592098,14.7,1789.28,6199893248,No/Non-religious,Yes,Yes,2020+,26.0,18-29,2_Medium,3,Multi-generational / extended,4,1
Spain,Andalusia,12,16,20,25,25,16,19.0,5,Woman,"University degree or higher (e.g. Bachelor's, Master's, PhD)","Attending school, university, or other educational/training programmes",4,Urban,No,No,Yes,No,Well,Very confident — I can do these tasks easily on my own,Citizen of this country,0,1,0,0,1,0,0,0,Yes,Diesel,I am not considering to buy a new car in the next 2 -3 years,Not applicable,Not applicable,No,Somewhat likely,"Car (private, company, leased car or taxi, car share)",Sometimes,Between 1 km and 5 km,Three or more days per week,Yes,Poor,No difference,16.1,2.9,544,5,26700972,1067172,13.0,1528.212325,14672504154,No/Non-religious,Yes,Yes,2010-2019,28.0,18-29,2_Medium,2,"Couple, no children",3,1
Italy,Campania,20,6,20,20,20,25,18.5,5,Woman,Primary or Secondary education,"Attending school, university, or other educational/training programmes",4,Urban,No,No,No,No,Well,Very confident — I can do these tasks easily on my own,Citizen of this country,0,0,0,0,1,0,0,0,Yes,Diesel,I am considering to buy a new car in the next 2 -3 years,I don't know,Maybe,Not sure,Likely,"Collective public transport (bus, tram, train, metro, ferry etc.)",Not applicable,Between 1 km and 5 km,Three or more days per week,Yes,Average,Possibly,16.7,2.1,701,2590,41340516,1592098,14.7,1789.28,6199893248,No/Non-religious,Yes,No,2010-2019,19.0,18-29,1_Low,1,Multi-generational / extended,4,1
Italy,Lombardy,8,20,25,25,25,12,19.166666666666668,5,Woman,"University degree or higher (e.g. Bachelor's, Master's, PhD)","In paid employment or self-employment (including part-time work, temporary absence from work, or helping in a family business)",2,Urban,Yes,No,Yes,Prefer not to say,Mother tongue / Very well,Very confident — I can do these tasks easily on my own,Citizen of this country,0,1,0,0,0,0,0,0,Yes,Hybrid (fuel and electric),I am not considering to buy a new car in the next 2 -3 years,Not applicable,Not applicable,No,Likely,"Collective public transport (bus, tram, train, metro, ferry etc.)",Not applicable,More than 15 km,Three or more days per week,Yes,Average,Possibly,16.7,2.1,701,2590,41340516,1592098,14.7,1789.28,6199893248,No/Non-religious,Yes,No,2020+,29.0,18-29,3_High,4,"Couple, no children",4,2
Italy,Sicily,9,1,4,4,1,25,7.333333333333333,1,Man,Primary or Secondary education,"Attending school, university, or other educational/training programmes",4,Urban,No,Prefer not to say,Prefer not to say,Prefer not to say,Mother tongue / Very well,Very confident — I can do these tasks easily on my own,Citizen of this country,0,0,0,0,1,0,1,0,Yes,Diesel,I am not considering to buy a new car in the next 2 -3 years,Not applicable,Not applicable,Yes,Not sure,"Collective public transport (bus, tram, train, metro, ferry etc.)",Not applicable,Between 1 km and 5 km,Three or more days per week,No,Average,Possibly,16.7,2.1,701,2590,41340516,1592098,14.7,1789.28,6199893248,Prefer not to say,Yes,Yes,pre-2010,23.0,18-29,3_High,1,Multi-generational / extended,5,3
Spain,Andalusia,15,25,25,25,25,20,22.5,5,Woman,"University degree or higher (e.g. Bachelor's, Master's, PhD)","In paid employment or self-employment (including part-time work, temporary absence from work, or helping in a family business)",3,Rural,No,No,No,No,Well,Very confident — I can do these tasks easily on my own,EU citizen from another country,0,1,1,0,0,0,0,0,Yes,Diesel,I am considering to buy a new car in the next 2 -3 years,Hybrid (fuel and electric),"Yes, definitely",Not sure,Very likely,Walking,Not applicable,Between 1 km and 5 km,Three or more days per week,Yes,Average,"Yes, definitely",16.1,2.9,544,5,26700972,1067172,13.0,1528.212325,14672504154,No/Non-religious,No,Yes,pre-2010,43.0,30-44,2_Medium,2,Couple with children,5,1
Spain,Andalusia,25,10,16,12,4,25,15.333333333333334,4,Woman,"University degree or higher (e.g. Bachelor's, Master's, PhD)",Unemployed (actively seeking work or available to start work),3,Suburban,No,No,No,No,Well,Very confident — I can do these tasks easily on my own,Citizen of this country,0,0,1,0,0,0,0,0,Yes,Petrol,I am considering to buy a new car in the next 2 -3 years,Electric,Not applicable,No,Very likely,"Collective public transport (bus, tram, train, metro, ferry etc.)",Not applicable,More than 15 km,Three or more days per week,Yes,Good,"Yes, definitely",16.1,2.9,544,5,26700972,1067172,13.0,1528.212325,14672504154,No/Non-religious,Yes,Yes,pre-2010,49.0,45-59,3_High,2,Single parent,5,3
Italy,Sicily,20,16,25,16,25,8,18.333333333333332,5,Woman,"University degree or higher (e.g. Bachelor's, Master's, PhD)","In paid employment or self-employment (including part-time work, temporary absence from work, or helping in a family business)",2,Suburban,No,No,No,No,Mother tongue / Very well,Very confident — I can do these tasks easily on my own,Citizen of this country,0,1,0,0,0,0,0,0,No,Not applicable,I am considering to buy a new car in the next 2 -3 years,Hybrid (fuel and electric),"Yes, definitely",No,Very likely,"Car (private, company, leased car or taxi, car share)",Never,Between 5km and 15 km,Three or more days per week,Yes,Average,Possibly,16.7,2.1,701,2590,41340516,1592098,14.7,1789.28,6199893248,No/Non-religious,Yes,No,Not applicable,37.0,30-44,2_Medium,3,"Couple, no children",4,0
